ingredient_name,drug_concept_id,drug_concept_name,concept_class_id,vocabulary_id,dose_form
nifedipine,21172623,Nifedipine 5 MG Oral Capsule [Adalat] by Bayer,Marketed Product,RxNorm Extension,Oral Capsule
nifedipine,21044954,Nifedipine 10 MG Extended Release Oral Tablet Box of 56 by Niche,Marketed Product,RxNorm Extension,Extended Release Oral Tablet
nifedipine,21025348,Nifedipine 30 MG Extended Release Oral Tablet by DE,Marketed Product,RxNorm Extension,Extended Release Oral Tablet
nifedipine,41310684,Nifedipine 20 MG Extended Release Oral Tablet [Nife Basf],Branded Drug,RxNorm Extension,Extended Release Oral Tablet
nifedipine,41165595,Nifedipine 60 MG Extended Release Oral Tablet [Nifehexal] Box of 50 by Novartis,Marketed Product,RxNorm Extension,Extended Release Oral Tablet
nifedipine,40725321,Nifedipine 30 MG Extended Release Oral Tablet [Adalat LA] by Sigma,Marketed Product,RxNorm Extension,Extended Release Oral Tablet
nifedipine,35130613,1 ML Nifedipine 10 MG/ML Oral Granules,Quant Clinical Drug,RxNorm Extension,Oral Granules
nifedipine,43184630,Nifedipine 30 MG Extended Release Oral Tablet [NIFEDIPINE RANBAXY] Box of 30,Branded Drug Box,RxNorm Extension,Extended Release Oral Tablet
nifedipine,21152997,Nifedipine 20 MG Extended Release Oral Tablet [Adipin] Box of 56 by Chiesi,Marketed Product,RxNorm Extension,Extended Release Oral Tablet
nifedipine,21074553,Nifedipine 20 MG Extended Release Oral Tablet [Adalat LA] by DE,Marketed Product,RxNorm Extension,Extended Release Oral Tablet
nifedipine,41389473,30 ML Nifedipine 0.667 MG/ML Oral Solution [Aprical] Box of 20 by Shire,Marketed Product,RxNorm Extension,Oral Solution
nifedipine,41289994,Nifedipine 20 MG Extended Release Oral Capsule Box of 50 by Sanol,Marketed Product,RxNorm Extension,Extended Release Oral Capsule
nifedipine,40884530,Nifedipine 20 MG Extended Release Oral Capsule Box of 50 by Ratiopharm,Marketed Product,RxNorm Extension,Extended Release Oral Capsule
nifedipine,41248595,Nifedipine 20 MG Extended Release Oral Capsule [Corotrend] Box of 100,Branded Drug Box,RxNorm Extension,Extended Release Oral Capsule
nifedipine,37593317,Nifedipine 20 MG Extended Release Oral Capsule [Aprical] by Shire,Marketed Product,RxNorm Extension,Extended Release Oral Capsule
nifedipine,41240862,Nifedipine 10 MG Extended Release Oral Tablet Box of 30,Clinical Drug Box,RxNorm Extension,Extended Release Oral Tablet
nifedipine,41186204,Nifedipine 10 MG Extended Release Oral Tablet [Pidilat] Box of 100,Branded Drug Box,RxNorm Extension,Extended Release Oral Tablet
nifedipine,41134383,Nifedipine 20 MG Extended Release Oral Tablet [Adalat] Box of 30 by Bayer,Marketed Product,RxNorm Extension,Extended Release Oral Tablet
nifedipine,41071545,Nifedipine 10 MG Extended Release Oral Tablet [Corinfar] Box of 100 by TEVA,Marketed Product,RxNorm Extension,Extended Release Oral Tablet
nifedipine,41029746,Nifedipine 20 MG Extended Release Oral Tablet [Nifedipin Al] Box of 50,Branded Drug Box,RxNorm Extension,Extended Release Oral Tablet
nifedipine,40946806,Nifedipine 10 MG Extended Release Oral Tablet [Corinfar] Box of 30 by TEVA,Marketed Product,RxNorm Extension,Extended Release Oral Tablet
nifedipine,40915460,Nifedipine 10 MG Oral Capsule [Adalat] Box of 30 by Kohlpharma,Marketed Product,RxNorm Extension,Oral Capsule
nifedipine,36419774,Nifedipine 50 MG Extended Release Oral Tablet Box of 100,Clinical Drug Box,RxNorm Extension,Extended Release Oral Tablet
nifedipine,36947225,nifedipine 10 MG Oral Capsule Box of 84 by Pharma Strides,Marketed Product,RxNorm Extension,Oral Capsule
nifedipine,41217577,Nifedipine 20 MG Extended Release Oral Tablet [Nife-Ct] Box of 50,Branded Drug Box,RxNorm Extension,Extended Release Oral Tablet
labetalol,21095497,Labetalol 2 MG/ML Oral Suspension,Clinical Drug,RxNorm Extension,Oral Suspension
nifedipine,40725319,Nifedipine 30 MG Extended Release Oral Tablet [Adalat LA] Box of 28 by Sigma,Marketed Product,RxNorm Extension,Extended Release Oral Tablet
nifedipine,41009143,Nifedipine 40 MG Extended Release Oral Tablet [Cordicant] Box of 100 by Mundipharma,Marketed Product,RxNorm Extension,Extended Release Oral Tablet
nifedipine,41321279,Nifedipine 5 MG Oral Capsule Box of 100 by Ratiopharm,Marketed Product,RxNorm Extension,Oral Capsule
nifedipine,21103919,Nifedipine 30 MG Extended Release Oral Tablet Box of 28 by Sigma-Tau,Marketed Product,RxNorm Extension,Extended Release Oral Tablet
nifedipine,40946810,Nifedipine 10 MG Oral Capsule [Nifedipin Al] Box of 30 by Aliud,Marketed Product,RxNorm Extension,Oral Capsule
nifedipine,21143125,Nifedipine 20 MG Extended Release Oral Tablet [Adalat] Box of 60 by Sigma-Tau,Marketed Product,RxNorm Extension,Extended Release Oral Tablet
labetalol,21085738,Labetalol 100 MG Oral Tablet by Mylan,Marketed Product,RxNorm Extension,Oral Tablet
nifedipine,41134359,Nifedipine 5 MG Oral Capsule [Nifedipin Stada] Box of 20 by Stada,Marketed Product,RxNorm Extension,Oral Capsule
nifedipine,41258867,Nifedipine 10 MG Oral Capsule [Adalat] Box of 50 by Kohlpharma,Marketed Product,RxNorm Extension,Oral Capsule
nifedipine,41258863,Nifedipine 10 MG Oral Capsule [Nifedipin Basics] Box of 100 by Basics,Marketed Product,RxNorm Extension,Oral Capsule
nifedipine,35887769,nifedipine 10 MG Oral Capsule Box of 84 by Medihealth,Marketed Product,RxNorm Extension,Oral Capsule
nifedipine,41388114,30 ML Nifedipine 10 MG/ML Oral Solution,Quant Clinical Drug,RxNorm Extension,Oral Solution
nifedipine,41029707,Nifedipine 40 MG Oral Tablet [Nifedipin Sandoz] Box of 50,Branded Drug Box,RxNorm Extension,Oral Tablet
nifedipine,41389053,30 ML Nifedipine 20 MG/ML Oral Solution [Pidilat] Box of 1,Quant Branded Box,RxNorm Extension,Oral Solution
nifedipine,40936243,Nifedipine 20 MG Oral Tablet [Nife Abz] Box of 50,Branded Drug Box,RxNorm Extension,Oral Tablet
nifedipine,43665357,30 ML Nifedipine 20 MG/ML Oral Solution [Nifedipin-ratiopharm] by Ratiopharm,Marketed Product,RxNorm Extension,Oral Solution
labetalol,21124774,Labetalol 100 MG Oral Tablet Box of 56 by Sigma-Tau,Marketed Product,RxNorm Extension,Oral Tablet
nifedipine,40853293,Nifedipine 30 MG Oral Tablet [Nife-Ct] Box of 100 by AbZ-Pharma,Marketed Product,RxNorm Extension,Oral Tablet
nifedipine,40831764,Nifedipine Oral Tablet [Cordicant],Branded Drug Form,RxNorm Extension,Oral Tablet
labetalol,43256171,Labetalol 200 MG Oral Tablet Box of 100,Clinical Drug Box,RxNorm Extension,Oral Tablet
nifedipine,41123662,Nifedipine 10 MG Oral Tablet [Nifedipin Basics] Box of 30,Branded Drug Box,RxNorm Extension,Oral Tablet
nifedipine,41123652,Nifedipine 40 MG Oral Tablet [Duranifin] Box of 50,Branded Drug Box,RxNorm Extension,Oral Tablet
nifedipine,35868163,nifedipine 10 MG Oral Tablet [Degaoning],Branded Drug,RxNorm Extension,Oral Tablet
nifedipine,41258893,Nifedipine 20 MG Oral Tablet [Nife Basf] Box of 30 by Novartis,Marketed Product,RxNorm Extension,Oral Tablet
nifedipine,41029740,Nifedipine 30 MG Oral Tablet [Adalat] Box of 28,Branded Drug Box,RxNorm Extension,Oral Tablet
nifedipine,41092498,Nifedipine 20 MG Oral Tablet [Nifedipin Al] Box of 50,Branded Drug Box,RxNorm Extension,Oral Tablet
nifedipine,40977803,Nifedipine 10 MG Oral Tablet [Nifehexal] Box of 30 by Novartis,Marketed Product,RxNorm Extension,Oral Tablet
nifedipine,41279364,Nifedipine 50 MG Oral Tablet [Corinfar] Box of 50,Branded Drug Box,RxNorm Extension,Oral Tablet
nifedipine,40823567,Nifedipine Oral Tablet [Nifelat],Branded Drug Form,RxNorm Extension,Oral Tablet
labetalol,35750868,Labetalol 200 MG Delayed Release Oral Tablet Box of 56 by Actavis,Marketed Product,RxNorm Extension,Delayed Release Oral Tablet
labetalol,36783893,Labetalol 100 MG Delayed Release Oral Tablet [Trandate] Box of 75,Branded Drug Box,RxNorm Extension,Delayed Release Oral Tablet
nifedipine,21103908,Nifedipine 20 MG Extended Release Oral Tablet [Coroday MR] Box of 56 by Mylan,Marketed Product,RxNorm Extension,Extended Release Oral Tablet
nifedipine,21035085,Nifedipine 20 MG Extended Release Oral Tablet Box of 56 by A A H,Marketed Product,RxNorm Extension,Extended Release Oral Tablet
nifedipine,41279354,Nifedipine 5 MG Oral Capsule [Nifedipat] Box of 100,Branded Drug Box,RxNorm Extension,Oral Capsule
nifedipine,41310672,Nifedipine 20 MG Extended Release Oral Tablet [Pidilat] Box of 20,Branded Drug Box,RxNorm Extension,Extended Release Oral Tablet
nifedipine,41186249,Nifedipine 20 MG Extended Release Oral Tablet [Nifedipin Pb] Box of 30,Branded Drug Box,RxNorm Extension,Extended Release Oral Tablet
nifedipine,41178442,Nifedipine 10 MG Extended Release Oral Tablet Box of 20,Clinical Drug Box,RxNorm Extension,Extended Release Oral Tablet
nifedipine,36271425,Nifedipine 30 MG Extended Release Oral Capsule [NIFEDIPINE EG] Box of 28 by Eurogenerics,Marketed Product,RxNorm Extension,Extended Release Oral Capsule
nifedipine,41387642,30 ML Nifedipine 20 MG/ML Oral Solution [Aprical] Box of 10,Quant Branded Box,RxNorm Extension,Oral Solution
nifedipine,40874026,Nifedipine 20 MG Extended Release Oral Capsule [Nifedipin Al] Box of 30,Branded Drug Box,RxNorm Extension,Extended Release Oral Capsule
nifedipine,41123695,Nifedipine 20 MG Extended Release Oral Capsule [Nife Puren] Box of 20,Branded Drug Box,RxNorm Extension,Extended Release Oral Capsule
nifedipine,40946804,Nifedipine 10 MG Extended Release Oral Tablet [Nifedipin Pb] Box of 30 by Docpharm,Marketed Product,RxNorm Extension,Extended Release Oral Tablet
nifedipine,40925185,Nifedipine Extended Release Oral Capsule [Jutadilat],Branded Drug Form,RxNorm Extension,Extended Release Oral Capsule
nifedipine,35787572,100 ML Nifedipine 2 MG/ML Oral Suspension by Drug Tariff Special Order,Marketed Product,RxNorm Extension,Oral Suspension
nifedipine,41186218,Nifedipine 10 MG Oral Capsule [Nifehexal] Box of 50,Branded Drug Box,RxNorm Extension,Oral Capsule
nifedipine,41092471,Nifedipine 10 MG Oral Capsule [Cordicant] Box of 400,Branded Drug Box,RxNorm Extension,Oral Capsule
nifedipine,41021842,Nifedipine 40 MG Extended Release Oral Tablet Box of 100,Clinical Drug Box,RxNorm Extension,Extended Release Oral Tablet
nifedipine,40946835,Nifedipine 20 MG Extended Release Oral Tablet [Nifedipin Basics] Box of 100 by Basics,Marketed Product,RxNorm Extension,Extended Release Oral Tablet
nifedipine,40874018,Nifedipine 0.667 MG/ML Oral Solution [Pidilat] Box of 5,Branded Drug Box,RxNorm Extension,Oral Solution
nifedipine,41310689,Nifedipine 20 MG Extended Release Oral Tablet [Corinfar] Box of 100,Branded Drug Box,RxNorm Extension,Extended Release Oral Tablet
nifedipine,40967382,Nifedipine 20 MG Extended Release Oral Tablet [Mtw Nifedipin],Branded Drug,RxNorm Extension,Extended Release Oral Tablet
nifedipine,40998722,Nifedipine 20 MG Extended Release Oral Tablet [Pidilat] Box of 500,Branded Drug Box,RxNorm Extension,Extended Release Oral Tablet
nifedipine,40998677,Nifedipine 40 MG Extended Release Oral Tablet [Cisday] Box of 20,Branded Drug Box,RxNorm Extension,Extended Release Oral Tablet
nifedipine,41228093,Nifedipine 20 MG Extended Release Oral Tablet [Nife Basf] Box of 100 by Novartis,Marketed Product,RxNorm Extension,Extended Release Oral Tablet
nifedipine,41155125,Nifedipine 10 MG Extended Release Oral Tablet [Nifehexal] Box of 100,Branded Drug Box,RxNorm Extension,Extended Release Oral Tablet
nifedipine,41102935,Nifedipine 40 MG Extended Release Oral Tablet [Cisday] Box of 100 by Novartis,Marketed Product,RxNorm Extension,Extended Release Oral Tablet
labetalol,21154520,Labetalol 400 MG Oral Tablet Box of 56 by Mylan,Marketed Product,RxNorm Extension,Oral Tablet
nifedipine,41310632,Nifedipine 60 MG Extended Release Oral Tablet [Adalat] Box of 100,Branded Drug Box,RxNorm Extension,Extended Release Oral Tablet
nifedipine,40853317,Nifedipine 20 MG Extended Release Oral Tablet Box of 50 by Acis,Marketed Product,RxNorm Extension,Extended Release Oral Tablet
nifedipine,41248578,Nifedipine 5 MG Oral Capsule [Nifehexal] Box of 20,Branded Drug Box,RxNorm Extension,Oral Capsule
nifedipine,41134349,Nifedipine 10 MG Oral Capsule [Nifedipin Al] Box of 100 by Aliud,Marketed Product,RxNorm Extension,Oral Capsule
nifedipine,21162894,Nifedipine 60 MG Extended Release Oral Tablet [Valni] Box of 28,Branded Drug Box,RxNorm Extension,Extended Release Oral Tablet
nifedipine,21035086,Nifedipine 20 MG Extended Release Oral Tablet [Nifopress Retard] Box of 112 by AMCo,Marketed Product,RxNorm Extension,Extended Release Oral Tablet
nifedipine,41009171,Nifedipine 20 MG Extended Release Oral Tablet [Nifedipin Stada] Box of 50 by Stada,Marketed Product,RxNorm Extension,Extended Release Oral Tablet
nifedipine,41009189,Nifedipine 20 MG Oral Capsule Box of 30 by Ratiopharm,Marketed Product,RxNorm Extension,Oral Capsule
nifedipine,40853278,Nifedipine 10 MG Oral Capsule [Nifedipin Verla] Box of 20 by Verla,Marketed Product,RxNorm Extension,Oral Capsule
nifedipine,40998714,Nifedipine 5 MG Oral Capsule [Duranifin] Box of 500,Branded Drug Box,RxNorm Extension,Oral Capsule
nifedipine,40967364,Nifedipine 5 MG Oral Capsule [Nife-Ct] Box of 100,Branded Drug Box,RxNorm Extension,Oral Capsule
nifedipine,40998736,Nifedipine 20 MG Oral Capsule [Pidilat] Box of 100,Branded Drug Box,RxNorm Extension,Oral Capsule
nifedipine,40823781,Nifedipine 10 MG Oral Capsule [Nifehexal] Box of 20 by Novartis,Marketed Product,RxNorm Extension,Oral Capsule
nifedipine,41279328,Nifedipine 40 MG Oral Tablet [Corinfar] Box of 100,Branded Drug Box,RxNorm Extension,Oral Tablet
labetalol,41303351,Labetalol 200 MG Oral Tablet Box of 1000,Clinical Drug Box,RxNorm Extension,Oral Tablet
nifedipine,41248610,Nifedipine 20 MG Oral Tablet [Duranifin],Branded Drug,RxNorm Extension,Oral Tablet
nifedipine,40977831,Nifedipine 20 MG Oral Capsule [Adalat] Box of 100 by Bayer,Marketed Product,RxNorm Extension,Oral Capsule
nifedipine,41289998,Nifedipine 20 MG Oral Tablet [Nifedipin Verla] Box of 50 by Verla,Marketed Product,RxNorm Extension,Oral Tablet
nifedipine,41165614,Nifedipine 10 MG Oral Tablet [Adalat] Box of 30 by Bayer,Marketed Product,RxNorm Extension,Oral Tablet
labetalol,36952936,labetalol 400 MG Oral Tablet Box of 56 by Medihealth,Marketed Product,RxNorm Extension,Oral Tablet
nifedipine,43206511,Nifedipine 20 MG Oral Tablet [Adalate] Box of 180,Branded Drug Box,RxNorm Extension,Oral Tablet
labetalol,21105355,Labetalol 400 MG Oral Tablet Box of 56 by Actavis,Marketed Product,RxNorm Extension,Oral Tablet
labetalol,21085736,Labetalol 400 MG Oral Tablet Box of 56 by Phoenix Labs,Marketed Product,RxNorm Extension,Oral Tablet
nifedipine,41248611,Nifedipine 20 MG Oral Tablet [Dignokonstant] Box of 50,Branded Drug Box,RxNorm Extension,Oral Tablet
nifedipine,40967329,Nifedipine 40 MG Oral Tablet [Cisday] Box of 100,Branded Drug Box,RxNorm Extension,Oral Tablet
nifedipine,41071540,Nifedipine 60 MG Oral Tablet Box of 30 by Ratiopharm,Marketed Product,RxNorm Extension,Oral Tablet
nifedipine,40928326,Nifedipine 20 MG Oral Tablet Box of 42,Clinical Drug Box,RxNorm Extension,Oral Tablet
nifedipine,40842828,Nifedipine 20 MG Oral Tablet [Corotrend] Box of 50,Branded Drug Box,RxNorm Extension,Oral Tablet
nifedipine,40946840,Nifedipine 20 MG Oral Tablet [Corotrend] Box of 100 by Novartis,Marketed Product,RxNorm Extension,Oral Tablet
labetalol,41187864,Labetalol 200 MG Oral Tablet [Trandate] Box of 25,Branded Drug Box,RxNorm Extension,Oral Tablet
nifedipine,41123689,Nifedipine 30 MG Oral Tablet [Adalat],Branded Drug,RxNorm Extension,Oral Tablet
nifedipine,41196989,Nifedipine 40 MG Oral Tablet [Cisday] Box of 100 by Novartis,Marketed Product,RxNorm Extension,Oral Tablet
nifedipine,41155177,Nifedipine 20 MG Oral Tablet [Mtw Nifedipin],Branded Drug,RxNorm Extension,Oral Tablet
nifedipine,35751471,Nifedipine 30 MG Delayed Release Oral Tablet Box of 28 by Mawdsley-Brooks,Marketed Product,RxNorm Extension,Delayed Release Oral Tablet
nifedipine,35768198,Nifedipine 30 MG Delayed Release Oral Tablet [Adalat LA] Box of 28 by Mawdsley-Brooks,Marketed Product,RxNorm Extension,Delayed Release Oral Tablet
nifedipine,21054780,Nifedipine 60 MG Extended Release Oral Tablet [Adalat LA] by Dowelhurst,Marketed Product,RxNorm Extension,Extended Release Oral Tablet
nifedipine,21054770,Nifedipine 10 MG Extended Release Oral Tablet by Ennogen,Marketed Product,RxNorm Extension,Extended Release Oral Tablet
nifedipine,21084236,Nifedipine 30 MG Extended Release Oral Tablet [Neozipine XL] Box of 28 by Kent,Marketed Product,RxNorm Extension,Extended Release Oral Tablet
nifedipine,35130935,Nifedipine Oral Granules [Sepamit],Branded Drug Form,RxNorm Extension,Oral Granules
nifedipine,41209875,Nifedipine 30 MG Extended Release Oral Tablet Box of 100,Clinical Drug Box,RxNorm Extension,Extended Release Oral Tablet
nifedipine,21123300,Nifedipine Extended Release Oral Tablet [Valni],Branded Drug Form,RxNorm Extension,Extended Release Oral Tablet
nifedipine,43747150,Nifedipine 20 MG Extended Release Oral Tablet [Nife-Ct] by AbZ-Pharma,Marketed Product,RxNorm Extension,Extended Release Oral Tablet
nifedipine,40998721,Nifedipine 20 MG Extended Release Oral Capsule [Corotrend] Box of 50,Branded Drug Box,RxNorm Extension,Extended Release Oral Capsule
nifedipine,36272916,Nifedipine 60 MG Extended Release Oral Capsule [NIFEDIPINE EG] Box of 56,Branded Drug Box,RxNorm Extension,Extended Release Oral Capsule
nifedipine,41258855,Nifedipine 10 MG Extended Release Oral Tablet [Nifedipin Verla] Box of 30 by Verla,Marketed Product,RxNorm Extension,Extended Release Oral Tablet
nifedipine,21087313,1 ML Nifedipine 20 MG/ML Oral Solution,Quant Clinical Drug,RxNorm Extension,Oral Solution
nifedipine,40853297,Nifedipine 20 MG Extended Release Oral Capsule [Aprical] Box of 100 by Amdipharm,Marketed Product,RxNorm Extension,Extended Release Oral Capsule
nifedipine,40725322,Nifedipine 30 MG Extended Release Oral Tablet Box of 28 by Sigma,Marketed Product,RxNorm Extension,Extended Release Oral Tablet
nifedipine,21054756,Nifedipine Oral Solution [Nifedipin-ratiopharm],Branded Drug Form,RxNorm Extension,Oral Solution
nifedipine,35831264,nifedipine 20 MG Extended Release Oral Tablet by Sawai,Marketed Product,RxNorm Extension,Extended Release Oral Tablet
nifedipine,36783386,Nifedipine 60 MG Extended Release Oral Tablet [NIFEDIPINE EG] Box of 98 by Eurogenerics,Marketed Product,RxNorm Extension,Extended Release Oral Tablet
nifedipine,41123672,Nifedipine 10 MG Oral Capsule [Corotrend],Branded Drug,RxNorm Extension,Oral Capsule
nifedipine,21152998,Nifedipine 20 MG Extended Release Oral Tablet [Nifopress MR] Box of 56 by TEVA,Marketed Product,RxNorm Extension,Extended Release Oral Tablet
nifedipine,21035114,Nifedipine 60 MG Extended Release Oral Tablet [Adalat LA] Box of 28 by DE,Marketed Product,RxNorm Extension,Extended Release Oral Tablet
nifedipine,41217521,Nifedipine 10 MG Extended Release Oral Tablet [Duranifin],Branded Drug,RxNorm Extension,Extended Release Oral Tablet
nifedipine,40977820,Nifedipine 20 MG Extended Release Oral Tablet [Nife-Ct] Box of 30 by AbZ-Pharma,Marketed Product,RxNorm Extension,Extended Release Oral Tablet
nifedipine,40915454,Nifedipine 10 MG Extended Release Oral Tablet [Corotrend] Box of 100 by Novartis,Marketed Product,RxNorm Extension,Extended Release Oral Tablet
nifedipine,40831765,Nifedipine Extended Release Oral Tablet [Cisday],Branded Drug Form,RxNorm Extension,Extended Release Oral Tablet
nifedipine,40725291,Nifedipine 60 MG Extended Release Oral Tablet [Nidef] Box of 28,Branded Drug Box,RxNorm Extension,Extended Release Oral Tablet
nifedipine,41310628,Nifedipine 40 MG Extended Release Oral Tablet [Dignokonstant],Branded Drug,RxNorm Extension,Extended Release Oral Tablet
nifedipine,41258890,Nifedipine 20 MG Extended Release Oral Tablet [Nifecor] Box of 100 by Betapharm,Marketed Product,RxNorm Extension,Extended Release Oral Tablet
nifedipine,41248613,Nifedipine 20 MG Extended Release Oral Tablet [Adalat] Box of 2000,Branded Drug Box,RxNorm Extension,Extended Release Oral Tablet
nifedipine,41217569,Nifedipine 20 MG Extended Release Oral Tablet [Nifedipin Ksk] Box of 100,Branded Drug Box,RxNorm Extension,Extended Release Oral Tablet
nifedipine,41196988,Nifedipine 40 MG Extended Release Oral Tablet [Corinfar] Box of 20 by TEVA,Marketed Product,RxNorm Extension,Extended Release Oral Tablet
nifedipine,41155134,Nifedipine 10 MG Oral Capsule [Nifehexal] Box of 30,Branded Drug Box,RxNorm Extension,Oral Capsule
nifedipine,41134373,Nifedipine 20 MG Extended Release Oral Tablet [Nifedipin Al] Box of 98 by Aliud,Marketed Product,RxNorm Extension,Extended Release Oral Tablet
nifedipine,40977781,Nifedipine 40 MG Extended Release Oral Tablet [Nife Wolff] Box of 50 by Wolff Bielefeld,Marketed Product,RxNorm Extension,Extended Release Oral Tablet
nifedipine,40936234,Nifedipine 20 MG Extended Release Oral Tablet [Nifelat] Box of 100,Branded Drug Box,RxNorm Extension,Extended Release Oral Tablet
nifedipine,41310645,Nifedipine 10 MG Oral Capsule [Corotrend] Box of 500,Branded Drug Box,RxNorm Extension,Oral Capsule
nifedipine,41289974,Nifedipine 10 MG Oral Capsule [Nifedipin Verla] Box of 30 by Verla,Marketed Product,RxNorm Extension,Oral Capsule
nifedipine,21113698,Nifedipine 20 MG Extended Release Oral Tablet [Valni] Box of 56,Branded Drug Box,RxNorm Extension,Extended Release Oral Tablet
nifedipine,21054773,Nifedipine 10 MG Extended Release Oral Tablet [Hypolar] Box of 56,Branded Drug Box,RxNorm Extension,Extended Release Oral Tablet
nifedipine,21113692,Nifedipine Extended Release Oral Tablet [Adanif XL],Branded Drug Form,RxNorm Extension,Extended Release Oral Tablet
nifedipine,21093979,Nifedipine 60 MG Extended Release Oral Tablet [Valni] Box of 28 by Zentiva,Marketed Product,RxNorm Extension,Extended Release Oral Tablet
nifedipine,21084237,Nifedipine 30 MG Extended Release Oral Tablet [Valni] Box of 28,Branded Drug Box,RxNorm Extension,Extended Release Oral Tablet
nifedipine,40823676,Nifedipine 40 MG Extended Release Oral Tablet [Nifedipin Stada] Box of 100,Branded Drug Box,RxNorm Extension,Extended Release Oral Tablet
nifedipine,40915462,Nifedipine 10 MG Oral Capsule Box of 30 by GDS,Marketed Product,RxNorm Extension,Oral Capsule
nifedipine,41155137,Nifedipine 10 MG Oral Capsule [Nifeclair] Box of 20,Branded Drug Box,RxNorm Extension,Oral Capsule
nifedipine,43845129,30 ML Nifedipine 20 MG/ML Oral Solution [Nifedipin-ratiopharm] Box of 30 by Ratiopharm,Marketed Product,RxNorm Extension,Oral Solution
nifedipine,40967360,Nifedipine 20 MG/ML Oral Solution [Aprical] Box of 10,Branded Drug Box,RxNorm Extension,Oral Solution
nifedipine,41279326,Nifedipine 40 MG Oral Tablet [Dignokonstant] Box of 100,Branded Drug Box,RxNorm Extension,Oral Tablet
nifedipine,43845127,30 ML Nifedipine 20 MG/ML Oral Solution [Nife-Ct] Box of 30,Quant Branded Box,RxNorm Extension,Oral Solution
nifedipine,41385193,30 ML Nifedipine 0.667 MG/ML Oral Solution [Aprical] Box of 2 by Medice,Marketed Product,RxNorm Extension,Oral Solution
nifedipine,40977817,Nifedipine 20 MG Oral Tablet [Nifehexal] Box of 50 by Novartis,Marketed Product,RxNorm Extension,Oral Tablet
nifedipine,41029712,Nifedipine 60 MG Oral Tablet [Nifehexal] Box of 100,Branded Drug Box,RxNorm Extension,Oral Tablet
labetalol,21146293,1 ML Labetalol 10 MG/ML Oral Solution,Quant Clinical Drug,RxNorm Extension,Oral Solution
nifedipine,40904957,Nifedipine 20 MG Oral Tablet [Nife-Ct] Box of 50,Branded Drug Box,RxNorm Extension,Oral Tablet
labetalol,21036627,Labetalol 200 MG Oral Tablet Box of 250,Clinical Drug Box,RxNorm Extension,Oral Tablet
nifedipine,40915489,Nifedipine 20 MG Oral Tablet [Cordicant] Box of 100 by Mundipharma,Marketed Product,RxNorm Extension,Oral Tablet
nifedipine,41321283,Nifedipine 20 MG Extended Release Oral Tablet [Pidilat] Box of 20 by Mylan,Marketed Product,RxNorm Extension,Extended Release Oral Tablet
nifedipine,41092505,Nifedipine 20 MG Extended Release Oral Tablet [Adalat] Box of 100,Branded Drug Box,RxNorm Extension,Extended Release Oral Tablet
nifedipine,40853315,Nifedipine 20 MG Extended Release Oral Tablet [Adalat] Box of 30 by Kohlpharma,Marketed Product,RxNorm Extension,Extended Release Oral Tablet
nifedipine,35161701,Nifedipine 5 MG Extended Release Oral Capsule [Emaberin],Branded Drug,RxNorm Extension,Extended Release Oral Capsule
nifedipine,43173760,Nifedipine Extended Release Oral Tablet [NIFEDIPINE EG],Branded Drug Form,RxNorm Extension,Extended Release Oral Tablet
nifedipine,35157107,Nifedipine 10 MG Extended Release Oral Capsule [Emaberin],Branded Drug,RxNorm Extension,Extended Release Oral Capsule
nifedipine,40904947,Nifedipine 20 MG Extended Release Oral Tablet [Pidilat] Box of 100,Branded Drug Box,RxNorm Extension,Extended Release Oral Tablet
nifedipine,40884534,Nifedipine 20 MG Extended Release Oral Tablet [Nifedipin Verla] Box of 20 by Verla,Marketed Product,RxNorm Extension,Extended Release Oral Tablet
nifedipine,41071558,Nifedipine 20 MG Extended Release Oral Capsule [Nifedipin Stada] Box of 500 by Stada,Marketed Product,RxNorm Extension,Extended Release Oral Capsule
nifedipine,35133721,Nifedipine 20 MG Extended Release Oral Tablet [Ramitalate],Branded Drug,RxNorm Extension,Extended Release Oral Tablet
nifedipine,41155167,Nifedipine 20 MG Extended Release Oral Tablet [Nifedipin Ksk] Box of 20,Branded Drug Box,RxNorm Extension,Extended Release Oral Tablet
nifedipine,41092457,Nifedipine 10 MG Extended Release Oral Tablet [Nifecor] Box of 20,Branded Drug Box,RxNorm Extension,Extended Release Oral Tablet
nifedipine,21035109,Nifedipine 30 MG Extended Release Oral Tablet [Hypolar],Branded Drug,RxNorm Extension,Extended Release Oral Tablet
nifedipine,21035108,Nifedipine 30 MG Extended Release Oral Tablet [Neozipine XL] Box of 28,Branded Drug Box,RxNorm Extension,Extended Release Oral Tablet
nifedipine,41186250,Nifedipine 20 MG Extended Release Oral Tablet [Nifedipin Pb],Branded Drug,RxNorm Extension,Extended Release Oral Tablet
nifedipine,40842826,Nifedipine 20 MG Extended Release Oral Tablet [Nife 1a Pharma],Branded Drug,RxNorm Extension,Extended Release Oral Tablet
nifedipine,41321290,Nifedipine 20 MG Extended Release Oral Tablet [Nifecor] Box of 100 by 3M,Marketed Product,RxNorm Extension,Extended Release Oral Tablet
nifedipine,41060899,Nifedipine 30 MG Extended Release Oral Tablet [Nife-Ct],Branded Drug,RxNorm Extension,Extended Release Oral Tablet
nifedipine,40725326,Nifedipine 30 MG Extended Release Oral Tablet [Nidef] by Morningside,Marketed Product,RxNorm Extension,Extended Release Oral Tablet
nifedipine,40904921,Nifedipine 10 MG Extended Release Oral Tablet [Nifecor] Box of 100,Branded Drug Box,RxNorm Extension,Extended Release Oral Tablet
nifedipine,21093972,Nifedipine 10 MG Extended Release Oral Tablet [Adalat] Box of 56 by Bayer,Marketed Product,RxNorm Extension,Extended Release Oral Tablet
nifedipine,21153037,Nifedipine 60 MG Extended Release Oral Tablet [Adalat LA] Box of 28 by Bayer,Marketed Product,RxNorm Extension,Extended Release Oral Tablet
nifedipine,21153003,Nifedipine 20 MG Extended Release Oral Tablet [Coroday MR] Box of 56,Branded Drug Box,RxNorm Extension,Extended Release Oral Tablet
nifedipine,40842786,Nifedipine 10 MG Oral Capsule [Nifelat] Box of 50,Branded Drug Box,RxNorm Extension,Oral Capsule
nifedipine,41279345,Nifedipine 10 MG Oral Capsule [Jutadilat] Box of 30,Branded Drug Box,RxNorm Extension,Oral Capsule
nifedipine,41060893,Nifedipine 5 MG Oral Capsule [Aprical] Box of 500,Branded Drug Box,RxNorm Extension,Oral Capsule
nifedipine,40725309,Nifedipine 10 MG Oral Capsule [Adalat] Box of 50 by Sigma,Marketed Product,RxNorm Extension,Oral Capsule
nifedipine,41186230,Nifedipine 20 MG/ML Oral Solution [Corinfar],Branded Drug,RxNorm Extension,Oral Solution
nifedipine,41018683,Nifedipine Oral Capsule [Nife Klast],Branded Drug Form,RxNorm Extension,Oral Capsule
nifedipine,21035115,Nifedipine 5 MG Oral Capsule by Kent,Marketed Product,RxNorm Extension,Oral Capsule
nifedipine,41092470,Nifedipine 10 MG Oral Capsule [Corinfar] Box of 100,Branded Drug Box,RxNorm Extension,Oral Capsule
nifedipine,41228083,Nifedipine 30 MG Oral Tablet [Nifedipin Stada] Box of 100 by Stada,Marketed Product,RxNorm Extension,Oral Tablet
nifedipine,41021848,Nifedipine 0.667 MG/ML Oral Solution Box of 1,Clinical Drug Box,RxNorm Extension,Oral Solution
nifedipine,41386223,30 ML Nifedipine 0.667 MG/ML Oral Solution [Nifehexal],Quant Branded Drug,RxNorm Extension,Oral Solution
nifedipine,36956536,1 ML nifedipine 20 MG/ML Oral Solution by Drug Tariff Special Order,Marketed Product,RxNorm Extension,Oral Solution
labetalol,40960203,Labetalol 100 MG Oral Tablet Box of 500,Clinical Drug Box,RxNorm Extension,Oral Tablet
nifedipine,41302812,Nifedipine 30 MG Oral Tablet Box of 50,Clinical Drug Box,RxNorm Extension,Oral Tablet
nifedipine,41279363,Nifedipine 30 MG Oral Tablet [Adalat] Box of 30,Branded Drug Box,RxNorm Extension,Oral Tablet
nifedipine,40884493,Nifedipine 40 MG Oral Tablet [Duranifin] Box of 20 by Mylan,Marketed Product,RxNorm Extension,Oral Tablet
nifedipine,40842815,Nifedipine 30 MG Oral Tablet [Adalat] Box of 400,Branded Drug Box,RxNorm Extension,Oral Tablet
labetalol,40727614,Labetalol 100 MG Oral Tablet Box of 56 by Sigma,Marketed Product,RxNorm Extension,Oral Tablet
labetalol,21046503,Labetalol 100 MG Oral Tablet [Trandate] Box of 56 by Focus,Marketed Product,RxNorm Extension,Oral Tablet
nifedipine,41102977,Nifedipine 20 MG Oral Tablet [Nifedipin Stada] Box of 100 by Stada,Marketed Product,RxNorm Extension,Oral Tablet
nifedipine,43184633,Nifedipine 20 MG Oral Tablet [NIFEDIPINE MYLAN],Branded Drug,RxNorm Extension,Oral Tablet
nifedipine,43283766,Nifedipine Oral Tablet [Nifehexal],Branded Drug Form,RxNorm Extension,Oral Tablet
nifedipine,41021844,Nifedipine 10 MG Oral Tablet Box of 20,Clinical Drug Box,RxNorm Extension,Oral Tablet
nifedipine,40946834,Nifedipine 20 MG Oral Tablet [Nifedipin Pb] Box of 30 by PB,Marketed Product,RxNorm Extension,Oral Tablet
nifedipine,40904964,Nifedipine 20 MG Oral Tablet [Duranifin] Box of 100,Branded Drug Box,RxNorm Extension,Oral Tablet
labetalol,21144591,Labetalol 50 MG Oral Tablet [Trandate] Box of 56,Branded Drug Box,RxNorm Extension,Oral Tablet
nifedipine,41217567,Nifedipine 20 MG Oral Tablet [Nifehexal] Box of 100,Branded Drug Box,RxNorm Extension,Oral Tablet
nifedipine,40977823,Nifedipine 20 MG Oral Tablet [Corinfar] Box of 100 by TEVA,Marketed Product,RxNorm Extension,Oral Tablet
nifedipine,35755691,Nifedipine 30 MG Delayed Release Oral Tablet [Adalat LA] by Dowelhurst,Marketed Product,RxNorm Extension,Delayed Release Oral Tablet
nifedipine,36277505,Nifedipine 60 MG Extended Release Oral Capsule Box of 56,Clinical Drug Box,RxNorm Extension,Extended Release Oral Capsule
nifedipine,40874025,Nifedipine 20 MG Extended Release Oral Capsule [Nifedipin Stada] Box of 50,Branded Drug Box,RxNorm Extension,Extended Release Oral Capsule
nifedipine,41197000,Nifedipine 10 MG Oral Capsule [Adalat] Box of 84 by Emra-Med,Marketed Product,RxNorm Extension,Oral Capsule
nifedipine,41186264,Nifedipine 20 MG Oral Capsule [Nifehexal] Box of 100,Branded Drug Box,RxNorm Extension,Oral Capsule
nifedipine,2926268,nifedipine 60 MG Extended Release Oral Tablet [ADALAT OROS] Box of 30,Branded Drug Box,RxNorm Extension,Extended Release Oral Tablet
nifedipine,21153002,Nifedipine 20 MG Extended Release Oral Tablet [Calchan MR] Box of 56,Branded Drug Box,RxNorm Extension,Extended Release Oral Tablet
nifedipine,41385665,30 ML Nifedipine 20 MG/ML Oral Solution [Nifical] Box of 1,Quant Branded Box,RxNorm Extension,Oral Solution
nifedipine,35755690,Nifedipine 10 MG Extended Release Oral Capsule by TEVA,Marketed Product,RxNorm Extension,Extended Release Oral Capsule
nifedipine,42935149,Nifedipine 33 MG Extended Release Oral Tablet [ADAPINEOSMO],Branded Drug,RxNorm Extension,Extended Release Oral Tablet
nifedipine,43603238,Nifedipine 10 MG Extended Release Oral Tablet [Nifehexal],Branded Drug,RxNorm Extension,Extended Release Oral Tablet
nifedipine,41102972,Nifedipine 20 MG Extended Release Oral Capsule [Corotrend] Box of 100 by Novartis,Marketed Product,RxNorm Extension,Extended Release Oral Capsule
nifedipine,44049922,Nifedipine 10 MG Oral Capsule by Genpharm,Marketed Product,RxNorm Extension,Oral Capsule
nifedipine,40959635,Nifedipine 40 MG Extended Release Oral Tablet Box of 500,Clinical Drug Box,RxNorm Extension,Extended Release Oral Tablet
nifedipine,40936228,Nifedipine 20 MG Extended Release Oral Capsule [Nifedipin Al],Branded Drug,RxNorm Extension,Extended Release Oral Capsule
nifedipine,43289211,Nifedipine 30 MG Extended Release Oral Tablet [Addos] Box of 30,Branded Drug Box,RxNorm Extension,Extended Release Oral Tablet
nifedipine,41310662,Nifedipine 0.667 MG/ML Oral Solution [Aprical] Box of 20,Branded Drug Box,RxNorm Extension,Oral Solution
nifedipine,40904949,Nifedipine 20 MG Extended Release Oral Tablet [Nifreal] Box of 50,Branded Drug Box,RxNorm Extension,Extended Release Oral Tablet
nifedipine,21137864,100 ML Nifedipine 2 MG/ML Oral Suspension,Quant Clinical Drug,RxNorm Extension,Oral Suspension
nifedipine,40915457,Nifedipine 10 MG Oral Capsule [Nife Abz] Box of 30 by AbZ-Pharma,Marketed Product,RxNorm Extension,Oral Capsule
nifedipine,21064634,Nifedipine 30 MG Extended Release Oral Tablet [Adipin] by Chiesi,Marketed Product,RxNorm Extension,Extended Release Oral Tablet
nifedipine,41217512,Nifedipine 60 MG Extended Release Oral Tablet [Aprical] Box of 50,Branded Drug Box,RxNorm Extension,Extended Release Oral Tablet
nifedipine,21028444,1 ML Nifedipine 0.2 MG/ML Oral Suspension,Quant Clinical Drug,RxNorm Extension,Oral Suspension
nifedipine,41102944,Nifedipine 10 MG Extended Release Oral Tablet [Nifedipin Basics] Box of 30 by Basics,Marketed Product,RxNorm Extension,Extended Release Oral Tablet
nifedipine,41009177,Nifedipine 20 MG Extended Release Oral Tablet [Nife 1a Pharma] Box of 30 by 1 A,Marketed Product,RxNorm Extension,Extended Release Oral Tablet
nifedipine,40725293,Nifedipine 60 MG Extended Release Oral Tablet [Nidef],Branded Drug,RxNorm Extension,Extended Release Oral Tablet
nifedipine,41290011,Nifedipine 20 MG Extended Release Oral Tablet Box of 30 by Dexcel-Pharma,Marketed Product,RxNorm Extension,Extended Release Oral Tablet
nifedipine,41258846,Nifedipine 40 MG Extended Release Oral Tablet [Nifedipat] Box of 100 by Azupharma,Marketed Product,RxNorm Extension,Extended Release Oral Tablet
nifedipine,41248598,Nifedipine 20 MG Extended Release Oral Tablet [Nifical] Box of 100,Branded Drug Box,RxNorm Extension,Extended Release Oral Tablet
nifedipine,41092461,Nifedipine 10 MG Extended Release Oral Tablet [Adalat] Box of 2000,Branded Drug Box,RxNorm Extension,Extended Release Oral Tablet
nifedipine,40884537,Nifedipine 20 MG Extended Release Oral Tablet [Nife] Box of 100 by AbZ-Pharma,Marketed Product,RxNorm Extension,Extended Release Oral Tablet
nifedipine,41081419,Nifedipine Oral Capsule [Nifehexal],Branded Drug Form,RxNorm Extension,Oral Capsule
nifedipine,21074546,Nifedipine 20 MG Extended Release Oral Tablet by DE,Marketed Product,RxNorm Extension,Extended Release Oral Tablet
nifedipine,40946817,Nifedipine 10 MG Oral Capsule [Adalat] Box of 42 by Emra-Med,Marketed Product,RxNorm Extension,Oral Capsule
nifedipine,21113694,Nifedipine 20 MG Extended Release Oral Tablet Box of 56 by Ethigen,Marketed Product,RxNorm Extension,Extended Release Oral Tablet
nifedipine,21113697,Nifedipine 20 MG Extended Release Oral Tablet [Valni] by Tillomed,Marketed Product,RxNorm Extension,Extended Release Oral Tablet
nifedipine,21074566,Nifedipine 30 MG Extended Release Oral Tablet by Mawdsley-Brooks,Marketed Product,RxNorm Extension,Extended Release Oral Tablet
nifedipine,41388784,30 ML Nifedipine 20 MG/ML Oral Solution [Nifedipin Stada],Quant Branded Drug,RxNorm Extension,Oral Solution
nifedipine,41385068,30 ML Nifedipine 20 MG/ML Oral Solution [Cordicant],Quant Branded Drug,RxNorm Extension,Oral Solution
nifedipine,43278425,Nifedipine 10 MG Oral Tablet Box of 60,Clinical Drug Box,RxNorm Extension,Oral Tablet
nifedipine,41321303,Nifedipine 20 MG Oral Capsule [Duranifin] Box of 50 by Mylan,Marketed Product,RxNorm Extension,Oral Capsule
nifedipine,41196998,Nifedipine 10 MG Oral Capsule [Nifedipin Stada] Box of 50 by Stada,Marketed Product,RxNorm Extension,Oral Capsule
nifedipine,41060871,Nifedipine 10 MG Oral Capsule [Nifelat],Branded Drug,RxNorm Extension,Oral Capsule
nifedipine,41228098,Nifedipine 20 MG Oral Tablet [Adalat] Box of 50 by Emra-Med,Marketed Product,RxNorm Extension,Oral Tablet
nifedipine,40967351,Nifedipine 10 MG Oral Capsule [Nife Isis] Box of 100,Branded Drug Box,RxNorm Extension,Oral Capsule
nifedipine,41186238,Nifedipine 30 MG Oral Tablet [Nifedipin Basics] Box of 50,Branded Drug Box,RxNorm Extension,Oral Tablet
nifedipine,41165599,Nifedipine 10 MG Oral Tablet Box of 50 by Acis,Marketed Product,RxNorm Extension,Oral Tablet
nifedipine,41060867,Nifedipine 10 MG Oral Tablet [Corosten],Branded Drug,RxNorm Extension,Oral Tablet
nifedipine,41060895,Nifedipine 0.667 MG/ML Oral Solution [Pidilat] Box of 1,Branded Drug Box,RxNorm Extension,Oral Solution
nifedipine,40967339,Nifedipine 10 MG Oral Tablet [Nifedipin Verla],Branded Drug,RxNorm Extension,Oral Tablet
nifedipine,40915443,Nifedipine 40 MG Oral Tablet [Nifehexal] Box of 30 by Novartis,Marketed Product,RxNorm Extension,Oral Tablet
nifedipine,40866133,Nifedipine 40 MG Oral Tablet Box of 20,Clinical Drug Box,RxNorm Extension,Oral Tablet
nifedipine,40956439,Nifedipine Oral Tablet [Nife-Ct],Branded Drug Form,RxNorm Extension,Oral Tablet
nifedipine,41386639,30 ML Nifedipine 0.667 MG/ML Oral Solution [Cordicant] Box of 1 by Mundipharma,Marketed Product,RxNorm Extension,Oral Solution
nifedipine,43267482,Nifedipine 10 MG Oral Tablet [Adalat] Box of 60,Branded Drug Box,RxNorm Extension,Oral Tablet
nifedipine,40998674,Nifedipine 40 MG Oral Tablet [Nifedipin Sandoz],Branded Drug,RxNorm Extension,Oral Tablet
nifedipine,41009185,Nifedipine 20 MG Oral Tablet [Adalat] Box of 100 by Alpha Med,Marketed Product,RxNorm Extension,Oral Tablet
labetalol,21026834,Labetalol 100 MG Oral Tablet Box of 56,Clinical Drug Box,RxNorm Extension,Oral Tablet
labetalol,21046493,Labetalol 200 MG Oral Tablet by Sigma-Tau,Marketed Product,RxNorm Extension,Oral Tablet
nifedipine,21153015,Nifedipine 10 MG Extended Release Oral Capsule [Coracten SR] Box of 60 by UCB,Marketed Product,RxNorm Extension,Extended Release Oral Capsule
nifedipine,21152994,Nifedipine 20 MG Extended Release Oral Tablet by Ethigen,Marketed Product,RxNorm Extension,Extended Release Oral Tablet
nifedipine,21064640,Nifedipine 60 MG Extended Release Oral Tablet [Adalat LA] by Lexon,Marketed Product,RxNorm Extension,Extended Release Oral Tablet
nifedipine,21035110,Nifedipine 30 MG Extended Release Oral Tablet [Hypolar] Box of 28,Branded Drug Box,RxNorm Extension,Extended Release Oral Tablet
nifedipine,21025337,Nifedipine 20 MG Extended Release Oral Tablet by Icarus,Marketed Product,RxNorm Extension,Extended Release Oral Tablet
nifedipine,41389356,30 ML Nifedipine 20 MG/ML Oral Solution [Aprical] Box of 2,Quant Branded Box,RxNorm Extension,Oral Solution
nifedipine,41102943,Nifedipine 10 MG Extended Release Oral Tablet [Nifedipin Pb] Box of 30 by PB,Marketed Product,RxNorm Extension,Extended Release Oral Tablet
nifedipine,41029722,Nifedipine 10 MG Extended Release Oral Tablet [Nifeclair] Box of 20,Branded Drug Box,RxNorm Extension,Extended Release Oral Tablet
nifedipine,40853289,Nifedipine 5 MG Oral Capsule [Aprical] Box of 50 by Shire,Marketed Product,RxNorm Extension,Oral Capsule
nifedipine,40904945,Nifedipine 20 MG Extended Release Oral Capsule [Nife-Ct],Branded Drug,RxNorm Extension,Extended Release Oral Capsule
nifedipine,35743124,Nifedipine 10 MG Extended Release Oral Capsule by Co-Pharma,Marketed Product,RxNorm Extension,Extended Release Oral Capsule
nifedipine,21153009,Nifedipine 10 MG Oral Capsule Box of 50,Clinical Drug Box,RxNorm Extension,Oral Capsule
nifedipine,36945024,nifedipine 10 MG Extended Release Oral Capsule Box of 84 by Viatris Healthcare,Marketed Product,RxNorm Extension,Extended Release Oral Capsule
nifedipine,41009146,Nifedipine 60 MG Extended Release Oral Tablet [Aprical] Box of 49 by Medice,Marketed Product,RxNorm Extension,Extended Release Oral Tablet
nifedipine,40956438,Nifedipine Extended Release Oral Tablet [Nife Wolff],Branded Drug Form,RxNorm Extension,Extended Release Oral Tablet
nifedipine,43173765,Nifedipine 30 MG Extended Release Oral Tablet [NIFEDIPINE MYLAN] Box of 30,Branded Drug Box,RxNorm Extension,Extended Release Oral Tablet
nifedipine,43693308,Nifedipine 20 MG Extended Release Oral Tablet [Nifedipin Atid],Branded Drug,RxNorm Extension,Extended Release Oral Tablet
nifedipine,43184622,Nifedipine Extended Release Oral Tablet [NIFEDIPINE ARROW],Branded Drug Form,RxNorm Extension,Extended Release Oral Tablet
nifedipine,21084234,Nifedipine 10 MG Extended Release Oral Capsule [Coracten SR] by UCB,Marketed Product,RxNorm Extension,Extended Release Oral Capsule
nifedipine,41290003,Nifedipine 20 MG Extended Release Oral Tablet [Adalat] Box of 100 by Mevita,Marketed Product,RxNorm Extension,Extended Release Oral Tablet
nifedipine,40998697,Nifedipine 10 MG Oral Capsule [Nife-Ct] Box of 30,Branded Drug Box,RxNorm Extension,Oral Capsule
nifedipine,40928327,Nifedipine 20 MG Extended Release Oral Tablet Box of 20,Clinical Drug Box,RxNorm Extension,Extended Release Oral Tablet
nifedipine,40967366,Nifedipine 5 MG Oral Capsule [Leka],Branded Drug,RxNorm Extension,Oral Capsule
nifedipine,21044947,Nifedipine 20 MG Extended Release Oral Tablet [Adalat LA] by Lexon,Marketed Product,RxNorm Extension,Extended Release Oral Tablet
nifedipine,41186257,Nifedipine 20 MG Extended Release Oral Tablet [Nife Basf] Box of 100,Branded Drug Box,RxNorm Extension,Extended Release Oral Tablet
nifedipine,40946795,Nifedipine 40 MG Extended Release Oral Tablet [Nifecor] Box of 100 by 3M,Marketed Product,RxNorm Extension,Extended Release Oral Tablet
nifedipine,41248604,Nifedipine 20 MG Extended Release Oral Tablet [Nifedipin 1a Pharma] Box of 100,Branded Drug Box,RxNorm Extension,Extended Release Oral Tablet
nifedipine,40967324,Nifedipine 40 MG Extended Release Oral Tablet [Nifedipin Stada] Box of 20,Branded Drug Box,RxNorm Extension,Extended Release Oral Tablet
nifedipine,41228090,Nifedipine 20 MG Extended Release Oral Tablet [Nifedipin Al] Box of 50 by Aliud,Marketed Product,RxNorm Extension,Extended Release Oral Tablet
nifedipine,41209870,Nifedipine 10 MG Extended Release Oral Tablet Box of 300,Clinical Drug Box,RxNorm Extension,Extended Release Oral Tablet
nifedipine,40725307,Nifedipine 20 MG Extended Release Oral Tablet by Sigma,Marketed Product,RxNorm Extension,Extended Release Oral Tablet
nifedipine,41009163,Nifedipine 5 MG Oral Capsule [Nifedipat] Box of 30 by Azupharma,Marketed Product,RxNorm Extension,Oral Capsule
nifedipine,40956442,Nifedipine Oral Capsule [Leka],Branded Drug Form,RxNorm Extension,Oral Capsule
nifedipine,40853277,Nifedipine 10 MG Oral Capsule [Nifehexal] Box of 400 by Novartis,Marketed Product,RxNorm Extension,Oral Capsule
nifedipine,40824613,Nifedipine 20 MG Oral Capsule [Adalat] Box of 2000,Branded Drug Box,RxNorm Extension,Oral Capsule
nifedipine,21093974,Nifedipine 30 MG Extended Release Oral Tablet [Nimodrel XL] Box of 28,Branded Drug Box,RxNorm Extension,Extended Release Oral Tablet
nifedipine,21084235,Nifedipine 10 MG Extended Release Oral Tablet by Colorama,Marketed Product,RxNorm Extension,Extended Release Oral Tablet
nifedipine,21153038,Nifedipine 60 MG Extended Release Oral Tablet [Adalat LA] Box of 28 by Lexon,Marketed Product,RxNorm Extension,Extended Release Oral Tablet
nifedipine,21064638,Nifedipine 60 MG Extended Release Oral Tablet [Adipin] by Chiesi,Marketed Product,RxNorm Extension,Extended Release Oral Tablet
nifedipine,40821908,Nifedipine 40 MG Extended Release Oral Tablet [Cordicant] Box of 20 by Mundipharma,Marketed Product,RxNorm Extension,Extended Release Oral Tablet
nifedipine,41186223,Nifedipine 10 MG Oral Capsule [Nife Isis],Branded Drug,RxNorm Extension,Oral Capsule
nifedipine,41321274,Nifedipine 5 MG Oral Capsule [Nifehexal] Box of 30 by Novartis,Marketed Product,RxNorm Extension,Oral Capsule
nifedipine,41258904,Nifedipine 20 MG Oral Capsule [Nifehexal] Box of 100 by Novartis,Marketed Product,RxNorm Extension,Oral Capsule
nifedipine,41388521,30 ML Nifedipine 20 MG/ML Oral Solution [Corotrend] Box of 1,Quant Branded Box,RxNorm Extension,Oral Solution
labetalol,41187863,Labetalol 400 MG Oral Tablet [Trandate] Box of 50,Branded Drug Box,RxNorm Extension,Oral Tablet
nifedipine,41165592,Nifedipine 40 MG Oral Tablet [Nifecor] Box of 50 by 3M,Marketed Product,RxNorm Extension,Oral Tablet
nifedipine,40959634,Nifedipine 40 MG Oral Tablet Box of 500,Clinical Drug Box,RxNorm Extension,Oral Tablet
nifedipine,41387644,30 ML Nifedipine 0.667 MG/ML Oral Solution [Aprical] Box of 20,Quant Branded Box,RxNorm Extension,Oral Solution
nifedipine,41217583,Nifedipine 20 MG Oral Tablet [Adalat] Box of 100,Branded Drug Box,RxNorm Extension,Oral Tablet
nifedipine,40915450,Nifedipine 40 MG Oral Tablet [Cordicant] Box of 100 by Mundipharma,Marketed Product,RxNorm Extension,Oral Tablet
nifedipine,40904905,Nifedipine 40 MG Oral Tablet [Corinfar],Branded Drug,RxNorm Extension,Oral Tablet
nifedipine,43162770,Nifedipine 20 MG Oral Tablet [NIFEDIPINE MYLAN] Box of 60,Branded Drug Box,RxNorm Extension,Oral Tablet
nifedipine,41258898,Nifedipine 20 MG Oral Tablet [Corinfar] Box of 50 by TEVA,Marketed Product,RxNorm Extension,Oral Tablet
nifedipine,41217566,Nifedipine 20 MG Oral Tablet [Nifelat],Branded Drug,RxNorm Extension,Oral Tablet
nifedipine,41209869,Nifedipine 10 MG Oral Tablet Box of 500,Clinical Drug Box,RxNorm Extension,Oral Tablet
nifedipine,41196992,Nifedipine 60 MG Oral Tablet [Nife-Ct] Box of 30 by AbZ-Pharma,Marketed Product,RxNorm Extension,Oral Tablet
nifedipine,41071563,Nifedipine 20 MG Oral Tablet [Nifedipin Al] Box of 98 by Aliud,Marketed Product,RxNorm Extension,Oral Tablet
nifedipine,41060913,Nifedipine 20 MG Oral Tablet [Nifedipin Abz] Box of 100,Branded Drug Box,RxNorm Extension,Oral Tablet
nifedipine,40967335,Nifedipine 60 MG Oral Tablet [Aprical],Branded Drug,RxNorm Extension,Oral Tablet
nifedipine,35751464,Nifedipine 30 MG Delayed Release Oral Tablet [Adalat LA] by DE,Marketed Product,RxNorm Extension,Delayed Release Oral Tablet
nifedipine,21035117,Nifedipine 5 MG Oral Capsule Box of 84 by Waymade,Marketed Product,RxNorm Extension,Oral Capsule
nifedipine,35828159,1000 MG nifedipine 0.01 MG/MG Oral Granules,Quant Clinical Drug,RxNorm Extension,Oral Granules
nifedipine,41387760,30 ML Nifedipine 0.667 MG/ML Oral Solution Box of 1 by Ratiopharm,Marketed Product,RxNorm Extension,Oral Solution
nifedipine,40853276,Nifedipine 10 MG Extended Release Oral Tablet Box of 50 by Acis,Marketed Product,RxNorm Extension,Extended Release Oral Tablet
nifedipine,21143146,Nifedipine 2 MG/ML Oral Suspension,Clinical Drug,RxNorm Extension,Oral Suspension
nifedipine,21025346,Nifedipine 10 MG Extended Release Oral Tablet [Hypolar] by Sandoz,Marketed Product,RxNorm Extension,Extended Release Oral Tablet
nifedipine,41386830,30 ML Nifedipine 0.667 MG/ML Oral Solution [Corinfar],Quant Branded Drug,RxNorm Extension,Oral Solution
nifedipine,35751461,Nifedipine 10 MG Extended Release Oral Capsule by Ivax,Marketed Product,RxNorm Extension,Extended Release Oral Capsule
nifedipine,41092489,Nifedipine 20 MG Extended Release Oral Capsule [Nifedipin Heumann] Box of 30,Branded Drug Box,RxNorm Extension,Extended Release Oral Capsule
nifedipine,43267492,Nifedipine 60 MG Extended Release Oral Tablet [Nifedipine Xr] Box of 30,Branded Drug Box,RxNorm Extension,Extended Release Oral Tablet
nifedipine,36940088,nifedipine 10 MG Extended Release Oral Capsule [Adalat] by Sigma,Marketed Product,RxNorm Extension,Extended Release Oral Capsule
nifedipine,43184629,Nifedipine 30 MG Extended Release Oral Tablet [NIFEDIPINE MYLAN] Box of 90,Branded Drug Box,RxNorm Extension,Extended Release Oral Tablet
nifedipine,41217557,Nifedipine 20 MG Extended Release Oral Capsule [Nifedipat] Box of 100,Branded Drug Box,RxNorm Extension,Extended Release Oral Capsule
nifedipine,41009152,Nifedipine 10 MG Extended Release Oral Tablet [Nife Basf] Box of 30 by Novartis,Marketed Product,RxNorm Extension,Extended Release Oral Tablet
nifedipine,41155151,Nifedipine 5 MG Oral Capsule [Adalat] Box of 500,Branded Drug Box,RxNorm Extension,Oral Capsule
nifedipine,21074574,Nifedipine 0.2 MG/ML Oral Suspension,Clinical Drug,RxNorm Extension,Oral Suspension
nifedipine,40904963,Nifedipine 20 MG Extended Release Oral Tablet [Duranifin] Box of 500,Branded Drug Box,RxNorm Extension,Extended Release Oral Tablet
nifedipine,41387531,30 ML Nifedipine 20 MG/ML Oral Solution Box of 20,Quant Clinical Box,RxNorm Extension,Oral Solution
nifedipine,41165597,Nifedipine 60 MG Extended Release Oral Tablet [Nifedipin Stada] Box of 30 by Stada,Marketed Product,RxNorm Extension,Extended Release Oral Tablet
nifedipine,40959636,Nifedipine 40 MG Extended Release Oral Tablet Box of 250,Clinical Drug Box,RxNorm Extension,Extended Release Oral Tablet
nifedipine,41228052,Nifedipine 40 MG Extended Release Oral Tablet [Cisday] Box of 50 by Novartis,Marketed Product,RxNorm Extension,Extended Release Oral Tablet
nifedipine,41071536,Nifedipine 40 MG Extended Release Oral Tablet [Nifedipin Stada] Box of 20 by Stada,Marketed Product,RxNorm Extension,Extended Release Oral Tablet
nifedipine,41279353,Nifedipine 5 MG Oral Capsule [Nifedipin Pb] Box of 30,Branded Drug Box,RxNorm Extension,Oral Capsule
nifedipine,41165638,Nifedipine 20 MG Extended Release Oral Tablet [Adalat] Box of 100 by Bayer,Marketed Product,RxNorm Extension,Extended Release Oral Tablet
nifedipine,41060863,Nifedipine 60 MG Extended Release Oral Tablet [Aprical],Branded Drug,RxNorm Extension,Extended Release Oral Tablet
nifedipine,44088511,Nifedipine 20 MG Extended Release Oral Tablet [Pms-Nifedipine] by Pharmascience,Marketed Product,RxNorm Extension,Extended Release Oral Tablet
nifedipine,40959647,Nifedipine 20 MG Oral Capsule Box of 100,Clinical Drug Box,RxNorm Extension,Oral Capsule
nifedipine,21093965,Nifedipine 20 MG Extended Release Oral Tablet [Adalat] Box of 56 by Dowelhurst,Marketed Product,RxNorm Extension,Extended Release Oral Tablet
nifedipine,21084238,Nifedipine 30 MG Extended Release Oral Tablet [Slofedipine XL] Box of 28,Branded Drug Box,RxNorm Extension,Extended Release Oral Tablet
nifedipine,41289979,Nifedipine 10 MG Oral Capsule [Corinfar] Box of 100 by TEVA,Marketed Product,RxNorm Extension,Oral Capsule
nifedipine,41279347,Nifedipine 10 MG Oral Capsule [Cordicant] Box of 30,Branded Drug Box,RxNorm Extension,Oral Capsule
nifedipine,41197005,Nifedipine 5 MG Oral Capsule [Cordicant] Box of 50 by Mundipharma,Marketed Product,RxNorm Extension,Oral Capsule
nifedipine,41302815,Nifedipine 20 MG Oral Capsule Box of 20,Clinical Drug Box,RxNorm Extension,Oral Capsule
nifedipine,21069311,100 ML Nifedipine 20 MG/ML Oral Solution [Nifedipin-ratiopharm],Quant Branded Drug,RxNorm Extension,Oral Solution
nifedipine,40936196,Nifedipine 10 MG Oral Capsule [Nife Klast] Box of 100,Branded Drug Box,RxNorm Extension,Oral Capsule
nifedipine,41228070,Nifedipine 10 MG Oral Capsule [Aprical] Box of 50 by Medice,Marketed Product,RxNorm Extension,Oral Capsule
nifedipine,41060890,Nifedipine 5 MG Oral Capsule [Nifedipin Heumann] Box of 500,Branded Drug Box,RxNorm Extension,Oral Capsule
nifedipine,41186228,Nifedipine 20 MG/ML Oral Solution [Nifreal],Branded Drug,RxNorm Extension,Oral Solution
nifedipine,40874012,Nifedipine 5 MG Oral Capsule [Nifedipin Verla] Box of 20,Branded Drug Box,RxNorm Extension,Oral Capsule
nifedipine,36957502,nifedipine 5 MG Oral Capsule by Medihealth,Marketed Product,RxNorm Extension,Oral Capsule
nifedipine,41302808,Nifedipine 40 MG Oral Tablet Box of 30,Clinical Drug Box,RxNorm Extension,Oral Tablet
nifedipine,41092485,Nifedipine 0.667 MG/ML Oral Solution [Nifehexal],Branded Drug,RxNorm Extension,Oral Solution
nifedipine,41040255,Nifedipine 40 MG Oral Tablet [Nifedipat] Box of 20 by Azupharma,Marketed Product,RxNorm Extension,Oral Tablet
nifedipine,40853308,Nifedipine 20 MG Oral Tablet [Nife Wolff] Box of 50 by Wolff Bielefeld,Marketed Product,RxNorm Extension,Oral Tablet
nifedipine,40853300,Nifedipine 20 MG Oral Tablet [Nifical] Box of 20 by Sanofi,Marketed Product,RxNorm Extension,Oral Tablet
nifedipine,41071552,Nifedipine 10 MG Oral Tablet [Corinfar] Box of 100 by TEVA,Marketed Product,RxNorm Extension,Oral Tablet
nifedipine,41217578,Nifedipine 20 MG Oral Tablet [Nife Abz] Box of 100,Branded Drug Box,RxNorm Extension,Oral Tablet
nifedipine,41029723,Nifedipine 10 MG Oral Tablet [Corinfar] Box of 1000,Branded Drug Box,RxNorm Extension,Oral Tablet
labetalol,43266988,Labetalol 200 MG Oral Tablet [Trandate] Box of 100,Branded Drug Box,RxNorm Extension,Oral Tablet
nifedipine,41271695,Nifedipine 20 MG Oral Tablet Box of 1000,Clinical Drug Box,RxNorm Extension,Oral Tablet
nifedipine,41186225,Nifedipine 10 MG Oral Tablet [Nifehexal] Box of 50,Branded Drug Box,RxNorm Extension,Oral Tablet
nifedipine,41134377,Nifedipine 20 MG Oral Tablet [Dignokonstant] Box of 100 by Daiichi Sankyo,Marketed Product,RxNorm Extension,Oral Tablet
nifedipine,35751473,Nifedipine 30 MG Delayed Release Oral Tablet by AM Distributions,Marketed Product,RxNorm Extension,Delayed Release Oral Tablet
nifedipine,35753779,Nifedipine Delayed Release Oral Tablet [Slofedipine XL],Branded Drug Form,RxNorm Extension,Delayed Release Oral Tablet
nifedipine,2064017,nifedipine 33 MG Extended Release Oral Tablet by Arlico,Marketed Product,RxNorm Extension,Extended Release Oral Tablet
nifedipine,41268651,Nifedipine Extended Release Oral Tablet [Adalate],Branded Drug Form,RxNorm Extension,Extended Release Oral Tablet
nifedipine,41165632,Nifedipine 20 MG Extended Release Oral Tablet [Nife-Ct] Box of 100 by AbZ-Pharma,Marketed Product,RxNorm Extension,Extended Release Oral Tablet
nifedipine,43657430,Nifedipine Extended Release Oral Capsule [Nifedipin Stada],Branded Drug Form,RxNorm Extension,Extended Release Oral Capsule
nifedipine,21162889,Nifedipine 30 MG Extended Release Oral Tablet [Adalat LA] by Sigma-Tau,Marketed Product,RxNorm Extension,Extended Release Oral Tablet
nifedipine,21064626,Nifedipine 10 MG Oral Capsule [Angiopine] by Ashbourne,Marketed Product,RxNorm Extension,Oral Capsule
nifedipine,21057866,1 ML Nifedipine 6 MG/ML Oral Suspension,Quant Clinical Drug,RxNorm Extension,Oral Suspension
nifedipine,41049944,Nifedipine Oral Solution [Aprical],Branded Drug Form,RxNorm Extension,Oral Solution
nifedipine,35887775,nifedipine Extended Release Oral Tablet [Slofedipine],Branded Drug Form,RxNorm Extension,Extended Release Oral Tablet
nifedipine,41217520,Nifedipine 10 MG Extended Release Oral Tablet [Nifedipin Pb] Box of 30,Branded Drug Box,RxNorm Extension,Extended Release Oral Tablet
nifedipine,36267867,Nifedipine 20 MG Extended Release Oral Capsule [Adalat],Branded Drug,RxNorm Extension,Extended Release Oral Capsule
nifedipine,35755688,Nifedipine 10 MG Extended Release Oral Capsule Box of 84 by Alliance,Marketed Product,RxNorm Extension,Extended Release Oral Capsule
nifedipine,41134378,Nifedipine 20 MG Extended Release Oral Tablet [Corotrend] Box of 30 by Kytta Siegfried,Marketed Product,RxNorm Extension,Extended Release Oral Tablet
nifedipine,41165616,Nifedipine 5 MG Oral Capsule [Nifedipin Heumann] Box of 50 by Heumann,Marketed Product,RxNorm Extension,Oral Capsule
nifedipine,40853316,Nifedipine 20 MG Extended Release Oral Tablet [Adalat] Box of 30 by Emra-Med,Marketed Product,RxNorm Extension,Extended Release Oral Tablet
nifedipine,21116700,1 ML Nifedipine 0.8 MG/ML Oral Suspension,Quant Clinical Drug,RxNorm Extension,Oral Suspension
nifedipine,40936199,Nifedipine 10 MG Oral Capsule [Corotrend] Box of 50,Branded Drug Box,RxNorm Extension,Oral Capsule
nifedipine,21064624,Nifedipine 20 MG Extended Release Oral Tablet [Adalat] Box of 60 by Dowelhurst,Marketed Product,RxNorm Extension,Extended Release Oral Tablet
nifedipine,40967330,Nifedipine 40 MG Extended Release Oral Tablet [Cisday],Branded Drug,RxNorm Extension,Extended Release Oral Tablet
nifedipine,40946831,Nifedipine 20 MG Extended Release Oral Tablet [Nifical] Box of 20 by Sanofi,Marketed Product,RxNorm Extension,Extended Release Oral Tablet
nifedipine,40725297,Nifedipine 20 MG Extended Release Oral Tablet [Adalat] by Necessity Supplies,Marketed Product,RxNorm Extension,Extended Release Oral Tablet
nifedipine,41387098,30 ML Nifedipine 0.667 MG/ML Oral Solution [Nifedipin Stada] Box of 1,Quant Branded Box,RxNorm Extension,Oral Solution
nifedipine,40853268,Nifedipine 60 MG Extended Release Oral Tablet [Nife-Ct] Box of 30 by AbZ-Pharma,Marketed Product,RxNorm Extension,Extended Release Oral Tablet
nifedipine,41258858,Nifedipine 10 MG Extended Release Oral Tablet [Dignokonstant] Box of 20 by Daiichi Sankyo,Marketed Product,RxNorm Extension,Extended Release Oral Tablet
nifedipine,44062928,Nifedipine 20 MG Extended Release Oral Tablet by Schein,Marketed Product,RxNorm Extension,Extended Release Oral Tablet
nifedipine,43173764,Nifedipine 30 MG Extended Release Oral Tablet [NIFEDIPINE EG],Branded Drug,RxNorm Extension,Extended Release Oral Tablet
nifedipine,41123671,Nifedipine 10 MG Oral Capsule [Corotrend] Box of 30,Branded Drug Box,RxNorm Extension,Oral Capsule
nifedipine,41060894,Nifedipine 5 MG Oral Capsule [Adalat] Box of 42,Branded Drug Box,RxNorm Extension,Oral Capsule
nifedipine,21044968,Nifedipine 40 MG Extended Release Oral Tablet Box of 30,Clinical Drug Box,RxNorm Extension,Extended Release Oral Tablet
nifedipine,40946807,Nifedipine 10 MG Oral Capsule [Nifehexal] Box of 100 by Novartis,Marketed Product,RxNorm Extension,Oral Capsule
nifedipine,21123305,Nifedipine 20 MG Extended Release Oral Tablet [Adalat LA] Box of 28,Branded Drug Box,RxNorm Extension,Extended Release Oral Tablet
nifedipine,21103917,Nifedipine 10 MG Extended Release Oral Tablet Box of 56 by A A H,Marketed Product,RxNorm Extension,Extended Release Oral Tablet
nifedipine,21064644,Nifedipine 5 MG Oral Capsule Box of 84 by Sigma-Tau,Marketed Product,RxNorm Extension,Oral Capsule
nifedipine,21143134,Nifedipine 30 MG Extended Release Oral Tablet [Hypolar] Box of 28 by Sandoz,Marketed Product,RxNorm Extension,Extended Release Oral Tablet
nifedipine,21064620,Nifedipine 20 MG Extended Release Oral Tablet by Ennogen,Marketed Product,RxNorm Extension,Extended Release Oral Tablet
nifedipine,40959637,Nifedipine 60 MG Extended Release Oral Tablet Box of 98,Clinical Drug Box,RxNorm Extension,Extended Release Oral Tablet
nifedipine,40835000,Nifedipine 60 MG Extended Release Oral Tablet Box of 42,Clinical Drug Box,RxNorm Extension,Extended Release Oral Tablet
nifedipine,43783248,Nifedipine 5 MG Oral Capsule [Nifehexal] by Hexal,Marketed Product,RxNorm Extension,Oral Capsule
nifedipine,41102959,Nifedipine 5 MG Oral Capsule [Nifehexal] Box of 100 by Novartis,Marketed Product,RxNorm Extension,Oral Capsule
nifedipine,41386339,30 ML Nifedipine 0.667 MG/ML Oral Solution [Aprical] Box of 2 by Amdipharm,Marketed Product,RxNorm Extension,Oral Solution
nifedipine,40967354,Nifedipine 10 MG Oral Capsule [Aprical] Box of 50,Branded Drug Box,RxNorm Extension,Oral Capsule
nifedipine,40874043,Nifedipine 20 MG Oral Capsule [Pidilat] Box of 400,Branded Drug Box,RxNorm Extension,Oral Capsule
nifedipine,41385480,30 ML Nifedipine 0.667 MG/ML Oral Solution [Corotrend] Box of 1 by Kytta Siegfried,Marketed Product,RxNorm Extension,Oral Solution
nifedipine,41321304,Nifedipine 20 MG Oral Capsule [Aprical] Box of 100 by Medice,Marketed Product,RxNorm Extension,Oral Capsule
nifedipine,41217542,Nifedipine 20 MG/ML Oral Solution [Pidilat] Box of 1,Branded Drug Box,RxNorm Extension,Oral Solution
nifedipine,41155149,Nifedipine 5 MG Oral Capsule [Nifedipin Al] Box of 50,Branded Drug Box,RxNorm Extension,Oral Capsule
nifedipine,41289976,Nifedipine 10 MG Oral Capsule [Nife-Ct] Box of 50 by AbZ-Pharma,Marketed Product,RxNorm Extension,Oral Capsule
nifedipine,41217533,Nifedipine 10 MG Oral Capsule [Nifeclair] Box of 100,Branded Drug Box,RxNorm Extension,Oral Capsule
nifedipine,41092478,Nifedipine 5 MG Oral Capsule [Nifelat],Branded Drug,RxNorm Extension,Oral Capsule
nifedipine,41092480,Nifedipine 5 MG Oral Capsule [Nifedipin Abz] Box of 100,Branded Drug Box,RxNorm Extension,Oral Capsule
nifedipine,41009187,Nifedipine 20 MG Oral Capsule [Duranifin] Box of 100 by Mylan,Marketed Product,RxNorm Extension,Oral Capsule
nifedipine,40967361,Nifedipine 5 MG Oral Capsule [Nifehexal] Box of 100,Branded Drug Box,RxNorm Extension,Oral Capsule
nifedipine,43711229,Nifedipine 10 MG Oral Capsule [Nifedipin-ratiopharm] by Ratiopharm,Marketed Product,RxNorm Extension,Oral Capsule
nifedipine,41279332,Nifedipine 10 MG Oral Tablet [Tp Mpa],Branded Drug,RxNorm Extension,Oral Tablet
nifedipine,41388113,30 ML Nifedipine 10 MG/ML Oral Solution Box of 1,Quant Clinical Box,RxNorm Extension,Oral Solution
nifedipine,41258870,Nifedipine 10 MG Oral Tablet [Nifeclair] Box of 100 by Hennig,Marketed Product,RxNorm Extension,Oral Tablet
nifedipine,21054765,Nifedipine 10 MG Oral Capsule Box of 84 by TEVA,Marketed Product,RxNorm Extension,Oral Capsule
nifedipine,40842800,Nifedipine 20 MG/ML Oral Solution [Cordicant],Branded Drug,RxNorm Extension,Oral Solution
nifedipine,41196986,Nifedipine 40 MG Oral Tablet [Nifecor] Box of 20 by 3M,Marketed Product,RxNorm Extension,Oral Tablet
nifedipine,41302813,Nifedipine 30 MG Oral Tablet Box of 42,Clinical Drug Box,RxNorm Extension,Oral Tablet
nifedipine,41279369,Nifedipine 20 MG Oral Tablet [Pidilat] Box of 500,Branded Drug Box,RxNorm Extension,Oral Tablet
nifedipine,41092484,Nifedipine 0.667 MG/ML Oral Solution [Pidilat],Branded Drug,RxNorm Extension,Oral Solution
nifedipine,41196993,Nifedipine 60 MG Oral Tablet [Aprical] Box of 98 by Shire,Marketed Product,RxNorm Extension,Oral Tablet
nifedipine,41040287,Nifedipine 20 MG Oral Tablet [Nifecor] Box of 30 by Betapharm,Marketed Product,RxNorm Extension,Oral Tablet
nifedipine,40967384,Nifedipine 20 MG Oral Tablet [Dignokonstant] Box of 20,Branded Drug Box,RxNorm Extension,Oral Tablet
nifedipine,41155169,Nifedipine 20 MG Oral Tablet [Nifedipin 1a Pharma],Branded Drug,RxNorm Extension,Oral Tablet
nifedipine,43173769,Nifedipine 20 MG Oral Tablet [Adalate] Box of 60 by Bayer,Marketed Product,RxNorm Extension,Oral Tablet
labetalol,21046495,Labetalol 400 MG Oral Tablet Box of 56,Clinical Drug Box,RxNorm Extension,Oral Tablet
nifedipine,41310664,Nifedipine 30 MG Oral Tablet [Nifehexal] Box of 30,Branded Drug Box,RxNorm Extension,Oral Tablet
nifedipine,41310623,Nifedipine 40 MG Oral Tablet [Nifedipin Sandoz] Box of 20,Branded Drug Box,RxNorm Extension,Oral Tablet
nifedipine,40874007,Nifedipine 10 MG Oral Tablet [Nifical] Box of 20,Branded Drug Box,RxNorm Extension,Oral Tablet
labetalol,41062422,Labetalol 200 MG Delayed Release Oral Tablet [Trandate] Box of 50,Branded Drug Box,RxNorm Extension,Delayed Release Oral Tablet
nifedipine,35775350,Nifedipine 30 MG Delayed Release Oral Tablet [Adalat LA],Branded Drug,RxNorm Extension,Delayed Release Oral Tablet
labetalol,43141036,Labetalol 200 MG Delayed Release Oral Tablet [Trandate] Box of 30 by Aspen,Marketed Product,RxNorm Extension,Delayed Release Oral Tablet
nifedipine,21044956,Nifedipine 10 MG Extended Release Oral Tablet [Cardilate MR] Box of 56,Branded Drug Box,RxNorm Extension,Extended Release Oral Tablet
nifedipine,21172600,Nifedipine 20 MG Extended Release Oral Tablet [Tensipine MR] Box of 56,Branded Drug Box,RxNorm Extension,Extended Release Oral Tablet
nifedipine,40904946,Nifedipine 20 MG Extended Release Oral Capsule [Jedipin] Box of 100,Branded Drug Box,RxNorm Extension,Extended Release Oral Capsule
nifedipine,41248568,Nifedipine 10 MG Oral Capsule [Nifedipat],Branded Drug,RxNorm Extension,Oral Capsule
nifedipine,41134344,Nifedipine 10 MG Extended Release Oral Tablet [Duranifin] Box of 20 by Mylan,Marketed Product,RxNorm Extension,Extended Release Oral Tablet
nifedipine,41102948,Nifedipine 10 MG Oral Capsule [Nifedipin Pb] Box of 30 by Docpharm,Marketed Product,RxNorm Extension,Oral Capsule
nifedipine,41186240,Nifedipine 20 MG Extended Release Oral Capsule [Nifedipin-ratiopharm] Box of 50,Branded Drug Box,RxNorm Extension,Extended Release Oral Capsule
nifedipine,43267488,Nifedipine 30 MG Extended Release Oral Tablet [Nifedipine Xr],Branded Drug,RxNorm Extension,Extended Release Oral Tablet
nifedipine,21113704,Nifedipine 20 MG Extended Release Oral Tablet [Adalat] Box of 60 by Lexon,Marketed Product,RxNorm Extension,Extended Release Oral Tablet
nifedipine,21044953,Nifedipine 10 MG Extended Release Oral Tablet by Niche,Marketed Product,RxNorm Extension,Extended Release Oral Tablet
nifedipine,41386934,30 ML Nifedipine 20 MG/ML Oral Solution [Aprical] Box of 1 by Amdipharm,Marketed Product,RxNorm Extension,Oral Solution
nifedipine,44030838,Nifedipine Oral Capsule [Pms-Nifedipine],Branded Drug Form,RxNorm Extension,Oral Capsule
nifedipine,35831261,nifedipine 40 MG Extended Release Oral Tablet by Sawai,Marketed Product,RxNorm Extension,Extended Release Oral Tablet
nifedipine,44049919,Nifedipine 30 MG Extended Release Oral Tablet [NIFEDIPINE MYLAN] by Mylan,Marketed Product,RxNorm Extension,Extended Release Oral Tablet
nifedipine,43034953,Nifedipine 30 MG Extended Release Oral Tablet Box of 30 by Mylan,Marketed Product,RxNorm Extension,Extended Release Oral Tablet
nifedipine,41144251,Nifedipine Extended Release Oral Tablet [Nifecor],Branded Drug Form,RxNorm Extension,Extended Release Oral Tablet
nifedipine,41092500,Nifedipine 20 MG Extended Release Oral Tablet [Nife Basf] Box of 50,Branded Drug Box,RxNorm Extension,Extended Release Oral Tablet
nifedipine,41092454,Nifedipine 10 MG Extended Release Oral Tablet [Nifedipin Verla] Box of 50,Branded Drug Box,RxNorm Extension,Extended Release Oral Tablet
nifedipine,40842824,Nifedipine 20 MG Extended Release Oral Tablet [Nife Wolff] Box of 100,Branded Drug Box,RxNorm Extension,Extended Release Oral Tablet
nifedipine,43657440,Nifedipine 20 MG Extended Release Oral Tablet [Nifedipin Stada] by Stada,Marketed Product,RxNorm Extension,Extended Release Oral Tablet
nifedipine,41258882,Nifedipine 20 MG Extended Release Oral Capsule [Nife Puren] Box of 100 by Puren,Marketed Product,RxNorm Extension,Extended Release Oral Capsule
nifedipine,36941930,nifedipine 20 MG/ML Oral Solution by Drug Tariff Special Order,Marketed Product,RxNorm Extension,Oral Solution
labetalol,21087383,1 ML Labetalol 20 MG/ML Oral Solution,Quant Clinical Drug,RxNorm Extension,Oral Solution
nifedipine,42935150,Nifedipine 33 MG Extended Release Oral Tablet [NIFEDIX],Branded Drug,RxNorm Extension,Extended Release Oral Tablet
nifedipine,40894191,Nifedipine Extended Release Oral Capsule [Nife Klast],Branded Drug Form,RxNorm Extension,Extended Release Oral Capsule
nifedipine,35149523,Nifedipine Oral Capsule [Herlat],Branded Drug Form,RxNorm Extension,Oral Capsule
nifedipine,40936190,Nifedipine 10 MG Extended Release Oral Tablet [Corinfar] Box of 1000,Branded Drug Box,RxNorm Extension,Extended Release Oral Tablet
nifedipine,40904962,Nifedipine 20 MG Extended Release Oral Tablet [Jutadilat] Box of 50,Branded Drug Box,RxNorm Extension,Extended Release Oral Tablet
nifedipine,41271696,Nifedipine 20 MG Extended Release Oral Tablet Box of 300,Clinical Drug Box,RxNorm Extension,Extended Release Oral Tablet
nifedipine,44062930,Nifedipine 60 MG Extended Release Oral Tablet by Sivem,Marketed Product,RxNorm Extension,Extended Release Oral Tablet
nifedipine,21103904,Nifedipine 20 MG Extended Release Oral Tablet [Nifopress Retard] by AMCo,Marketed Product,RxNorm Extension,Extended Release Oral Tablet
nifedipine,40884510,Nifedipine 10 MG Oral Capsule [Adalat] Box of 100 by A+S Unicare,Marketed Product,RxNorm Extension,Oral Capsule
labetalol,44069893,Labetalol Oral Tablet [Apo-Labetalol],Branded Drug Form,RxNorm Extension,Oral Tablet
nifedipine,41029708,Nifedipine 40 MG Extended Release Oral Tablet [Nifedipat] Box of 50,Branded Drug Box,RxNorm Extension,Extended Release Oral Tablet
nifedipine,41228069,Nifedipine 10 MG Oral Capsule [Jedipin] Box of 100 by Jenapharm,Marketed Product,RxNorm Extension,Oral Capsule
nifedipine,41134358,Nifedipine 5 MG Oral Capsule [Nifehexal] Box of 20 by Novartis,Marketed Product,RxNorm Extension,Oral Capsule
nifedipine,41310658,Nifedipine 5 MG Oral Capsule [Corotrend] Box of 30,Branded Drug Box,RxNorm Extension,Oral Capsule
nifedipine,41310661,Nifedipine 0.667 MG/ML Oral Solution [Duranifin],Branded Drug,RxNorm Extension,Oral Solution
nifedipine,41279340,Nifedipine 10 MG Oral Capsule [Nifeclair],Branded Drug,RxNorm Extension,Oral Capsule
nifedipine,41029738,Nifedipine 5 MG Oral Capsule [Nifedipat] Box of 50,Branded Drug Box,RxNorm Extension,Oral Capsule
nifedipine,41248602,Nifedipine 20 MG Oral Tablet [Nifedipin Basics] Box of 100,Branded Drug Box,RxNorm Extension,Oral Tablet
nifedipine,41248588,Nifedipine 0.667 MG/ML Oral Solution [Corinfar] Box of 10,Branded Drug Box,RxNorm Extension,Oral Solution
nifedipine,40936208,Nifedipine 5 MG Oral Capsule [Jedipin] Box of 30,Branded Drug Box,RxNorm Extension,Oral Capsule
nifedipine,41258871,Nifedipine 10 MG Oral Tablet [Duranifin] Box of 20 by Mylan,Marketed Product,RxNorm Extension,Oral Tablet
nifedipine,41387265,30 ML Nifedipine 0.667 MG/ML Oral Solution,Quant Clinical Drug,RxNorm Extension,Oral Solution
nifedipine,40936246,Nifedipine 20 MG Oral Tablet [Jutadilat],Branded Drug,RxNorm Extension,Oral Tablet
nifedipine,40904958,Nifedipine 20 MG Oral Tablet [Nife Basf] Box of 50,Branded Drug Box,RxNorm Extension,Oral Tablet
nifedipine,40904901,Nifedipine 40 MG Oral Tablet [Nifedipat] Box of 50,Branded Drug Box,RxNorm Extension,Oral Tablet
labetalol,40727620,Labetalol 400 MG Oral Tablet Box of 56 by Sigma,Marketed Product,RxNorm Extension,Oral Tablet
nifedipine,40874032,Nifedipine 20 MG Oral Tablet [Nifehexal] Box of 30,Branded Drug Box,RxNorm Extension,Oral Tablet
nifedipine,41310650,Nifedipine 10 MG Oral Tablet [Corinfar] Box of 100,Branded Drug Box,RxNorm Extension,Oral Tablet
labetalol,21124775,Labetalol 100 MG Oral Tablet Box of 56 by Waymade,Marketed Product,RxNorm Extension,Oral Tablet
nifedipine,40884494,Nifedipine 40 MG Oral Tablet [Cordicant] Box of 50 by Mundipharma,Marketed Product,RxNorm Extension,Oral Tablet
nifedipine,41175199,Nifedipine Oral Tablet [Nifedipin Pb],Branded Drug Form,RxNorm Extension,Oral Tablet
labetalol,36783892,Labetalol 100 MG Delayed Release Oral Tablet [Trandate] Box of 75 by Aspen,Marketed Product,RxNorm Extension,Delayed Release Oral Tablet
nifedipine,35771162,Nifedipine 30 MG Delayed Release Oral Tablet [Nimodrel XL] Box of 28,Branded Drug Box,RxNorm Extension,Delayed Release Oral Tablet
nifedipine,35772529,Nifedipine 30 MG Delayed Release Oral Tablet [Adanif XL] Box of 28 by Focus,Marketed Product,RxNorm Extension,Delayed Release Oral Tablet
labetalol,35755095,Labetalol 200 MG Delayed Release Oral Tablet by A A H,Marketed Product,RxNorm Extension,Delayed Release Oral Tablet
nifedipine,21113705,Nifedipine 10 MG Oral Capsule by Actavis,Marketed Product,RxNorm Extension,Oral Capsule
nifedipine,35754427,Nifedipine 10 MG Extended Release Oral Capsule [Adalat] Box of 90,Branded Drug Box,RxNorm Extension,Extended Release Oral Capsule
nifedipine,41123692,Nifedipine 20 MG Extended Release Oral Capsule [Nifedipin Heumann],Branded Drug,RxNorm Extension,Extended Release Oral Capsule
nifedipine,41279344,Nifedipine 10 MG Oral Capsule [Leka] Box of 50,Branded Drug Box,RxNorm Extension,Oral Capsule
nifedipine,41197016,Nifedipine 20 MG Extended Release Oral Tablet [Nifeclair] Box of 50 by Hennig,Marketed Product,RxNorm Extension,Extended Release Oral Tablet
nifedipine,40967370,Nifedipine 30 MG Extended Release Oral Tablet [Adalat] Box of 98,Branded Drug Box,RxNorm Extension,Extended Release Oral Tablet
nifedipine,40946802,Nifedipine 10 MG Extended Release Oral Tablet [Nifehexal] Box of 30 by Novartis,Marketed Product,RxNorm Extension,Extended Release Oral Tablet
nifedipine,41060931,Nifedipine 20 MG Oral Capsule [Nife Isis],Branded Drug,RxNorm Extension,Oral Capsule
nifedipine,40725327,Nifedipine 30 MG Extended Release Oral Tablet [Nidef],Branded Drug,RxNorm Extension,Extended Release Oral Tablet
nifedipine,40904935,Nifedipine 5 MG Oral Capsule [Nifedipin Verla] Box of 50,Branded Drug Box,RxNorm Extension,Oral Capsule
nifedipine,43151593,Nifedipine 30 MG Extended Release Oral Tablet [NIFEDIPINE EG] Box of 30,Branded Drug Box,RxNorm Extension,Extended Release Oral Tablet
nifedipine,43801103,Nifedipine 30 MG Extended Release Oral Tablet [Nifehexal] by Hexal,Marketed Product,RxNorm Extension,Extended Release Oral Tablet
nifedipine,43747145,Nifedipine Extended Release Oral Tablet [Nifeclair],Branded Drug Form,RxNorm Extension,Extended Release Oral Tablet
nifedipine,41081417,Nifedipine Extended Release Oral Tablet [Cordicant],Branded Drug Form,RxNorm Extension,Extended Release Oral Tablet
nifedipine,35768194,Nifedipine 2 MG/ML Oral Suspension by Drug Tariff Special Order,Marketed Product,RxNorm Extension,Oral Suspension
nifedipine,35755689,Nifedipine 10 MG Extended Release Oral Capsule Box of 84 by Mylan,Marketed Product,RxNorm Extension,Extended Release Oral Capsule
nifedipine,21044962,Nifedipine 60 MG Extended Release Oral Capsule [Coracten XL] Box of 28 by UCB,Marketed Product,RxNorm Extension,Extended Release Oral Capsule
nifedipine,41217506,Nifedipine 40 MG Extended Release Oral Tablet [Nifecor],Branded Drug,RxNorm Extension,Extended Release Oral Tablet
nifedipine,41258902,Nifedipine 20 MG Extended Release Oral Tablet [Adalat] Box of 50 by Beragena,Marketed Product,RxNorm Extension,Extended Release Oral Tablet
nifedipine,40998723,Nifedipine 20 MG Extended Release Oral Tablet [Nifical] Box of 50,Branded Drug Box,RxNorm Extension,Extended Release Oral Tablet
nifedipine,40842799,Nifedipine 20 MG/ML Oral Solution [Corotrend] Box of 1,Branded Drug Box,RxNorm Extension,Oral Solution
nifedipine,21028443,1 ML Nifedipine 1 MG/ML Oral Suspension,Quant Clinical Drug,RxNorm Extension,Oral Suspension
labetalol,21144594,Labetalol 0.3 MG/ML Oral Suspension,Clinical Drug,RxNorm Extension,Oral Suspension
nifedipine,41123661,Nifedipine 10 MG Extended Release Oral Tablet [Nifedipin Pb] Box of 100,Branded Drug Box,RxNorm Extension,Extended Release Oral Tablet
nifedipine,41258874,Nifedipine 5 MG Oral Capsule [Nifehexal] Box of 50 by Novartis,Marketed Product,RxNorm Extension,Oral Capsule
nifedipine,41217548,Nifedipine 5 MG Oral Capsule [Jutadilat],Branded Drug,RxNorm Extension,Oral Capsule
nifedipine,41248553,Nifedipine 40 MG Extended Release Oral Tablet [Nifecor] Box of 20,Branded Drug Box,RxNorm Extension,Extended Release Oral Tablet
nifedipine,41040265,Nifedipine 10 MG Extended Release Oral Tablet [Nifedipin Pb] Box of 100 by Docpharm,Marketed Product,RxNorm Extension,Extended Release Oral Tablet
nifedipine,40956441,Nifedipine Extended Release Oral Tablet [Corinfar],Branded Drug Form,RxNorm Extension,Extended Release Oral Tablet
nifedipine,36066809,nifedipine 10 MG Oral Capsule by DE,Marketed Product,RxNorm Extension,Oral Capsule
nifedipine,41084662,Nifedipine 5 MG Oral Capsule Box of 42,Clinical Drug Box,RxNorm Extension,Oral Capsule
nifedipine,41081418,Nifedipine Oral Capsule [Nifelat],Branded Drug Form,RxNorm Extension,Oral Capsule
nifedipine,35887766,nifedipine 20 MG Extended Release Oral Tablet [Slofedipine],Branded Drug,RxNorm Extension,Extended Release Oral Tablet
nifedipine,21113701,Nifedipine 20 MG Extended Release Oral Tablet [Adalat] by Lexon,Marketed Product,RxNorm Extension,Extended Release Oral Tablet
nifedipine,21025349,Nifedipine 30 MG Extended Release Oral Tablet Box of 14,Clinical Drug Box,RxNorm Extension,Extended Release Oral Tablet
nifedipine,41071557,Nifedipine 5 MG Oral Capsule [Adalat] Box of 100 by Eurim-Pharm,Marketed Product,RxNorm Extension,Oral Capsule
nifedipine,40977807,Nifedipine 5 MG Oral Capsule [Nife-Ct] Box of 50 by AbZ-Pharma,Marketed Product,RxNorm Extension,Oral Capsule
nifedipine,40915469,Nifedipine 5 MG Oral Capsule [Adalat] Box of 400 by Bayer,Marketed Product,RxNorm Extension,Oral Capsule
nifedipine,40897315,Nifedipine 10 MG Oral Capsule Box of 20,Clinical Drug Box,RxNorm Extension,Oral Capsule
nifedipine,35887773,nifedipine 5 MG Oral Capsule Box of 84 by Strides,Marketed Product,RxNorm Extension,Oral Capsule
nifedipine,21133177,Nifedipine 10 MG Oral Capsule [Angiopine] Box of 84 by Ashbourne,Marketed Product,RxNorm Extension,Oral Capsule
nifedipine,41310691,Nifedipine 20 MG Oral Tablet [Adalat] Box of 42,Branded Drug Box,RxNorm Extension,Oral Tablet
nifedipine,40998737,Nifedipine 20 MG Oral Capsule [Nifehexal],Branded Drug,RxNorm Extension,Oral Capsule
nifedipine,40998707,Nifedipine 5 MG Oral Capsule [Nifehexal] Box of 25,Branded Drug Box,RxNorm Extension,Oral Capsule
nifedipine,40936200,Nifedipine 10 MG Oral Capsule [Aprical] Box of 100,Branded Drug Box,RxNorm Extension,Oral Capsule
nifedipine,40936197,Nifedipine 10 MG Oral Capsule [Nife Isis] Box of 500,Branded Drug Box,RxNorm Extension,Oral Capsule
nifedipine,41279330,Nifedipine 60 MG Oral Tablet [Nife-Ct] Box of 30,Branded Drug Box,RxNorm Extension,Oral Tablet
nifedipine,40959646,Nifedipine 20 MG Oral Tablet Box of 20,Clinical Drug Box,RxNorm Extension,Oral Tablet
nifedipine,40928323,Nifedipine 30 MG Oral Tablet Box of 400,Clinical Drug Box,RxNorm Extension,Oral Tablet
nifedipine,43701264,30 ML Nifedipine 20 MG/ML Oral Solution [Nifehexal],Quant Branded Drug,RxNorm Extension,Oral Solution
nifedipine,41123697,Nifedipine 20 MG Oral Tablet [Pidilat] Box of 400,Branded Drug Box,RxNorm Extension,Oral Tablet
labetalol,21164335,Labetalol 200 MG Oral Tablet [Trandate] by Focus,Marketed Product,RxNorm Extension,Oral Tablet
nifedipine,41279327,Nifedipine 40 MG Oral Tablet [Corinfar] Box of 250,Branded Drug Box,RxNorm Extension,Oral Tablet
nifedipine,41018681,Nifedipine Oral Tablet [Aprical],Branded Drug Form,RxNorm Extension,Oral Tablet
nifedipine,41310638,Nifedipine 10 MG Oral Tablet [Nifedipin Pb],Branded Drug,RxNorm Extension,Oral Tablet
nifedipine,41248600,Nifedipine 20 MG Oral Tablet [Nifehexal] Box of 50,Branded Drug Box,RxNorm Extension,Oral Tablet
nifedipine,35746061,Nifedipine 30 MG Delayed Release Oral Tablet [Adipin],Branded Drug,RxNorm Extension,Delayed Release Oral Tablet
nifedipine,35751470,Nifedipine 30 MG Delayed Release Oral Tablet Box of 28 by Ennogen,Marketed Product,RxNorm Extension,Delayed Release Oral Tablet
nifedipine,35772525,Nifedipine 30 MG Delayed Release Oral Tablet [Adalat LA] Box of 28 by DE,Marketed Product,RxNorm Extension,Delayed Release Oral Tablet
nifedipine,35777500,1 ML Nifedipine 2 MG/ML Oral Suspension by Drug Tariff Special Order,Marketed Product,RxNorm Extension,Oral Suspension
nifedipine,41071539,Nifedipine 60 MG Extended Release Oral Tablet [Aprical] Box of 30 by Medice,Marketed Product,RxNorm Extension,Extended Release Oral Tablet
nifedipine,42657630,Nifedipine 60 MG Extended Release Oral Capsule Box of 98 by Eurogenerics,Marketed Product,RxNorm Extension,Extended Release Oral Capsule
nifedipine,40915493,Nifedipine 20 MG Extended Release Oral Tablet [Adalat] Box of 50 by Bonapharma,Marketed Product,RxNorm Extension,Extended Release Oral Tablet
nifedipine,35146073,Nifedipine Oral Granules,Clinical Drug Form,RxNorm Extension,Oral Granules
nifedipine,43034960,Nifedipine 20 MG Extended Release Oral Tablet Box of 30 by Ranbaxy,Marketed Product,RxNorm Extension,Extended Release Oral Tablet
nifedipine,43217490,Nifedipine 30 MG Extended Release Oral Tablet [Nifedipin Sandoz] Box of 30,Branded Drug Box,RxNorm Extension,Extended Release Oral Tablet
nifedipine,21162881,Nifedipine 10 MG Extended Release Oral Tablet by Cubic,Marketed Product,RxNorm Extension,Extended Release Oral Tablet
nifedipine,40842820,Nifedipine 20 MG Extended Release Oral Capsule [Jutadilat] Box of 100,Branded Drug Box,RxNorm Extension,Extended Release Oral Capsule
nifedipine,21035112,Nifedipine 20 MG/ML Oral Solution,Clinical Drug,RxNorm Extension,Oral Solution
nifedipine,43639365,Nifedipine 20 MG Extended Release Oral Tablet [Nifehexal] by Hexal,Marketed Product,RxNorm Extension,Extended Release Oral Tablet
nifedipine,35887748,nifedipine 60 MG Extended Release Oral Capsule [Coracten XL],Branded Drug,RxNorm Extension,Extended Release Oral Capsule
nifedipine,35751459,Nifedipine 10 MG Extended Release Oral Capsule [Adalat] Box of 50 by Stephar,Marketed Product,RxNorm Extension,Extended Release Oral Capsule
nifedipine,42935155,Nifedipine Extended Release Oral Tablet [ADALAT OROS],Branded Drug Form,RxNorm Extension,Extended Release Oral Tablet
nifedipine,41217516,Nifedipine 10 MG Extended Release Oral Tablet [Tp Mpa] Box of 100,Branded Drug Box,RxNorm Extension,Extended Release Oral Tablet
nifedipine,40874027,Nifedipine 20 MG Extended Release Oral Capsule [Nife Klast] Box of 50,Branded Drug Box,RxNorm Extension,Extended Release Oral Capsule
nifedipine,41186194,Nifedipine 40 MG Extended Release Oral Tablet [Corinfar],Branded Drug,RxNorm Extension,Extended Release Oral Tablet
nifedipine,35145759,Nifedipine 20 MG Extended Release Oral Tablet by Kyowa,Marketed Product,RxNorm Extension,Extended Release Oral Tablet
nifedipine,41186217,Nifedipine 10 MG Oral Capsule [Nifical] Box of 20,Branded Drug Box,RxNorm Extension,Oral Capsule
nifedipine,41271686,Nifedipine 40 MG Extended Release Oral Tablet Box of 50,Clinical Drug Box,RxNorm Extension,Extended Release Oral Tablet
nifedipine,41165598,Nifedipine 60 MG Extended Release Oral Tablet [Aprical] Box of 50 by Shire,Marketed Product,RxNorm Extension,Extended Release Oral Tablet
nifedipine,40998679,Nifedipine 60 MG Extended Release Oral Tablet [Nifedipin Stada] Box of 100,Branded Drug Box,RxNorm Extension,Extended Release Oral Tablet
nifedipine,21143139,Nifedipine 60 MG Extended Release Oral Tablet [Adanif XL] Box of 28 by Focus,Marketed Product,RxNorm Extension,Extended Release Oral Tablet
nifedipine,40835008,Nifedipine 20 MG Oral Capsule Box of 250,Clinical Drug Box,RxNorm Extension,Oral Capsule
nifedipine,41248605,Nifedipine 20 MG Extended Release Oral Tablet [Nife Wolff] Box of 50,Branded Drug Box,RxNorm Extension,Extended Release Oral Tablet
nifedipine,41258845,Nifedipine 40 MG Extended Release Oral Tablet [Nifedipin Stada] Box of 100 by Aliud,Marketed Product,RxNorm Extension,Extended Release Oral Tablet
nifedipine,41060865,Nifedipine 10 MG Extended Release Oral Tablet [Dignokonstant] Box of 50,Branded Drug Box,RxNorm Extension,Extended Release Oral Tablet
nifedipine,40904965,Nifedipine 20 MG Extended Release Oral Tablet [Dignokonstant],Branded Drug,RxNorm Extension,Extended Release Oral Tablet
nifedipine,41271693,Nifedipine 30 MG Extended Release Oral Tablet Box of 42,Clinical Drug Box,RxNorm Extension,Extended Release Oral Tablet
nifedipine,41258864,Nifedipine 10 MG Oral Capsule [Nifedipat] Box of 50 by Azupharma,Marketed Product,RxNorm Extension,Oral Capsule
nifedipine,40725300,Nifedipine 20 MG Extended Release Oral Tablet [Adalat LA] Box of 28 by Sigma,Marketed Product,RxNorm Extension,Extended Release Oral Tablet
nifedipine,41248614,Nifedipine 20 MG Extended Release Oral Tablet [Adalat] Box of 1000,Branded Drug Box,RxNorm Extension,Extended Release Oral Tablet
nifedipine,43294650,Nifedipine 60 MG Extended Release Oral Tablet [Adefin],Branded Drug,RxNorm Extension,Extended Release Oral Tablet
nifedipine,41092508,Nifedipine 20 MG Oral Capsule [Adalat] Box of 400,Branded Drug Box,RxNorm Extension,Oral Capsule
labetalol,21046494,Labetalol 200 MG Oral Tablet Box of 56 by Alliance,Marketed Product,RxNorm Extension,Oral Tablet
nifedipine,44178508,Nifedipine 20 MG Oral Tablet [Cordicant] Box of 50 by Mundipharma,Marketed Product,RxNorm Extension,Oral Tablet
nifedipine,36783381,Nifedipine 30 MG Extended Release Oral Tablet [Adalat] Box of 28 by PI-Pharma,Marketed Product,RxNorm Extension,Extended Release Oral Tablet
nifedipine,21172594,Nifedipine Extended Release Oral Tablet [Adipin],Branded Drug Form,RxNorm Extension,Extended Release Oral Tablet
nifedipine,21143123,Nifedipine 20 MG Extended Release Oral Tablet [Adalat LA] Box of 28 by Dowelhurst,Marketed Product,RxNorm Extension,Extended Release Oral Tablet
nifedipine,21123316,Nifedipine 30 MG Extended Release Oral Tablet [Adalat LA] Box of 28 by DE,Marketed Product,RxNorm Extension,Extended Release Oral Tablet
nifedipine,21044965,Nifedipine 60 MG Extended Release Oral Tablet [Adalat LA] Box of 28 by Sigma-Tau,Marketed Product,RxNorm Extension,Extended Release Oral Tablet
labetalol,21154525,Labetalol 100 MG Oral Tablet by Sandoz,Marketed Product,RxNorm Extension,Oral Tablet
nifedipine,40884506,Nifedipine 10 MG Extended Release Oral Tablet Box of 30 by Acis,Marketed Product,RxNorm Extension,Extended Release Oral Tablet
nifedipine,40874004,Nifedipine 10 MG Oral Capsule [Nife Isis] Box of 50,Branded Drug Box,RxNorm Extension,Oral Capsule
nifedipine,41147413,Nifedipine 20 MG/ML Oral Solution Box of 2,Clinical Drug Box,RxNorm Extension,Oral Solution
nifedipine,41060878,Nifedipine 10 MG Oral Capsule [Duranifin] Box of 50,Branded Drug Box,RxNorm Extension,Oral Capsule
nifedipine,41009161,Nifedipine 10 MG Oral Capsule [Adalat] Box of 100 by Gerke,Marketed Product,RxNorm Extension,Oral Capsule
nifedipine,40946822,Nifedipine 5 MG Oral Capsule [Nife Basf] Box of 30 by Novartis,Marketed Product,RxNorm Extension,Oral Capsule
nifedipine,41092476,Nifedipine 20 MG/ML Oral Solution [Pidilat] Box of 5,Branded Drug Box,RxNorm Extension,Oral Solution
nifedipine,21103914,Nifedipine 10 MG Oral Capsule by Kent,Marketed Product,RxNorm Extension,Oral Capsule
nifedipine,41310634,Nifedipine 10 MG Oral Tablet [Nifreal] Box of 100,Branded Drug Box,RxNorm Extension,Oral Tablet
nifedipine,41197019,Nifedipine 20 MG Oral Tablet [Nife] Box of 50 by AbZ-Pharma,Marketed Product,RxNorm Extension,Oral Tablet
nifedipine,40866137,Nifedipine 20 MG/ML Oral Solution Box of 10,Clinical Drug Box,RxNorm Extension,Oral Solution
nifedipine,41155168,Nifedipine 20 MG Oral Tablet [Nifedipin Basics] Box of 50,Branded Drug Box,RxNorm Extension,Oral Tablet
nifedipine,41147418,Nifedipine 20 MG Oral Tablet Box of 2000,Clinical Drug Box,RxNorm Extension,Oral Tablet
nifedipine,40946819,Nifedipine 10 MG Oral Tablet [Dignokonstant] Box of 50 by Daiichi Sankyo,Marketed Product,RxNorm Extension,Oral Tablet
nifedipine,41417168,100 ML Nifedipine 0.2 MG/ML Oral Solution Box of 1 by Ratiopharm,Marketed Product,RxNorm Extension,Oral Solution
nifedipine,40946818,Nifedipine 10 MG Oral Tablet [Nifedipin Basics] Box of 20 by Basics,Marketed Product,RxNorm Extension,Oral Tablet
nifedipine,40853305,Nifedipine 20 MG Oral Tablet [Nifedipin 1a Pharma] Box of 30 by 1 A,Marketed Product,RxNorm Extension,Oral Tablet
nifedipine,43272969,Nifedipine 10 MG Oral Tablet [Adalat],Branded Drug,RxNorm Extension,Oral Tablet
labetalol,21036628,Labetalol 400 MG Oral Tablet by Actavis,Marketed Product,RxNorm Extension,Oral Tablet
nifedipine,43195628,Nifedipine 20 MG Oral Tablet Box of 60,Clinical Drug Box,RxNorm Extension,Oral Tablet
labetalol,36267344,Labetalol 100 MG Oral Tablet Box of 75,Clinical Drug Box,RxNorm Extension,Oral Tablet
nifedipine,41092497,Nifedipine 20 MG Oral Tablet [Nifedipin Basics],Branded Drug,RxNorm Extension,Oral Tablet
labetalol,36966033,labetalol 400 MG Oral Tablet Box of 56 by Viatris Healthcare,Marketed Product,RxNorm Extension,Oral Tablet
nifedipine,40977782,Nifedipine 60 MG Oral Tablet [Nifedipin Stada] Box of 50 by Stada,Marketed Product,RxNorm Extension,Oral Tablet
nifedipine,40936203,Nifedipine 10 MG Oral Tablet [Adalat] Box of 100,Branded Drug Box,RxNorm Extension,Oral Tablet
nifedipine,41165633,Nifedipine 20 MG Oral Tablet [Nife-Ct] Box of 50 by AbZ-Pharma,Marketed Product,RxNorm Extension,Oral Tablet
nifedipine,41123701,Nifedipine 20 MG Oral Tablet [Nifedipin Verla] Box of 20,Branded Drug Box,RxNorm Extension,Oral Tablet
nifedipine,41071561,Nifedipine 20 MG Oral Tablet [Nifedipin Verla] Box of 30 by Verla,Marketed Product,RxNorm Extension,Oral Tablet
labetalol,43141034,Labetalol Delayed Release Oral Tablet [Trandate],Branded Drug Form,RxNorm Extension,Delayed Release Oral Tablet
labetalol,43141037,Labetalol 200 MG Delayed Release Oral Tablet [Trandate] Box of 180,Branded Drug Box,RxNorm Extension,Delayed Release Oral Tablet
nifedipine,41071572,Nifedipine 20 MG Extended Release Oral Tablet Box of 30 by Ratiopharm,Marketed Product,RxNorm Extension,Extended Release Oral Tablet
nifedipine,41029713,Nifedipine 60 MG Extended Release Oral Tablet [Nifedipin Basics] Box of 50,Branded Drug Box,RxNorm Extension,Extended Release Oral Tablet
nifedipine,35150119,Nifedipine Extended Release Oral Capsule [Emaberin],Branded Drug Form,RxNorm Extension,Extended Release Oral Capsule
nifedipine,40874006,Nifedipine 10 MG Oral Capsule [Adalate] Box of 50,Branded Drug Box,RxNorm Extension,Oral Capsule
nifedipine,44062927,Nifedipine 20 MG Extended Release Oral Tablet [Adalat] by Bayer,Marketed Product,RxNorm Extension,Extended Release Oral Tablet
nifedipine,43195626,Nifedipine 20 MG Extended Release Oral Tablet Box of 180,Clinical Drug Box,RxNorm Extension,Extended Release Oral Tablet
nifedipine,21054778,Nifedipine 60 MG Extended Release Oral Tablet [Adipin] Box of 28 by Chiesi,Marketed Product,RxNorm Extension,Extended Release Oral Tablet
nifedipine,43657435,Nifedipine 5 MG Oral Capsule [Nifedipin Al] by Aliud,Marketed Product,RxNorm Extension,Oral Capsule
nifedipine,36276743,Nifedipine 40 MG Extended Release Oral Capsule [Hypan] Box of 56 by Takeda,Marketed Product,RxNorm Extension,Extended Release Oral Capsule
nifedipine,35746058,Nifedipine 10 MG Extended Release Oral Capsule [Angiopine] Box of 84,Branded Drug Box,RxNorm Extension,Extended Release Oral Capsule
nifedipine,40823989,Nifedipine 20 MG Extended Release Oral Capsule [Nifedipin Sandoz],Branded Drug,RxNorm Extension,Extended Release Oral Capsule
nifedipine,41197011,Nifedipine 20 MG Extended Release Oral Capsule [Jedipin] Box of 30 by Jenapharm,Marketed Product,RxNorm Extension,Extended Release Oral Capsule
nifedipine,35131910,Nifedipine 10 MG Extended Release Oral Tablet by Sanwa Kagaku,Marketed Product,RxNorm Extension,Extended Release Oral Tablet
nifedipine,21172625,Nifedipine 40 MG Extended Release Oral Tablet [Fortipine LA] Box of 30,Branded Drug Box,RxNorm Extension,Extended Release Oral Tablet
nifedipine,41228053,Nifedipine 40 MG Extended Release Oral Tablet [Cisday] Box of 20 by Kytta Siegfried,Marketed Product,RxNorm Extension,Extended Release Oral Tablet
nifedipine,41217563,Nifedipine 20 MG Extended Release Oral Tablet [Pidilat],Branded Drug,RxNorm Extension,Extended Release Oral Tablet
nifedipine,40998718,Nifedipine 20 MG Extended Release Oral Capsule [Nifedipin Sandoz] Box of 30,Branded Drug Box,RxNorm Extension,Extended Release Oral Capsule
nifedipine,44124882,Nifedipine 20 MG Extended Release Oral Tablet [Nu-Nifedipine-Pa],Branded Drug,RxNorm Extension,Extended Release Oral Tablet
nifedipine,36419772,Nifedipine 50 MG Extended Release Oral Tablet [Corinfar] Box of 20,Branded Drug Box,RxNorm Extension,Extended Release Oral Tablet
nifedipine,41217584,Nifedipine 20 MG Oral Capsule [Nife Isis] Box of 30,Branded Drug Box,RxNorm Extension,Oral Capsule
nifedipine,41155135,Nifedipine 10 MG Oral Capsule [Nifedipin Al] Box of 30,Branded Drug Box,RxNorm Extension,Oral Capsule
nifedipine,41060866,Nifedipine 10 MG Extended Release Oral Tablet [Dignokonstant] Box of 25,Branded Drug Box,RxNorm Extension,Extended Release Oral Tablet
nifedipine,40946825,Nifedipine 5 MG Oral Capsule [Cordicant] Box of 100 by Mundipharma,Marketed Product,RxNorm Extension,Oral Capsule
nifedipine,21143133,Nifedipine 30 MG Extended Release Oral Tablet [Hypolar] by Sandoz,Marketed Product,RxNorm Extension,Extended Release Oral Tablet
nifedipine,21113719,Nifedipine 30 MG Extended Release Oral Tablet [Adalat LA] Box of 14 by Mawdsley-Brooks,Marketed Product,RxNorm Extension,Extended Release Oral Tablet
nifedipine,21084222,Nifedipine 20 MG Extended Release Oral Tablet Box of 28 by Ennogen,Marketed Product,RxNorm Extension,Extended Release Oral Tablet
nifedipine,36783383,Nifedipine 40 MG Extended Release Oral Tablet [Hypan] Box of 56,Branded Drug Box,RxNorm Extension,Extended Release Oral Tablet
nifedipine,41228054,Nifedipine 60 MG Extended Release Oral Tablet [Adalat] Box of 42 by Bayer,Marketed Product,RxNorm Extension,Extended Release Oral Tablet
nifedipine,41310633,Nifedipine 10 MG Extended Release Oral Tablet [Tp Mtk],Branded Drug,RxNorm Extension,Extended Release Oral Tablet
nifedipine,41279355,Nifedipine 5 MG Oral Capsule [Corinfar] Box of 100,Branded Drug Box,RxNorm Extension,Oral Capsule
nifedipine,43783251,Nifedipine 20 MG/ML Oral Solution [Nifedipin-ratiopharm] Box of 100,Branded Drug Box,RxNorm Extension,Oral Solution
nifedipine,40853292,Nifedipine 30 MG Extended Release Oral Tablet [Adalat] Box of 100 by Bayer,Marketed Product,RxNorm Extension,Extended Release Oral Tablet
nifedipine,40936235,Nifedipine 20 MG Extended Release Oral Tablet [Nifelat] Box of 50,Branded Drug Box,RxNorm Extension,Extended Release Oral Tablet
nifedipine,41289978,Nifedipine 10 MG Oral Capsule [Corotrend] Box of 30 by Kytta Siegfried,Marketed Product,RxNorm Extension,Oral Capsule
nifedipine,44098885,Nifedipine 60 MG Extended Release Oral Tablet [NIFEDIPINE MYLAN],Branded Drug,RxNorm Extension,Extended Release Oral Tablet
nifedipine,43272974,Nifedipine 60 MG Extended Release Oral Tablet [Addos] Box of 30,Branded Drug Box,RxNorm Extension,Extended Release Oral Tablet
nifedipine,40897320,Nifedipine 20 MG Oral Capsule Box of 2000,Clinical Drug Box,RxNorm Extension,Oral Capsule
nifedipine,35158822,Nifedipine 40 MG Extended Release Oral Tablet by Sawai Seiyaku,Marketed Product,RxNorm Extension,Extended Release Oral Tablet
nifedipine,21103925,Nifedipine 60 MG Extended Release Oral Tablet [Valni] by Zentiva,Marketed Product,RxNorm Extension,Extended Release Oral Tablet
nifedipine,40884543,Nifedipine 20 MG Extended Release Oral Tablet [Adalat] Box of 50 by Alpha Med,Marketed Product,RxNorm Extension,Extended Release Oral Tablet
nifedipine,41165619,Nifedipine 5 MG Oral Capsule [Duranifin] Box of 500 by Mylan,Marketed Product,RxNorm Extension,Oral Capsule
nifedipine,41289980,Nifedipine 10 MG Oral Capsule [Adalat] Box of 50 by Gerke,Marketed Product,RxNorm Extension,Oral Capsule
nifedipine,41123668,Nifedipine 10 MG Oral Capsule [Nife Wolff],Branded Drug,RxNorm Extension,Oral Capsule
nifedipine,40977809,Nifedipine 5 MG Oral Capsule [Corinfar] Box of 50 by TEVA,Marketed Product,RxNorm Extension,Oral Capsule
nifedipine,40725330,Nifedipine 5 MG Oral Capsule Box of 84 by Sigma,Marketed Product,RxNorm Extension,Oral Capsule
nifedipine,40967350,Nifedipine 10 MG Oral Capsule [Nifedipin Al] Box of 100,Branded Drug Box,RxNorm Extension,Oral Capsule
nifedipine,41385066,30 ML Nifedipine 20 MG/ML Oral Solution [Nife Wolff] Box of 1,Quant Branded Box,RxNorm Extension,Oral Solution
nifedipine,21103926,Nifedipine 5 MG Oral Capsule by Mylan,Marketed Product,RxNorm Extension,Oral Capsule
nifedipine,40936204,Nifedipine 20 MG/ML Oral Solution [Nifedipin Stada] Box of 1,Branded Drug Box,RxNorm Extension,Oral Solution
nifedipine,41123698,Nifedipine 20 MG Oral Tablet [Pidilat] Box of 250,Branded Drug Box,RxNorm Extension,Oral Tablet
nifedipine,41386224,30 ML Nifedipine 0.667 MG/ML Oral Solution [Cordicant] Box of 1,Quant Branded Box,RxNorm Extension,Oral Solution
nifedipine,41384918,30 ML Nifedipine 20 MG/ML Oral Solution [Corinfar] Box of 10,Quant Branded Box,RxNorm Extension,Oral Solution
nifedipine,43765081,Nifedipine 0.0000499 MG/MG Oral Solution,Clinical Drug,RxNorm Extension,Oral Solution
nifedipine,43289209,Nifedipine 20 MG Oral Tablet Box of 60 by Genrx,Marketed Product,RxNorm Extension,Oral Tablet
nifedipine,43206512,Nifedipine 20 MG Oral Tablet [NIFEDIPINE MYLAN] Box of 60 by Mylan,Marketed Product,RxNorm Extension,Oral Tablet
labetalol,36266003,Labetalol 200 MG Oral Tablet [Trandate] Box of 75 by Aspen,Marketed Product,RxNorm Extension,Oral Tablet
labetalol,21085734,Labetalol 200 MG Oral Tablet by Waymade,Marketed Product,RxNorm Extension,Oral Tablet
nifedipine,40946839,Nifedipine 20 MG Oral Tablet [Dignokonstant] Box of 20 by Daiichi Sankyo,Marketed Product,RxNorm Extension,Oral Tablet
nifedipine,40884502,Nifedipine 10 MG Oral Tablet [Nifedipin Pb] Box of 100 by Docpharm,Marketed Product,RxNorm Extension,Oral Tablet
nifedipine,41071566,Nifedipine 20 MG Oral Tablet [Nife-Ct] Box of 30 by AbZ-Pharma,Marketed Product,RxNorm Extension,Oral Tablet
nifedipine,41060919,Nifedipine 20 MG Oral Tablet [Nife Abz],Branded Drug,RxNorm Extension,Oral Tablet
nifedipine,40825544,Nifedipine 20 MG Oral Tablet [Nife Wolff] Box of 100,Branded Drug Box,RxNorm Extension,Oral Tablet
nifedipine,41217565,Nifedipine 20 MG Oral Tablet [Nifical] Box of 50,Branded Drug Box,RxNorm Extension,Oral Tablet
nifedipine,41186201,Nifedipine 60 MG Oral Tablet [Adalat] Box of 42,Branded Drug Box,RxNorm Extension,Oral Tablet
nifedipine,40998733,Nifedipine 20 MG Oral Tablet [Corinfar],Branded Drug,RxNorm Extension,Oral Tablet
nifedipine,41289969,Nifedipine 60 MG Oral Tablet [Aprical] Box of 50 by Shire,Marketed Product,RxNorm Extension,Oral Tablet
nifedipine,41123675,Nifedipine 10 MG Oral Tablet [Corotrend] Box of 100,Branded Drug Box,RxNorm Extension,Oral Tablet
labetalol,43141035,Labetalol 200 MG Delayed Release Oral Tablet [Trandate],Branded Drug,RxNorm Extension,Delayed Release Oral Tablet
labetalol,41250093,Labetalol 200 MG Delayed Release Oral Tablet [Trandate] Box of 25,Branded Drug Box,RxNorm Extension,Delayed Release Oral Tablet
nifedipine,21152992,Nifedipine 20 MG Extended Release Oral Capsule [Coracten SR] by DE,Marketed Product,RxNorm Extension,Extended Release Oral Capsule
nifedipine,21152989,Nifedipine Extended Release Oral Tablet [Fortipine LA],Branded Drug Form,RxNorm Extension,Extended Release Oral Tablet
nifedipine,43729182,Nifedipine 20 MG Extended Release Oral Tablet [Nifedipin-ratiopharm] by Ratiopharm,Marketed Product,RxNorm Extension,Extended Release Oral Tablet
nifedipine,40904944,Nifedipine 20 MG Extended Release Oral Capsule [Nife-Ct] Box of 100,Branded Drug Box,RxNorm Extension,Extended Release Oral Capsule
nifedipine,21162874,Nifedipine 20 MG Extended Release Oral Tablet [Nifedipress MR] by Actavis,Marketed Product,RxNorm Extension,Extended Release Oral Tablet
nifedipine,41071571,Nifedipine 20 MG Extended Release Oral Tablet [Adalat] Box of 50 by Bayer,Marketed Product,RxNorm Extension,Extended Release Oral Tablet
nifedipine,40915453,Nifedipine 60 MG Extended Release Oral Tablet Box of 50 by Ratiopharm,Marketed Product,RxNorm Extension,Extended Release Oral Tablet
nifedipine,40821494,Nifedipine 20 MG Extended Release Oral Capsule [Aprical] Box of 1000,Branded Drug Box,RxNorm Extension,Extended Release Oral Capsule
nifedipine,36963831,nifedipine 20 MG Extended Release Oral Tablet [Coroday MR] Box of 56 by Viatris Healthcare,Marketed Product,RxNorm Extension,Extended Release Oral Tablet
nifedipine,41310674,Nifedipine 20 MG Extended Release Oral Tablet [Nifsigma] Box of 30,Branded Drug Box,RxNorm Extension,Extended Release Oral Tablet
nifedipine,41217568,Nifedipine 20 MG Extended Release Oral Tablet [Nifedipin Verla] Box of 50,Branded Drug Box,RxNorm Extension,Extended Release Oral Tablet
nifedipine,40873991,Nifedipine 40 MG Extended Release Oral Tablet [Cordicant] Box of 100,Branded Drug Box,RxNorm Extension,Extended Release Oral Tablet
nifedipine,21153036,Nifedipine 60 MG Extended Release Oral Tablet [Adalat LA] by Sigma-Tau,Marketed Product,RxNorm Extension,Extended Release Oral Tablet
nifedipine,35887751,nifedipine 30 MG Extended Release Oral Tablet Box of 28 by Morningside,Marketed Product,RxNorm Extension,Extended Release Oral Tablet
nifedipine,35157676,Nifedipine 10 MG Extended Release Oral Tablet [Herlat],Branded Drug,RxNorm Extension,Extended Release Oral Tablet
nifedipine,41248603,Nifedipine 20 MG Extended Release Oral Tablet [Nifedipin Al] Box of 98,Branded Drug Box,RxNorm Extension,Extended Release Oral Tablet
nifedipine,21162879,Nifedipine 4 MG/ML Oral Suspension,Clinical Drug,RxNorm Extension,Oral Suspension
nifedipine,41386638,30 ML Nifedipine 0.667 MG/ML Oral Solution [Corinfar] Box of 10 by TEVA,Marketed Product,RxNorm Extension,Oral Solution
nifedipine,40967386,Nifedipine 20 MG Extended Release Oral Tablet [Adalate],Branded Drug,RxNorm Extension,Extended Release Oral Tablet
nifedipine,41217562,Nifedipine 20 MG Extended Release Oral Tablet [Pidilat] Box of 50,Branded Drug Box,RxNorm Extension,Extended Release Oral Tablet
nifedipine,41040261,Nifedipine 60 MG Extended Release Oral Tablet [Aprical] Box of 100 by Amdipharm,Marketed Product,RxNorm Extension,Extended Release Oral Tablet
nifedipine,41310687,Nifedipine 20 MG Extended Release Oral Tablet [Jutadilat] Box of 100,Branded Drug Box,RxNorm Extension,Extended Release Oral Tablet
nifedipine,35145763,Nifedipine Oral Capsule [Casanmil],Branded Drug Form,RxNorm Extension,Oral Capsule
nifedipine,41279348,Nifedipine 10 MG Oral Capsule [Aprical] Box of 500,Branded Drug Box,RxNorm Extension,Oral Capsule
nifedipine,41084668,Nifedipine 20 MG Oral Capsule Box of 30,Clinical Drug Box,RxNorm Extension,Oral Capsule
nifedipine,21064637,Nifedipine 60 MG Extended Release Oral Tablet [Neozipine XL] by Kent,Marketed Product,RxNorm Extension,Extended Release Oral Tablet
nifedipine,21064630,Nifedipine 30 MG Extended Release Oral Tablet by Ennogen,Marketed Product,RxNorm Extension,Extended Release Oral Tablet
nifedipine,36419775,Nifedipine 50 MG Extended Release Oral Tablet Box of 50,Clinical Drug Box,RxNorm Extension,Extended Release Oral Tablet
nifedipine,40853280,Nifedipine 10 MG Oral Capsule [Nifecor] Box of 100 by Betapharm,Marketed Product,RxNorm Extension,Oral Capsule
nifedipine,21172601,Nifedipine 20 MG Extended Release Oral Tablet [Nifopress MR] by TEVA,Marketed Product,RxNorm Extension,Extended Release Oral Tablet
nifedipine,21153001,Nifedipine 20 MG Extended Release Oral Tablet [Slofedipine] Box of 56,Branded Drug Box,RxNorm Extension,Extended Release Oral Tablet
nifedipine,41102945,Nifedipine 10 MG Extended Release Oral Tablet [Dignokonstant] Box of 100 by Daiichi Sankyo,Marketed Product,RxNorm Extension,Extended Release Oral Tablet
nifedipine,40874033,Nifedipine 20 MG Extended Release Oral Tablet [Nifedipin Verla] Box of 100,Branded Drug Box,RxNorm Extension,Extended Release Oral Tablet
nifedipine,41248582,Nifedipine 5 MG Oral Capsule [Nife Wolff],Branded Drug,RxNorm Extension,Oral Capsule
nifedipine,41029725,Nifedipine 10 MG Oral Capsule [Nife Puren] Box of 20,Branded Drug Box,RxNorm Extension,Oral Capsule
nifedipine,41279379,Nifedipine 20 MG Oral Tablet [Nife] Box of 30,Branded Drug Box,RxNorm Extension,Oral Tablet
nifedipine,41040275,Nifedipine 5 MG Oral Capsule [Pidilat] Box of 250 by Mylan,Marketed Product,RxNorm Extension,Oral Capsule
nifedipine,40824406,Nifedipine 10 MG Oral Capsule [Aprical] Box of 30 by Shire,Marketed Product,RxNorm Extension,Oral Capsule
nifedipine,41389358,30 ML Nifedipine 0.667 MG/ML Oral Solution [Pidilat] Box of 1,Quant Branded Box,RxNorm Extension,Oral Solution
nifedipine,40915448,Nifedipine 40 MG Oral Tablet [Duranifin] Box of 50 by Mylan,Marketed Product,RxNorm Extension,Oral Tablet
nifedipine,40831762,Nifedipine Oral Tablet [Jutadilat],Branded Drug Form,RxNorm Extension,Oral Tablet
nifedipine,40977821,Nifedipine 20 MG Oral Tablet [Nife 1a Pharma] Box of 30 by 1 A,Marketed Product,RxNorm Extension,Oral Tablet
nifedipine,2064027,nifedipine Oral Tablet [NIPIDINE],Branded Drug Form,RxNorm Extension,Oral Tablet
nifedipine,41321256,Nifedipine 60 MG Oral Tablet [Aprical] Box of 30 by Medice,Marketed Product,RxNorm Extension,Oral Tablet
nifedipine,40904950,Nifedipine 20 MG Oral Tablet [Nifedipin Verla] Box of 30,Branded Drug Box,RxNorm Extension,Oral Tablet
nifedipine,41049947,Nifedipine Oral Tablet [Nifedipin Abz],Branded Drug Form,RxNorm Extension,Oral Tablet
nifedipine,41155173,Nifedipine 20 MG Oral Tablet [Nife Isis] Box of 30,Branded Drug Box,RxNorm Extension,Oral Tablet
nifedipine,36119637,nifedipine Extended Release Oral Tablet [Dexipress],Branded Drug Form,RxNorm Extension,Extended Release Oral Tablet
nifedipine,21113695,Nifedipine 20 MG Extended Release Oral Tablet Box of 56 by AM Distributions,Marketed Product,RxNorm Extension,Extended Release Oral Tablet
nifedipine,35160061,Nifedipine Extended Release Oral Tablet [Kisalart L],Branded Drug Form,RxNorm Extension,Extended Release Oral Tablet
nifedipine,41248570,Nifedipine 10 MG Oral Capsule [Nife-Ct] Box of 50,Branded Drug Box,RxNorm Extension,Oral Capsule
nifedipine,41217553,Nifedipine 30 MG Extended Release Oral Tablet [Nifehexal] Box of 100,Branded Drug Box,RxNorm Extension,Extended Release Oral Tablet
nifedipine,35745407,Nifedipine Extended Release Oral Capsule [Angiopine],Branded Drug Form,RxNorm Extension,Extended Release Oral Capsule
nifedipine,41197010,Nifedipine 20 MG Extended Release Oral Capsule [Nife Puren] Box of 50 by Puren,Marketed Product,RxNorm Extension,Extended Release Oral Capsule
nifedipine,21064621,Nifedipine 20 MG Extended Release Oral Tablet Box of 56 by Icarus,Marketed Product,RxNorm Extension,Extended Release Oral Tablet
nifedipine,35747321,Nifedipine 10 MG Extended Release Oral Capsule by Alliance,Marketed Product,RxNorm Extension,Extended Release Oral Capsule
nifedipine,43585200,Nifedipine 20 MG Extended Release Oral Capsule [Nifedipin-ratiopharm] by Ratiopharm,Marketed Product,RxNorm Extension,Extended Release Oral Capsule
nifedipine,40987687,Nifedipine Extended Release Oral Capsule [Am Nifedipin],Branded Drug Form,RxNorm Extension,Extended Release Oral Capsule
nifedipine,40928325,Nifedipine 20 MG Extended Release Oral Capsule Box of 50,Clinical Drug Box,RxNorm Extension,Extended Release Oral Capsule
nifedipine,40725318,Nifedipine 30 MG Extended Release Oral Tablet [Adalat LA] Box of 28 by Necessity Supplies,Marketed Product,RxNorm Extension,Extended Release Oral Tablet
nifedipine,40725302,Nifedipine 20 MG Extended Release Oral Tablet [Adalat LA] by Necessity Supplies,Marketed Product,RxNorm Extension,Extended Release Oral Tablet
nifedipine,40725299,Nifedipine 20 MG Extended Release Oral Tablet [Adalat LA] Box of 28 by Necessity Supplies,Marketed Product,RxNorm Extension,Extended Release Oral Tablet
nifedipine,41321254,Nifedipine 40 MG Extended Release Oral Tablet [Corinfar] Box of 50 by TEVA,Marketed Product,RxNorm Extension,Extended Release Oral Tablet
nifedipine,41134361,Nifedipine 5 MG Oral Capsule [Corotrend] Box of 50 by Novartis,Marketed Product,RxNorm Extension,Oral Capsule
nifedipine,41123670,Nifedipine 10 MG Oral Capsule [Leka],Branded Drug,RxNorm Extension,Oral Capsule
nifedipine,41060930,Nifedipine 20 MG Oral Capsule [Nifehexal] Box of 20,Branded Drug Box,RxNorm Extension,Oral Capsule
nifedipine,40998701,Nifedipine 10 MG Oral Capsule [Cordicant] Box of 50,Branded Drug Box,RxNorm Extension,Oral Capsule
nifedipine,21123315,Nifedipine 30 MG Extended Release Oral Tablet [Adanif XL] Box of 28,Branded Drug Box,RxNorm Extension,Extended Release Oral Tablet
nifedipine,40842804,Nifedipine 5 MG Oral Capsule [Nifedipin Stada] Box of 100,Branded Drug Box,RxNorm Extension,Oral Capsule
nifedipine,35831262,nifedipine 40 MG Extended Release Oral Tablet by Zensei,Marketed Product,RxNorm Extension,Extended Release Oral Tablet
nifedipine,35152006,Nifedipine 20 MG Extended Release Oral Tablet [Kisalart L],Branded Drug,RxNorm Extension,Extended Release Oral Tablet
nifedipine,21133192,Nifedipine 0.44 MG/ML Oral Suspension,Clinical Drug,RxNorm Extension,Oral Suspension
nifedipine,41310685,Nifedipine 20 MG Extended Release Oral Tablet [Nife Abz] Box of 100,Branded Drug Box,RxNorm Extension,Extended Release Oral Tablet
labetalol,43266987,Labetalol 200 MG Oral Tablet [Presolol] Box of 100,Branded Drug Box,RxNorm Extension,Oral Tablet
nifedipine,41155117,Nifedipine 40 MG Extended Release Oral Tablet [Dignokonstant] Box of 20,Branded Drug Box,RxNorm Extension,Extended Release Oral Tablet
nifedipine,41217522,Nifedipine 10 MG Extended Release Oral Tablet [Dignokonstant] Box of 100,Branded Drug Box,RxNorm Extension,Extended Release Oral Tablet
nifedipine,41299658,Nifedipine Oral Capsule [Nife-Ct],Branded Drug Form,RxNorm Extension,Oral Capsule
nifedipine,41279382,Nifedipine 20 MG Oral Capsule [Nife Isis] Box of 100,Branded Drug Box,RxNorm Extension,Oral Capsule
nifedipine,40873998,Nifedipine 10 MG Extended Release Oral Tablet [Nifedipin Basics] Box of 20,Branded Drug Box,RxNorm Extension,Extended Release Oral Tablet
nifedipine,36066811,nifedipine 5 MG Oral Capsule Box of 90 by Alliance,Marketed Product,RxNorm Extension,Oral Capsule
nifedipine,40831761,Nifedipine Extended Release Oral Tablet [Mtw Nifedipin],Branded Drug Form,RxNorm Extension,Extended Release Oral Tablet
nifedipine,43675573,Nifedipine Extended Release Oral Tablet [Nifedipin Atid],Branded Drug Form,RxNorm Extension,Extended Release Oral Tablet
nifedipine,41155139,Nifedipine 10 MG Oral Capsule [Jutadilat],Branded Drug,RxNorm Extension,Oral Capsule
nifedipine,40884509,Nifedipine 10 MG Oral Capsule [Adalat] Box of 100 by Eurim-Pharm,Marketed Product,RxNorm Extension,Oral Capsule
nifedipine,21074571,Nifedipine 30 MG Extended Release Oral Tablet [Adalat LA] Box of 28 by Sigma-Tau,Marketed Product,RxNorm Extension,Extended Release Oral Tablet
nifedipine,21143137,Nifedipine 60 MG Extended Release Oral Tablet Box of 28,Clinical Drug Box,RxNorm Extension,Extended Release Oral Tablet
nifedipine,44182208,Nifedipine 5 MG Oral Capsule [Corinfar] Box of 100 by TEVA,Marketed Product,RxNorm Extension,Oral Capsule
nifedipine,41310660,Nifedipine 5 MG Oral Capsule [Aprical] Box of 100,Branded Drug Box,RxNorm Extension,Oral Capsule
nifedipine,41248581,Nifedipine 5 MG Oral Capsule [Nifeclair] Box of 20,Branded Drug Box,RxNorm Extension,Oral Capsule
nifedipine,41102960,Nifedipine 5 MG Oral Capsule [Nifedipin Al] Box of 30 by Aliud,Marketed Product,RxNorm Extension,Oral Capsule
nifedipine,41009188,Nifedipine 20 MG Oral Capsule Box of 100 by Ratiopharm,Marketed Product,RxNorm Extension,Oral Capsule
nifedipine,40936216,Nifedipine 0.667 MG/ML Oral Solution [Aprical] Box of 3,Branded Drug Box,RxNorm Extension,Oral Solution
nifedipine,40977796,Nifedipine 10 MG Oral Capsule [Duranifin] Box of 50 by Mylan,Marketed Product,RxNorm Extension,Oral Capsule
nifedipine,41248555,Nifedipine 40 MG Oral Tablet [Nife Wolff],Branded Drug,RxNorm Extension,Oral Tablet
nifedipine,41165600,Nifedipine 10 MG Oral Tablet Box of 30 by Acis,Marketed Product,RxNorm Extension,Oral Tablet
nifedipine,41134370,Nifedipine 20 MG Oral Tablet [Nifical] Box of 50 by Sanofi,Marketed Product,RxNorm Extension,Oral Tablet
nifedipine,41134353,Nifedipine 10 MG Oral Tablet [Nifedipin Stada] Box of 50 by Stada,Marketed Product,RxNorm Extension,Oral Tablet
nifedipine,41134336,Nifedipine 40 MG Oral Tablet [Nifedipin Sandoz] Box of 50 by Novartis,Marketed Product,RxNorm Extension,Oral Tablet
nifedipine,41134365,Nifedipine 30 MG Oral Tablet Box of 50 by Ratiopharm,Marketed Product,RxNorm Extension,Oral Tablet
nifedipine,41248574,Nifedipine 20 MG/ML Oral Solution [Duranifin],Branded Drug,RxNorm Extension,Oral Solution
nifedipine,41009162,Nifedipine 10 MG Oral Tablet [Nifical] Box of 50 by Sanofi,Marketed Product,RxNorm Extension,Oral Tablet
nifedipine,41385666,30 ML Nifedipine 20 MG/ML Oral Solution [Corinfar],Quant Branded Drug,RxNorm Extension,Oral Solution
nifedipine,40904961,Nifedipine 20 MG Oral Tablet [Mtw Nifedipin] Box of 100,Branded Drug Box,RxNorm Extension,Oral Tablet
nifedipine,41279371,Nifedipine 20 MG Oral Tablet [Nifelat] Box of 100,Branded Drug Box,RxNorm Extension,Oral Tablet
nifedipine,41248554,Nifedipine 40 MG Oral Tablet [Nifecor],Branded Drug,RxNorm Extension,Oral Tablet
nifedipine,41290010,Nifedipine 20 MG Oral Tablet [Adalat] Box of 50 by Alpha Med,Marketed Product,RxNorm Extension,Oral Tablet
nifedipine,41102942,Nifedipine 10 MG Oral Tablet [Nifedipin Stada] Box of 20 by Stada,Marketed Product,RxNorm Extension,Oral Tablet
labetalol,21046497,Labetalol 50 MG Oral Tablet [Trandate] Box of 56 by Focus,Marketed Product,RxNorm Extension,Oral Tablet
labetalol,40991426,Labetalol 400 MG Oral Tablet Box of 25,Clinical Drug Box,RxNorm Extension,Oral Tablet
nifedipine,41258872,Nifedipine 10 MG Oral Tablet [Dignokonstant] Box of 100 by Daiichi Sankyo,Marketed Product,RxNorm Extension,Oral Tablet
nifedipine,41084665,Nifedipine 50 MG Oral Tablet Box of 250,Clinical Drug Box,RxNorm Extension,Oral Tablet
nifedipine,41165621,Nifedipine 30 MG Oral Tablet Box of 30 by Ratiopharm,Marketed Product,RxNorm Extension,Oral Tablet
nifedipine,40884514,Nifedipine 10 MG Oral Tablet [Corinfar] Box of 50 by TEVA,Marketed Product,RxNorm Extension,Oral Tablet
nifedipine,41321275,Nifedipine 5 MG Oral Capsule [Nifedipin Stada] Box of 50 by Stada,Marketed Product,RxNorm Extension,Oral Capsule
nifedipine,41248589,Nifedipine 0.667 MG/ML Oral Solution [Corinfar] Box of 1,Branded Drug Box,RxNorm Extension,Oral Solution
nifedipine,35764010,Nifedipine 10 MG Extended Release Oral Capsule Box of 100 by Ivax,Marketed Product,RxNorm Extension,Extended Release Oral Capsule
nifedipine,35145439,Nifedipine 20 MG Extended Release Oral Tablet [Herlat],Branded Drug,RxNorm Extension,Extended Release Oral Tablet
nifedipine,36066815,nifedipine 5 MG Oral Capsule by CST,Marketed Product,RxNorm Extension,Oral Capsule
nifedipine,41279331,Nifedipine 60 MG Extended Release Oral Tablet [Adalat] Box of 98,Branded Drug Box,RxNorm Extension,Extended Release Oral Tablet
nifedipine,41165630,Nifedipine 20 MG Extended Release Oral Tablet [Nife Isis] Box of 100 by Puren,Marketed Product,RxNorm Extension,Extended Release Oral Tablet
nifedipine,40998717,Nifedipine 30 MG Extended Release Oral Tablet [Nifedipin Basics] Box of 100,Branded Drug Box,RxNorm Extension,Extended Release Oral Tablet
nifedipine,41279365,Nifedipine 20 MG Extended Release Oral Capsule [Tp Mtk] Box of 50,Branded Drug Box,RxNorm Extension,Extended Release Oral Capsule
nifedipine,40725296,Nifedipine 20 MG Extended Release Oral Tablet [Adalat] Box of 60 by Sigma,Marketed Product,RxNorm Extension,Extended Release Oral Tablet
nifedipine,41060904,Nifedipine 20 MG Extended Release Oral Capsule [Nifedipin Sandoz] Box of 100,Branded Drug Box,RxNorm Extension,Extended Release Oral Capsule
nifedipine,43819232,Nifedipine 20 MG Extended Release Oral Tablet [Nifedipin Pb] by Docpharm,Marketed Product,RxNorm Extension,Extended Release Oral Tablet
nifedipine,41321292,Nifedipine 20 MG Extended Release Oral Tablet [Nife Wolff] Box of 100 by Wolff Bielefeld,Marketed Product,RxNorm Extension,Extended Release Oral Tablet
nifedipine,41123655,Nifedipine 60 MG Extended Release Oral Tablet [Nifehexal] Box of 30,Branded Drug Box,RxNorm Extension,Extended Release Oral Tablet
nifedipine,36783395,Nifedipine Extended Release Oral Tablet [Hypan],Branded Drug Form,RxNorm Extension,Extended Release Oral Tablet
nifedipine,35133343,Nifedipine 10 MG Extended Release Oral Tablet [Nifelantern],Branded Drug,RxNorm Extension,Extended Release Oral Tablet
nifedipine,41123686,Nifedipine 5 MG Oral Capsule [Aprical],Branded Drug,RxNorm Extension,Oral Capsule
nifedipine,41092469,Nifedipine 10 MG Oral Capsule [Jedipin] Box of 50,Branded Drug Box,RxNorm Extension,Oral Capsule
nifedipine,40904951,Nifedipine 20 MG Extended Release Oral Tablet [Nifedipin Verla] Box of 30,Branded Drug Box,RxNorm Extension,Extended Release Oral Tablet
nifedipine,35143847,Nifedipine Extended Release Oral Tablet [Herlat],Branded Drug Form,RxNorm Extension,Extended Release Oral Tablet
nifedipine,41279359,Nifedipine 30 MG Extended Release Oral Tablet [Nifehexal] Box of 30,Branded Drug Box,RxNorm Extension,Extended Release Oral Tablet
nifedipine,41123658,Nifedipine 60 MG Extended Release Oral Tablet [Aprical] Box of 98,Branded Drug Box,RxNorm Extension,Extended Release Oral Tablet
nifedipine,40915474,Nifedipine 30 MG Extended Release Oral Tablet [Adalat] Box of 50 by Bayer,Marketed Product,RxNorm Extension,Extended Release Oral Tablet
nifedipine,40904913,Nifedipine 60 MG Extended Release Oral Tablet [Adalat] Box of 42,Branded Drug Box,RxNorm Extension,Extended Release Oral Tablet
nifedipine,41071544,Nifedipine 10 MG Extended Release Oral Tablet [Nifedipin Verla] Box of 20 by Verla,Marketed Product,RxNorm Extension,Extended Release Oral Tablet
nifedipine,35135069,Nifedipine 10 MG Oral Capsule [Herlat],Branded Drug,RxNorm Extension,Oral Capsule
nifedipine,40725288,Nifedipine 60 MG Extended Release Oral Tablet [Adalat LA] by Necessity Supplies,Marketed Product,RxNorm Extension,Extended Release Oral Tablet
nifedipine,43765077,Nifedipine 60 MG Extended Release Oral Tablet [Nifedipin Basics],Branded Drug,RxNorm Extension,Extended Release Oral Tablet
nifedipine,41071551,Nifedipine 10 MG Oral Capsule [Adalat] Box of 84 by Bayer,Marketed Product,RxNorm Extension,Oral Capsule
nifedipine,35160561,Nifedipine Extended Release Oral Tablet [Ramitalate],Branded Drug Form,RxNorm Extension,Extended Release Oral Tablet
nifedipine,40998728,Nifedipine 20 MG Extended Release Oral Tablet [Nifeclair] Box of 100,Branded Drug Box,RxNorm Extension,Extended Release Oral Tablet
nifedipine,41071556,Nifedipine 5 MG Oral Capsule [Duranifin] Box of 50 by Mylan,Marketed Product,RxNorm Extension,Oral Capsule
nifedipine,41009155,Nifedipine 10 MG Oral Capsule [Pidilat] Box of 250 by Mylan,Marketed Product,RxNorm Extension,Oral Capsule
nifedipine,41279339,Nifedipine 10 MG Oral Capsule [Nifedipin Sandoz] Box of 100,Branded Drug Box,RxNorm Extension,Oral Capsule
nifedipine,41165603,Nifedipine 10 MG Oral Capsule [Nifecor] Box of 50 by Betapharm,Marketed Product,RxNorm Extension,Oral Capsule
labetalol,21144596,Labetalol 100 MG Oral Tablet [Trandate] Box of 56,Branded Drug Box,RxNorm Extension,Oral Tablet
nifedipine,41388945,30 ML Nifedipine 0.667 MG/ML Oral Solution Box of 2,Quant Clinical Box,RxNorm Extension,Oral Solution
nifedipine,21133176,Nifedipine 10 MG Oral Capsule [Adalat] by DE,Marketed Product,RxNorm Extension,Oral Capsule
labetalol,41280902,Labetalol 200 MG Oral Tablet [Trandate] Box of 50,Branded Drug Box,RxNorm Extension,Oral Tablet
nifedipine,41197001,Nifedipine 10 MG Oral Tablet [Nifeclair] Box of 20 by Hennig,Marketed Product,RxNorm Extension,Oral Tablet
nifedipine,41060864,Nifedipine 10 MG Oral Tablet [Nifelat] Box of 50,Branded Drug Box,RxNorm Extension,Oral Tablet
labetalol,36921652,labetalol 100 MG Oral Tablet [Trandate],Branded Drug,RxNorm Extension,Oral Tablet
nifedipine,41029718,Nifedipine 10 MG Oral Tablet [Nifreal],Branded Drug,RxNorm Extension,Oral Tablet
labetalol,40727621,Labetalol 400 MG Oral Tablet by Phoenix Healthcare Distribution,Marketed Product,RxNorm Extension,Oral Tablet
nifedipine,41289983,Nifedipine 10 MG Oral Tablet [Nifical] Box of 100 by Sanofi,Marketed Product,RxNorm Extension,Oral Tablet
nifedipine,41092450,Nifedipine 40 MG Oral Tablet [Cordicant] Box of 50,Branded Drug Box,RxNorm Extension,Oral Tablet
nifedipine,41009179,Nifedipine 20 MG Oral Tablet [Corotrend] Box of 50 by Novartis,Marketed Product,RxNorm Extension,Oral Tablet
nifedipine,41155154,Nifedipine 30 MG Oral Tablet [Nife-Ct] Box of 50,Branded Drug Box,RxNorm Extension,Oral Tablet
nifedipine,41092495,Nifedipine 20 MG Oral Tablet [Nifical],Branded Drug,RxNorm Extension,Oral Tablet
nifedipine,40925189,Nifedipine Oral Tablet [Nifedipin Ksk],Branded Drug Form,RxNorm Extension,Oral Tablet
labetalol,36783894,Labetalol 100 MG Delayed Release Oral Tablet [Trandate],Branded Drug,RxNorm Extension,Delayed Release Oral Tablet
nifedipine,35758535,Nifedipine 30 MG Delayed Release Oral Tablet [Adalat LA] Box of 14,Branded Drug Box,RxNorm Extension,Delayed Release Oral Tablet
labetalol,35755092,Labetalol 200 MG Delayed Release Oral Tablet Box of 56 by Sigma-Tau,Marketed Product,RxNorm Extension,Delayed Release Oral Tablet
nifedipine,35770757,Nifedipine 30 MG Delayed Release Oral Tablet Box of 14,Clinical Drug Box,RxNorm Extension,Delayed Release Oral Tablet
nifedipine,35750191,Nifedipine 30 MG Delayed Release Oral Tablet [Nimodrel XL],Branded Drug,RxNorm Extension,Delayed Release Oral Tablet
nifedipine,36272377,Nifedipine 40 MG Extended Release Oral Capsule Box of 56,Clinical Drug Box,RxNorm Extension,Extended Release Oral Capsule
nifedipine,21044957,Nifedipine 10 MG Extended Release Oral Tablet [Adalat] Box of 56,Branded Drug Box,RxNorm Extension,Extended Release Oral Tablet
nifedipine,21038243,1 ML Nifedipine 0.5 MG/ML Oral Suspension,Quant Clinical Drug,RxNorm Extension,Oral Suspension
nifedipine,36066806,nifedipine 10 MG Oral Capsule Box of 90 by Alliance,Marketed Product,RxNorm Extension,Oral Capsule
labetalol,21036626,Labetalol 200 MG Oral Tablet Box of 56 by Actavis,Marketed Product,RxNorm Extension,Oral Tablet
nifedipine,35130374,Nifedipine 10 MG/ML Oral Granules,Clinical Drug,RxNorm Extension,Oral Granules
nifedipine,41248566,Nifedipine 10 MG Extended Release Oral Tablet [Corinfar] Box of 100,Branded Drug Box,RxNorm Extension,Extended Release Oral Tablet
nifedipine,41228091,Nifedipine 20 MG Extended Release Oral Tablet [Nifecor] Box of 50 by Betapharm,Marketed Product,RxNorm Extension,Extended Release Oral Tablet
nifedipine,41102981,Nifedipine 20 MG Extended Release Oral Tablet [Corinfar] Box of 50 by TEVA,Marketed Product,RxNorm Extension,Extended Release Oral Tablet
nifedipine,40977787,Nifedipine 10 MG Extended Release Oral Tablet [Dignokonstant] Box of 50 by Daiichi Sankyo,Marketed Product,RxNorm Extension,Extended Release Oral Tablet
nifedipine,40904938,Nifedipine 5 MG Oral Capsule [Cordicant] Box of 100,Branded Drug Box,RxNorm Extension,Oral Capsule
nifedipine,43294649,Nifedipine 60 MG Extended Release Oral Tablet [Addos],Branded Drug,RxNorm Extension,Extended Release Oral Tablet
nifedipine,35139315,Nifedipine Extended Release Oral Tablet [Siopelmin-L],Branded Drug Form,RxNorm Extension,Extended Release Oral Tablet
nifedipine,41217555,Nifedipine 20 MG Extended Release Oral Capsule [Tp Mpa] Box of 100,Branded Drug Box,RxNorm Extension,Extended Release Oral Capsule
nifedipine,43621183,Nifedipine Extended Release Oral Tablet [Nifedipin Acis],Branded Drug Form,RxNorm Extension,Extended Release Oral Tablet
nifedipine,43184623,Nifedipine Extended Release Oral Tablet [NIFEDIPINE MYLAN],Branded Drug Form,RxNorm Extension,Extended Release Oral Tablet
nifedipine,41310629,Nifedipine 40 MG Extended Release Oral Tablet [Corinfar] Box of 50,Branded Drug Box,RxNorm Extension,Extended Release Oral Tablet
nifedipine,41217524,Nifedipine 10 MG Extended Release Oral Tablet [Adalat] Box of 400,Branded Drug Box,RxNorm Extension,Extended Release Oral Tablet
nifedipine,41197027,Nifedipine 20 MG Extended Release Oral Tablet Box of 50 by GDS,Marketed Product,RxNorm Extension,Extended Release Oral Tablet
nifedipine,41060862,Nifedipine 60 MG Extended Release Oral Tablet [Aprical] Box of 30,Branded Drug Box,RxNorm Extension,Extended Release Oral Tablet
nifedipine,41060857,Nifedipine 40 MG Extended Release Oral Tablet [Nifehexal] Box of 100,Branded Drug Box,RxNorm Extension,Extended Release Oral Tablet
nifedipine,40936189,Nifedipine 10 MG Extended Release Oral Tablet [Corotrend] Box of 30,Branded Drug Box,RxNorm Extension,Extended Release Oral Tablet
nifedipine,43261982,Nifedipine 30 MG Extended Release Oral Tablet [Addos],Branded Drug,RxNorm Extension,Extended Release Oral Tablet
labetalol,21097207,1 ML Labetalol 40 MG/ML Oral Solution,Quant Clinical Drug,RxNorm Extension,Oral Solution
nifedipine,43783253,Nifedipine 20 MG Extended Release Oral Tablet [Nifedipin Abz] by AbZ-Pharma,Marketed Product,RxNorm Extension,Extended Release Oral Tablet
nifedipine,41321258,Nifedipine 10 MG Extended Release Oral Tablet [Nifical] Box of 100 by Sanofi,Marketed Product,RxNorm Extension,Extended Release Oral Tablet
nifedipine,41258851,Nifedipine 60 MG Extended Release Oral Tablet [Aprical] Box of 100 by Medice,Marketed Product,RxNorm Extension,Extended Release Oral Tablet
nifedipine,41009158,Nifedipine 10 MG Oral Capsule [Nife-Ct] Box of 30 by AbZ-Pharma,Marketed Product,RxNorm Extension,Oral Capsule
nifedipine,21123314,Nifedipine 10 MG Extended Release Oral Tablet [Calchan MR] by Ranbaxy,Marketed Product,RxNorm Extension,Extended Release Oral Tablet
nifedipine,40842831,Nifedipine 20 MG Oral Capsule [Duranifin] Box of 30,Branded Drug Box,RxNorm Extension,Oral Capsule
nifedipine,21103928,Nifedipine 40 MG Extended Release Oral Tablet [Fortipine LA],Branded Drug,RxNorm Extension,Extended Release Oral Tablet
nifedipine,41258878,Nifedipine 30 MG Extended Release Oral Tablet [Nifedipin Stada] Box of 30 by Stada,Marketed Product,RxNorm Extension,Extended Release Oral Tablet
nifedipine,41071570,Nifedipine 20 MG Extended Release Oral Tablet [Adalat] Box of 50 by Kohlpharma,Marketed Product,RxNorm Extension,Extended Release Oral Tablet
nifedipine,40987692,Nifedipine Extended Release Oral Tablet [Nifedipin Pb],Branded Drug Form,RxNorm Extension,Extended Release Oral Tablet
nifedipine,41228079,Nifedipine 5 MG Oral Capsule [Nife Abz] Box of 50 by AbZ-Pharma,Marketed Product,RxNorm Extension,Oral Capsule
nifedipine,40842773,Nifedipine 40 MG Extended Release Oral Tablet [Nifehexal] Box of 20,Branded Drug Box,RxNorm Extension,Extended Release Oral Tablet
nifedipine,40725295,Nifedipine 20 MG Extended Release Oral Tablet [Adalat] Box of 60 by Necessity Supplies,Marketed Product,RxNorm Extension,Extended Release Oral Tablet
nifedipine,41155150,Nifedipine 5 MG Oral Capsule [Nife Wolff] Box of 30,Branded Drug Box,RxNorm Extension,Oral Capsule
nifedipine,41310636,Nifedipine 10 MG Extended Release Oral Tablet [Nifelat] Box of 50,Branded Drug Box,RxNorm Extension,Extended Release Oral Tablet
nifedipine,41029710,Nifedipine 40 MG Extended Release Oral Tablet [Duranifin] Box of 20,Branded Drug Box,RxNorm Extension,Extended Release Oral Tablet
nifedipine,40853311,Nifedipine 20 MG Extended Release Oral Tablet [Duranifin] Box of 50 by Mylan,Marketed Product,RxNorm Extension,Extended Release Oral Tablet
nifedipine,41228065,Nifedipine 10 MG Oral Capsule [Nifedipin Stada] Box of 100 by Stada,Marketed Product,RxNorm Extension,Oral Capsule
nifedipine,2926269,nifedipine 60 MG Extended Release Oral Tablet Box of 30 by APO,Marketed Product,RxNorm Extension,Extended Release Oral Tablet
nifedipine,36783380,Nifedipine 30 MG Extended Release Oral Tablet [NIFEDIPINE EG] Box of 28,Branded Drug Box,RxNorm Extension,Extended Release Oral Tablet
nifedipine,40842790,Nifedipine 10 MG Oral Capsule [Nifedipin Heumann],Branded Drug,RxNorm Extension,Oral Capsule
nifedipine,21143140,Nifedipine 60 MG Extended Release Oral Tablet [Adalat LA] by Waymade,Marketed Product,RxNorm Extension,Extended Release Oral Tablet
labetalol,21144586,Labetalol 200 MG Oral Tablet by DE,Marketed Product,RxNorm Extension,Oral Tablet
nifedipine,40863017,Nifedipine Extended Release Oral Tablet [Aprical],Branded Drug Form,RxNorm Extension,Extended Release Oral Tablet
nifedipine,41387388,30 ML Nifedipine 10 MG/ML Oral Solution [Dignokonstant],Quant Branded Drug,RxNorm Extension,Oral Solution
nifedipine,41321264,Nifedipine 10 MG Oral Capsule [Nifedipin Stada] Box of 20 by Stada,Marketed Product,RxNorm Extension,Oral Capsule
nifedipine,41178444,Nifedipine 5 MG Oral Capsule Box of 50,Clinical Drug Box,RxNorm Extension,Oral Capsule
nifedipine,41071548,Nifedipine 10 MG Oral Capsule [Aprical] Box of 1000 by Shire,Marketed Product,RxNorm Extension,Oral Capsule
nifedipine,40998694,Nifedipine 10 MG Oral Capsule [Nife Puren] Box of 100,Branded Drug Box,RxNorm Extension,Oral Capsule
nifedipine,41196990,Nifedipine 40 MG Oral Tablet [Cisday] Box of 100 by Kytta Siegfried,Marketed Product,RxNorm Extension,Oral Tablet
nifedipine,41134346,Nifedipine 10 MG Oral Tablet [Corotrend] Box of 50 by Novartis,Marketed Product,RxNorm Extension,Oral Tablet
nifedipine,41092494,Nifedipine 20 MG Oral Tablet [Nifical] Box of 20,Branded Drug Box,RxNorm Extension,Oral Tablet
nifedipine,40834999,Nifedipine 60 MG Oral Tablet Box of 50,Clinical Drug Box,RxNorm Extension,Oral Tablet
nifedipine,40967379,Nifedipine 20 MG Oral Tablet [Nifedipin Al] Box of 100,Branded Drug Box,RxNorm Extension,Oral Tablet
nifedipine,40936183,Nifedipine 60 MG Oral Tablet [Adalat] Box of 50,Branded Drug Box,RxNorm Extension,Oral Tablet
nifedipine,41321253,Nifedipine 40 MG Oral Tablet [Corinfar] Box of 250 by TEVA,Marketed Product,RxNorm Extension,Oral Tablet
nifedipine,40915446,Nifedipine 40 MG Oral Tablet [Nifedipin Sandoz] Box of 100 by Novartis,Marketed Product,RxNorm Extension,Oral Tablet
nifedipine,41060927,Nifedipine 20 MG Oral Tablet [Adalate] Box of 100,Branded Drug Box,RxNorm Extension,Oral Tablet
nifedipine,40884539,Nifedipine 20 MG Oral Tablet [Adalat] Box of 2000 by Bayer,Marketed Product,RxNorm Extension,Oral Tablet
labetalol,44073253,Labetalol 100 MG Oral Tablet [Apo-Labetalol],Branded Drug,RxNorm Extension,Oral Tablet
nifedipine,43162768,Nifedipine 20 MG Oral Tablet [Adalate] Box of 180 by Bayer,Marketed Product,RxNorm Extension,Oral Tablet
nifedipine,41155119,Nifedipine 40 MG Oral Tablet [Corinfar] Box of 20,Branded Drug Box,RxNorm Extension,Oral Tablet
labetalol,21124773,Labetalol 100 MG Oral Tablet Box of 56 by Sandoz,Marketed Product,RxNorm Extension,Oral Tablet
nifedipine,41248558,Nifedipine 60 MG Oral Tablet [Aprical] Box of 100,Branded Drug Box,RxNorm Extension,Oral Tablet
nifedipine,41165636,Nifedipine 20 MG Oral Tablet [Corotrend] Box of 100 by Kytta Siegfried,Marketed Product,RxNorm Extension,Oral Tablet
nifedipine,40925190,Nifedipine Oral Tablet [Nife Isis],Branded Drug Form,RxNorm Extension,Oral Tablet
nifedipine,41228074,Nifedipine 10 MG Oral Tablet [Nifeclair] Box of 50 by Hennig,Marketed Product,RxNorm Extension,Oral Tablet
nifedipine,41021843,Nifedipine 60 MG Oral Tablet Box of 42,Clinical Drug Box,RxNorm Extension,Oral Tablet
nifedipine,41115917,Nifedipine 50 MG Oral Tablet Box of 20,Clinical Drug Box,RxNorm Extension,Oral Tablet
nifedipine,35764013,Nifedipine 30 MG Delayed Release Oral Tablet [Adalat LA] Box of 28 by Bayer,Marketed Product,RxNorm Extension,Delayed Release Oral Tablet
nifedipine,21162891,Nifedipine 30 MG Extended Release Oral Tablet [Adalat LA] Box of 28 by Dowelhurst,Marketed Product,RxNorm Extension,Extended Release Oral Tablet
nifedipine,21152995,Nifedipine 20 MG Extended Release Oral Tablet [Nifopress Retard] Box of 112,Branded Drug Box,RxNorm Extension,Extended Release Oral Tablet
nifedipine,40936229,Nifedipine 20 MG Extended Release Oral Capsule [Jutadilat] Box of 50,Branded Drug Box,RxNorm Extension,Extended Release Oral Capsule
nifedipine,35747318,Nifedipine 10 MG Extended Release Oral Capsule [Adalat] Box of 50 by Mawdsley-Brooks,Marketed Product,RxNorm Extension,Extended Release Oral Capsule
nifedipine,21084227,Nifedipine 20 MG Extended Release Oral Tablet [Kentipine],Branded Drug,RxNorm Extension,Extended Release Oral Tablet
nifedipine,41386336,30 ML Nifedipine 0.667 MG/ML Oral Solution [Pidilat] Box of 5 by Mylan,Marketed Product,RxNorm Extension,Oral Solution
nifedipine,35759807,Nifedipine 10 MG Extended Release Oral Capsule Box of 84 by Ivax,Marketed Product,RxNorm Extension,Extended Release Oral Capsule
nifedipine,43261984,Nifedipine 60 MG Extended Release Oral Tablet [Nifedipine Xr] Box of 30 by Apotex,Marketed Product,RxNorm Extension,Extended Release Oral Tablet
nifedipine,41321282,Nifedipine 20 MG Extended Release Oral Capsule [Nifedipin Heumann] Box of 100 by Heumann,Marketed Product,RxNorm Extension,Extended Release Oral Capsule
nifedipine,40894190,Nifedipine Oral Solution [Duranifin],Branded Drug Form,RxNorm Extension,Oral Solution
nifedipine,41092487,Nifedipine 30 MG Extended Release Oral Tablet [Adalat] Box of 28,Branded Drug Box,RxNorm Extension,Extended Release Oral Tablet
nifedipine,44049921,Nifedipine 10 MG Oral Capsule by Schein,Marketed Product,RxNorm Extension,Oral Capsule
nifedipine,40842827,Nifedipine 20 MG Extended Release Oral Tablet [Duranifin] Box of 100,Branded Drug Box,RxNorm Extension,Extended Release Oral Tablet
nifedipine,40874030,Nifedipine 20 MG Extended Release Oral Capsule [Jedipin],Branded Drug,RxNorm Extension,Extended Release Oral Capsule
nifedipine,44114365,Nifedipine 10 MG Oral Capsule [Pms-Nifedipine] by Pharmascience,Marketed Product,RxNorm Extension,Oral Capsule
nifedipine,41258875,Nifedipine 5 MG Oral Capsule [Nifedipin Pb] Box of 30 by Docpharm,Marketed Product,RxNorm Extension,Oral Capsule
nifedipine,40998735,Nifedipine 20 MG Oral Capsule [Pidilat] Box of 250,Branded Drug Box,RxNorm Extension,Oral Capsule
nifedipine,40915476,Nifedipine 30 MG Extended Release Oral Tablet [Nife-Ct] Box of 50 by AbZ-Pharma,Marketed Product,RxNorm Extension,Extended Release Oral Tablet
nifedipine,40959641,Nifedipine 10 MG Oral Capsule Box of 40,Clinical Drug Box,RxNorm Extension,Oral Capsule
nifedipine,40874017,Nifedipine 5 MG Oral Capsule [Adalat] Box of 400,Branded Drug Box,RxNorm Extension,Oral Capsule
nifedipine,36969393,nifedipine 5 MG Oral Capsule Box of 90 by Medihealth,Marketed Product,RxNorm Extension,Oral Capsule
nifedipine,40946801,Nifedipine 10 MG Extended Release Oral Tablet [Nifehexal] Box of 100 by Novartis,Marketed Product,RxNorm Extension,Extended Release Oral Tablet
nifedipine,40835005,Nifedipine 20 MG Extended Release Oral Tablet Box of 500,Clinical Drug Box,RxNorm Extension,Extended Release Oral Tablet
nifedipine,41389165,30 ML Nifedipine 20 MG/ML Oral Solution [Aprical] Box of 1 by Medice,Marketed Product,RxNorm Extension,Oral Solution
nifedipine,41040260,Nifedipine 60 MG Extended Release Oral Tablet [Adalat] Box of 28 by Bayer,Marketed Product,RxNorm Extension,Extended Release Oral Tablet
nifedipine,40884496,Nifedipine 60 MG Extended Release Oral Tablet [Nifehexal] Box of 30 by Novartis,Marketed Product,RxNorm Extension,Extended Release Oral Tablet
nifedipine,41009167,Nifedipine 5 MG Oral Capsule [Nife Basf] Box of 100 by Novartis,Marketed Product,RxNorm Extension,Oral Capsule
nifedipine,21133191,Nifedipine 60 MG Extended Release Oral Tablet [Neozipine XL] Box of 28,Branded Drug Box,RxNorm Extension,Extended Release Oral Tablet
nifedipine,21084226,Nifedipine 20 MG Extended Release Oral Tablet Box of 112,Clinical Drug Box,RxNorm Extension,Extended Release Oral Tablet
nifedipine,41155181,Nifedipine 20 MG Oral Capsule [Pidilat],Branded Drug,RxNorm Extension,Oral Capsule
nifedipine,41102962,Nifedipine 5 MG Oral Capsule [Nife Puren] Box of 50 by Puren,Marketed Product,RxNorm Extension,Oral Capsule
labetalol,35897863,labetalol 100 MG Oral Tablet Box of 56 by Accord,Marketed Product,RxNorm Extension,Oral Tablet
nifedipine,40977805,Nifedipine 5 MG Oral Capsule [Nifehexal] Box of 25 by Novartis,Marketed Product,RxNorm Extension,Oral Capsule
nifedipine,40884508,Nifedipine 10 MG Oral Capsule [Cordicant] Box of 100 by Mundipharma,Marketed Product,RxNorm Extension,Oral Capsule
nifedipine,41279325,Nifedipine 40 MG Oral Tablet [Duranifin] Box of 20,Branded Drug Box,RxNorm Extension,Oral Tablet
nifedipine,41385065,30 ML Nifedipine 20 MG/ML Oral Solution [Nifreal] Box of 1,Quant Branded Box,RxNorm Extension,Oral Solution
nifedipine,41321255,Nifedipine 40 MG Oral Tablet [Cordicant] Box of 30 by Mundipharma,Marketed Product,RxNorm Extension,Oral Tablet
nifedipine,41248559,Nifedipine 10 MG Oral Tablet [Pidilat] Box of 20,Branded Drug Box,RxNorm Extension,Oral Tablet
nifedipine,41102979,Nifedipine 20 MG Oral Tablet [Nife 1a Pharma] Box of 50 by 1 A,Marketed Product,RxNorm Extension,Oral Tablet
nifedipine,41060883,Nifedipine 10 MG Oral Tablet [Corinfar] Box of 300,Branded Drug Box,RxNorm Extension,Oral Tablet
nifedipine,40894194,Nifedipine Oral Tablet [Nife 1a Pharma],Branded Drug Form,RxNorm Extension,Oral Tablet
nifedipine,41248606,Nifedipine 20 MG Oral Tablet [Nife Abz] Box of 30,Branded Drug Box,RxNorm Extension,Oral Tablet
nifedipine,41186210,Nifedipine 10 MG Oral Tablet [Mtw Nifedipin] Box of 50,Branded Drug Box,RxNorm Extension,Oral Tablet
nifedipine,40936214,Nifedipine 0.667 MG/ML Oral Solution [Nifedipin Stada] Box of 1,Branded Drug Box,RxNorm Extension,Oral Solution
nifedipine,43267479,Nifedipine Oral Tablet [Nypine],Branded Drug Form,RxNorm Extension,Oral Tablet
nifedipine,43278427,Nifedipine 20 MG Oral Tablet [Nypine] Box of 60,Branded Drug Box,RxNorm Extension,Oral Tablet
nifedipine,41009173,Nifedipine 20 MG Oral Tablet [Nifedipin Basics] Box of 30 by Basics,Marketed Product,RxNorm Extension,Oral Tablet
nifedipine,41060869,Nifedipine 10 MG Oral Tablet [Adalat] Box of 400,Branded Drug Box,RxNorm Extension,Oral Tablet
nifedipine,41165631,Nifedipine 20 MG Oral Tablet [Nife Isis] Box of 30 by Puren,Marketed Product,RxNorm Extension,Oral Tablet
nifedipine,35758537,Nifedipine 30 MG Delayed Release Oral Tablet [Adanif XL] Box of 28,Branded Drug Box,RxNorm Extension,Delayed Release Oral Tablet
nifedipine,35751465,Nifedipine 30 MG Delayed Release Oral Tablet [Slofedipine XL] by Zentiva,Marketed Product,RxNorm Extension,Delayed Release Oral Tablet
nifedipine,21123302,Nifedipine 20 MG Extended Release Oral Capsule [Coracten SR] Box of 60 by DE,Marketed Product,RxNorm Extension,Extended Release Oral Capsule
labetalol,21115176,Labetalol 10 MG/ML Oral Suspension,Clinical Drug,RxNorm Extension,Oral Suspension
nifedipine,35143307,Nifedipine 5 MG Oral Capsule [Casanmil],Branded Drug,RxNorm Extension,Oral Capsule
nifedipine,41386935,30 ML Nifedipine 0.667 MG/ML Oral Solution [Aprical] Box of 3 by Medice,Marketed Product,RxNorm Extension,Oral Solution
nifedipine,41385192,30 ML Nifedipine 0.667 MG/ML Oral Solution [Aprical] Box of 3 by Amdipharm,Marketed Product,RxNorm Extension,Oral Solution
nifedipine,41258885,Nifedipine 20 MG Extended Release Oral Tablet [Pidilat] Box of 250 by Mylan,Marketed Product,RxNorm Extension,Extended Release Oral Tablet
nifedipine,41040279,Nifedipine 5 MG Oral Capsule [Jedipin] Box of 100 by Jenapharm,Marketed Product,RxNorm Extension,Oral Capsule
nifedipine,21074570,Nifedipine 30 MG Extended Release Oral Tablet [Adalat LA] by Dowelhurst,Marketed Product,RxNorm Extension,Extended Release Oral Tablet
nifedipine,21044958,Nifedipine 30 MG Extended Release Oral Tablet [Adalat LA] by Mawdsley-Brooks,Marketed Product,RxNorm Extension,Extended Release Oral Tablet
labetalol,21175771,1 ML Labetalol 0.3 MG/ML Oral Suspension,Quant Clinical Drug,RxNorm Extension,Oral Suspension
nifedipine,41248573,Nifedipine 20 MG/ML Oral Solution [Duranifin] Box of 1,Branded Drug Box,RxNorm Extension,Oral Solution
nifedipine,40946829,Nifedipine 20 MG Extended Release Oral Capsule [Aprical] Box of 30 by Shire,Marketed Product,RxNorm Extension,Extended Release Oral Capsule
nifedipine,21153034,Nifedipine 60 MG Extended Release Oral Tablet [Adanif XL] Box of 28,Branded Drug Box,RxNorm Extension,Extended Release Oral Tablet
nifedipine,35157790,Nifedipine 15 MG Extended Release Oral Capsule [Emaberin],Branded Drug,RxNorm Extension,Extended Release Oral Capsule
nifedipine,42935157,Nifedipine Extended Release Oral Tablet [NIFEDIX],Branded Drug Form,RxNorm Extension,Extended Release Oral Tablet
nifedipine,35136055,Nifedipine Oral Capsule [Towarat],Branded Drug Form,RxNorm Extension,Oral Capsule
nifedipine,41092465,Nifedipine 10 MG Oral Capsule [Nifedipin Pb] Box of 30,Branded Drug Box,RxNorm Extension,Oral Capsule
nifedipine,40946797,Nifedipine 40 MG Extended Release Oral Tablet [Corinfar] Box of 100 by TEVA,Marketed Product,RxNorm Extension,Extended Release Oral Tablet
nifedipine,40842794,Nifedipine 10 MG Oral Capsule [Jutadilat] Box of 50,Branded Drug Box,RxNorm Extension,Oral Capsule
nifedipine,43585203,Nifedipine 10 MG Extended Release Oral Tablet [Nifedipin Acis] by Acis,Marketed Product,RxNorm Extension,Extended Release Oral Tablet
nifedipine,41186195,Nifedipine 40 MG Extended Release Oral Tablet [Cisday] Box of 50,Branded Drug Box,RxNorm Extension,Extended Release Oral Tablet
nifedipine,40853309,Nifedipine 20 MG Extended Release Oral Tablet [Nife Wolff] Box of 50 by Wolff Bielefeld,Marketed Product,RxNorm Extension,Extended Release Oral Tablet
nifedipine,40842775,Nifedipine 40 MG Extended Release Oral Tablet [Duranifin] Box of 50,Branded Drug Box,RxNorm Extension,Extended Release Oral Tablet
nifedipine,41092504,Nifedipine 20 MG Extended Release Oral Tablet [Corinfar] Box of 50,Branded Drug Box,RxNorm Extension,Extended Release Oral Tablet
nifedipine,43755024,30 ML Nifedipine 20 MG/ML Oral Solution [Nife-Ct],Quant Branded Drug,RxNorm Extension,Oral Solution
nifedipine,41289996,Nifedipine 20 MG Extended Release Oral Tablet [Pidilat] Box of 50 by Mylan,Marketed Product,RxNorm Extension,Extended Release Oral Tablet
nifedipine,40967328,Nifedipine 40 MG Extended Release Oral Tablet [Cordicant] Box of 20,Branded Drug Box,RxNorm Extension,Extended Release Oral Tablet
nifedipine,41248586,Nifedipine 5 MG Oral Capsule [Adalat] Box of 2000,Branded Drug Box,RxNorm Extension,Oral Capsule
nifedipine,43256670,Nifedipine 20 MG Extended Release Oral Tablet [Adalat],Branded Drug,RxNorm Extension,Extended Release Oral Tablet
nifedipine,21172605,Nifedipine 20 MG Extended Release Oral Tablet [Adalat LA] Box of 28 by Waymade,Marketed Product,RxNorm Extension,Extended Release Oral Tablet
nifedipine,36957234,nifedipine 5 MG Oral Capsule Box of 84 by Viatris Healthcare,Marketed Product,RxNorm Extension,Oral Capsule
nifedipine,40884520,Nifedipine 5 MG Oral Capsule [Corotrend] Box of 50 by Kytta Siegfried,Marketed Product,RxNorm Extension,Oral Capsule
nifedipine,41289986,Nifedipine 5 MG Oral Capsule [Corotrend] Box of 100 by Kytta Siegfried,Marketed Product,RxNorm Extension,Oral Capsule
nifedipine,41240863,Nifedipine 5 MG Oral Capsule Box of 2000,Clinical Drug Box,RxNorm Extension,Oral Capsule
nifedipine,41310646,Nifedipine 10 MG Oral Capsule [Adalat] Box of 500,Branded Drug Box,RxNorm Extension,Oral Capsule
nifedipine,40866136,Nifedipine 10 MG Oral Capsule Box of 1000,Clinical Drug Box,RxNorm Extension,Oral Capsule
nifedipine,41388351,30 ML Nifedipine 20 MG/ML Oral Solution [Nife Wolff] Box of 1 by Wolff Bielefeld,Marketed Product,RxNorm Extension,Oral Solution
nifedipine,21044967,Nifedipine 5 MG Oral Capsule Box of 84 by A A H,Marketed Product,RxNorm Extension,Oral Capsule
nifedipine,21084233,Nifedipine 10 MG Oral Capsule [Adalat] Box of 50 by Stephar,Marketed Product,RxNorm Extension,Oral Capsule
nifedipine,41268655,Nifedipine Oral Tablet [Corinfar],Branded Drug Form,RxNorm Extension,Oral Tablet
nifedipine,41165611,Nifedipine 10 MG Oral Tablet [Duranifin] Box of 100 by Mylan,Marketed Product,RxNorm Extension,Oral Tablet
nifedipine,41206763,Nifedipine Oral Tablet [Nifedipin Basics],Branded Drug Form,RxNorm Extension,Oral Tablet
nifedipine,41092475,Nifedipine 10 MG Oral Tablet [Nifedipin Stada] Box of 50,Branded Drug Box,RxNorm Extension,Oral Tablet
nifedipine,40936238,Nifedipine 20 MG Oral Tablet [Nifedipin Stada] Box of 100,Branded Drug Box,RxNorm Extension,Oral Tablet
nifedipine,41290000,Nifedipine 20 MG Oral Tablet [Nifedipin Al] Box of 50 by Aliud,Marketed Product,RxNorm Extension,Oral Tablet
nifedipine,35145812,Nifedipine Oral Tablet [Ramitalate],Branded Drug Form,RxNorm Extension,Oral Tablet
nifedipine,40884505,Nifedipine 10 MG Oral Tablet Box of 100 by Dexcel-Pharma,Marketed Product,RxNorm Extension,Oral Tablet
nifedipine,41049943,Nifedipine Oral Solution [Nifreal],Branded Drug Form,RxNorm Extension,Oral Solution
nifedipine,41186196,Nifedipine 60 MG Oral Tablet [Nifehexal] Box of 50,Branded Drug Box,RxNorm Extension,Oral Tablet
nifedipine,40936202,Nifedipine 10 MG Oral Tablet [Duranifin] Box of 20,Branded Drug Box,RxNorm Extension,Oral Tablet
labetalol,21076015,Labetalol 400 MG Oral Tablet by DE,Marketed Product,RxNorm Extension,Oral Tablet
nifedipine,41279373,Nifedipine 20 MG Oral Tablet [Nifehexal] Box of 20,Branded Drug Box,RxNorm Extension,Oral Tablet
nifedipine,43195621,Nifedipine Oral Tablet [Adalate],Branded Drug Form,RxNorm Extension,Oral Tablet
nifedipine,41197015,Nifedipine 20 MG Oral Tablet [Nifecor] Box of 100 by Betapharm,Marketed Product,RxNorm Extension,Oral Tablet
nifedipine,41112666,Nifedipine Oral Tablet [Pidilat],Branded Drug Form,RxNorm Extension,Oral Tablet
nifedipine,40915475,Nifedipine 30 MG Oral Tablet [Nife-Ct] Box of 50 by AbZ-Pharma,Marketed Product,RxNorm Extension,Oral Tablet
nifedipine,41186191,Nifedipine 40 MG Oral Tablet [Duranifin],Branded Drug,RxNorm Extension,Oral Tablet
nifedipine,40936242,Nifedipine 20 MG Oral Tablet [Nife-Ct] Box of 100,Branded Drug Box,RxNorm Extension,Oral Tablet
nifedipine,41268650,Nifedipine Oral Tablet [Cisday],Branded Drug Form,RxNorm Extension,Oral Tablet
nifedipine,40967377,Nifedipine 20 MG Oral Tablet [Nifedipin Ksk] Box of 100,Branded Drug Box,RxNorm Extension,Oral Tablet
nifedipine,21044961,Nifedipine 60 MG Extended Release Oral Capsule [Coracten XL] Box of 28,Branded Drug Box,RxNorm Extension,Extended Release Oral Capsule
nifedipine,36270392,Nifedipine 30 MG Extended Release Oral Capsule [NIFEDIPINE EG] Box of 28,Branded Drug Box,RxNorm Extension,Extended Release Oral Capsule
nifedipine,35755684,Nifedipine 10 MG Extended Release Oral Capsule [Adalat] Box of 90 by DE,Marketed Product,RxNorm Extension,Extended Release Oral Capsule
nifedipine,41060905,Nifedipine 20 MG Extended Release Oral Capsule [Jutadilat] Box of 30,Branded Drug Box,RxNorm Extension,Extended Release Oral Capsule
nifedipine,44098888,Nifedipine 10 MG Oral Capsule [Pms-Nifedipine],Branded Drug,RxNorm Extension,Oral Capsule
nifedipine,36271402,Nifedipine 30 MG Extended Release Oral Capsule [NIFEDIPINE EG] Box of 98 by Eurogenerics,Marketed Product,RxNorm Extension,Extended Release Oral Capsule
nifedipine,43173768,Nifedipine 20 MG Extended Release Oral Tablet [NIFEDIPINE TEVA] Box of 180 by TEVA,Marketed Product,RxNorm Extension,Extended Release Oral Tablet
nifedipine,43657439,Nifedipine 20 MG Extended Release Oral Tablet [Nifical] by Winthrop,Marketed Product,RxNorm Extension,Extended Release Oral Tablet
nifedipine,43162764,Nifedipine 30 MG Extended Release Oral Tablet [Nifedipin Sandoz],Branded Drug,RxNorm Extension,Extended Release Oral Tablet
nifedipine,41321281,Nifedipine 20 MG Extended Release Oral Capsule [Nifedipin Sandoz] Box of 50 by Novartis,Marketed Product,RxNorm Extension,Extended Release Oral Capsule
nifedipine,40977815,Nifedipine 20 MG Extended Release Oral Capsule [Aprical] Box of 100 by Shire,Marketed Product,RxNorm Extension,Extended Release Oral Capsule
nifedipine,43729180,Nifedipine 20 MG Extended Release Oral Tablet [Nifehexal],Branded Drug,RxNorm Extension,Extended Release Oral Tablet
labetalol,21036629,Labetalol 15 MG/ML Oral Solution,Clinical Drug,RxNorm Extension,Oral Solution
nifedipine,35787207,100 ML Nifedipine 1 MG/ML Oral Suspension by Drug Tariff Special Order,Marketed Product,RxNorm Extension,Oral Suspension
nifedipine,40977824,Nifedipine 20 MG Extended Release Oral Tablet [Adalat] Box of 100 by Opti,Marketed Product,RxNorm Extension,Extended Release Oral Tablet
nifedipine,40977797,Nifedipine 10 MG Oral Capsule [Aprical] Box of 500 by Shire,Marketed Product,RxNorm Extension,Oral Capsule
nifedipine,21084225,Nifedipine 20 MG Extended Release Oral Tablet Box of 56 by Cubic,Marketed Product,RxNorm Extension,Extended Release Oral Tablet
labetalol,36813472,Labetalol 200 MG Oral Tablet Box of 56 by Tillomed,Marketed Product,RxNorm Extension,Oral Tablet
nifedipine,44127496,Nifedipine 10 MG Extended Release Oral Tablet by Pro Doc Limitee,Marketed Product,RxNorm Extension,Extended Release Oral Tablet
nifedipine,43162765,Nifedipine 20 MG Extended Release Oral Tablet [NIFEDIPINE TEVA] Box of 30,Branded Drug Box,RxNorm Extension,Extended Release Oral Tablet
nifedipine,41165624,Nifedipine 20 MG Extended Release Oral Tablet [Nifsigma] Box of 100 by Sigma-Tau,Marketed Product,RxNorm Extension,Extended Release Oral Tablet
nifedipine,44030839,Nifedipine Oral Capsule [Nu-Nifed],Branded Drug Form,RxNorm Extension,Oral Capsule
nifedipine,40925187,Nifedipine Extended Release Oral Tablet [Nifsigma],Branded Drug Form,RxNorm Extension,Extended Release Oral Tablet
nifedipine,40725303,Nifedipine 20 MG Extended Release Oral Tablet [Adalat LA] by Sigma,Marketed Product,RxNorm Extension,Extended Release Oral Tablet
nifedipine,41248601,Nifedipine 20 MG Extended Release Oral Tablet [Nifedipin Stada] Box of 50,Branded Drug Box,RxNorm Extension,Extended Release Oral Tablet
nifedipine,41248565,Nifedipine 10 MG Extended Release Oral Tablet [Corosten] Box of 25,Branded Drug Box,RxNorm Extension,Extended Release Oral Tablet
nifedipine,43267478,Nifedipine Oral Tablet [Adalat],Branded Drug Form,RxNorm Extension,Oral Tablet
nifedipine,40874022,Nifedipine 30 MG Extended Release Oral Tablet [Nifedipin Stada],Branded Drug,RxNorm Extension,Extended Release Oral Tablet
nifedipine,40904915,Nifedipine 10 MG Extended Release Oral Tablet [Tp Mpa],Branded Drug,RxNorm Extension,Extended Release Oral Tablet
nifedipine,40873997,Nifedipine 10 MG Extended Release Oral Tablet [Nifedipin Stada] Box of 20,Branded Drug Box,RxNorm Extension,Extended Release Oral Tablet
nifedipine,35831270,nifedipine 5 MG Oral Capsule by Sawai,Marketed Product,RxNorm Extension,Oral Capsule
nifedipine,40990866,Nifedipine 5 MG Oral Capsule Box of 250,Clinical Drug Box,RxNorm Extension,Oral Capsule
nifedipine,36783389,Nifedipine 60 MG Extended Release Oral Tablet [NIFEDIPINE EG] Box of 56,Branded Drug Box,RxNorm Extension,Extended Release Oral Tablet
nifedipine,21143118,Nifedipine 20 MG Extended Release Oral Tablet by Pharma-z,Marketed Product,RxNorm Extension,Extended Release Oral Tablet
nifedipine,35887770,nifedipine 10 MG Oral Capsule Box of 84 by Strides,Marketed Product,RxNorm Extension,Oral Capsule
nifedipine,40946837,Nifedipine 20 MG Extended Release Oral Tablet [Nifeclair] Box of 20 by Hennig,Marketed Product,RxNorm Extension,Extended Release Oral Tablet
nifedipine,40853273,Nifedipine 10 MG Extended Release Oral Tablet [Nife Basf] Box of 50 by Novartis,Marketed Product,RxNorm Extension,Extended Release Oral Tablet
nifedipine,40842784,Nifedipine 10 MG Extended Release Oral Tablet [Nifedipin Basics],Branded Drug,RxNorm Extension,Extended Release Oral Tablet
nifedipine,41092479,Nifedipine 5 MG Oral Capsule [Nifedipin Al] Box of 30,Branded Drug Box,RxNorm Extension,Oral Capsule
nifedipine,41279352,Nifedipine 5 MG Oral Capsule [Pidilat] Box of 1000,Branded Drug Box,RxNorm Extension,Oral Capsule
nifedipine,41040270,Nifedipine 10 MG Oral Capsule [Jedipin] Box of 50 by Jenapharm,Marketed Product,RxNorm Extension,Oral Capsule
nifedipine,40928322,Nifedipine 10 MG/ML Oral Solution,Clinical Drug,RxNorm Extension,Oral Solution
nifedipine,21074573,Nifedipine 5 MG Oral Capsule by Sigma-Tau,Marketed Product,RxNorm Extension,Oral Capsule
nifedipine,41279378,Nifedipine 20 MG Oral Tablet [Nife Wolff],Branded Drug,RxNorm Extension,Oral Tablet
nifedipine,40874020,Nifedipine 0.667 MG/ML Oral Solution [Aprical] Box of 10,Branded Drug Box,RxNorm Extension,Oral Solution
nifedipine,21084231,Nifedipine 10 MG Oral Capsule Box of 84 by A A H,Marketed Product,RxNorm Extension,Oral Capsule
nifedipine,41217541,Nifedipine 10 MG Oral Tablet [Adalat] Box of 30,Branded Drug Box,RxNorm Extension,Oral Tablet
nifedipine,41165609,Nifedipine 10 MG Oral Tablet [Nifedipin Stada] Box of 100 by Stada,Marketed Product,RxNorm Extension,Oral Tablet
nifedipine,41102986,Nifedipine 20 MG Oral Tablet Box of 50 by Acis,Marketed Product,RxNorm Extension,Oral Tablet
nifedipine,41388785,30 ML Nifedipine 0.667 MG/ML Oral Solution [Nife-Ct] Box of 1,Quant Branded Box,RxNorm Extension,Oral Solution
nifedipine,41385191,30 ML Nifedipine 20 MG/ML Oral Solution [Nifecor] Box of 1 by 3M,Marketed Product,RxNorm Extension,Oral Solution
nifedipine,43639372,Nifedipine 0.0499 MG/MG Oral Solution [Bukonif-5],Branded Drug,RxNorm Extension,Oral Solution
nifedipine,40884531,Nifedipine 20 MG Oral Tablet [Pidilat] Box of 20 by Mylan,Marketed Product,RxNorm Extension,Oral Tablet
nifedipine,43206513,Nifedipine 20 MG Oral Tablet [NIFEDIPINE MYLAN] Box of 180,Branded Drug Box,RxNorm Extension,Oral Tablet
nifedipine,41209876,Nifedipine 20 MG Oral Tablet Box of 50,Clinical Drug Box,RxNorm Extension,Oral Tablet
labetalol,41022394,Labetalol 200 MG Delayed Release Oral Tablet Box of 25,Clinical Drug Box,RxNorm Extension,Delayed Release Oral Tablet
nifedipine,2064014,nifedipine 40 MG Extended Release Oral Tablet [NIFERON] by Alvogen,Marketed Product,RxNorm Extension,Extended Release Oral Tablet
nifedipine,21172617,Nifedipine 10 MG Extended Release Oral Tablet [Calchan MR],Branded Drug,RxNorm Extension,Extended Release Oral Tablet
nifedipine,21064632,Nifedipine 30 MG Extended Release Oral Tablet Box of 28 by Mawdsley-Brooks,Marketed Product,RxNorm Extension,Extended Release Oral Tablet
nifedipine,41258883,Nifedipine 20 MG Extended Release Oral Capsule [Corotrend] Box of 50 by Novartis,Marketed Product,RxNorm Extension,Extended Release Oral Capsule
nifedipine,41217556,Nifedipine 20 MG Extended Release Oral Capsule [Nifedipin Stada] Box of 500,Branded Drug Box,RxNorm Extension,Extended Release Oral Capsule
nifedipine,21123322,Nifedipine 60 MG Extended Release Oral Tablet [Adalat LA] Box of 28 by Dowelhurst,Marketed Product,RxNorm Extension,Extended Release Oral Tablet
nifedipine,41186224,Nifedipine 10 MG Oral Capsule [Nife Abz] Box of 50,Branded Drug Box,RxNorm Extension,Oral Capsule
nifedipine,41060860,Nifedipine 40 MG Extended Release Oral Tablet [Cisday] Box of 100,Branded Drug Box,RxNorm Extension,Extended Release Oral Tablet
nifedipine,35754014,Nifedipine 10 MG Extended Release Oral Capsule Box of 84,Clinical Drug Box,RxNorm Extension,Extended Release Oral Capsule
nifedipine,40977791,Nifedipine 10 MG Oral Capsule [Nifical] Box of 20 by Sanofi,Marketed Product,RxNorm Extension,Oral Capsule
nifedipine,40842809,Nifedipine 5 MG Oral Capsule [Leka] Box of 50,Branded Drug Box,RxNorm Extension,Oral Capsule
nifedipine,41388220,30 ML Nifedipine 20 MG/ML Oral Solution [Aprical] Box of 3,Quant Branded Box,RxNorm Extension,Oral Solution
nifedipine,43801099,Nifedipine 10 MG Extended Release Oral Tablet [Nifedipin Acis],Branded Drug,RxNorm Extension,Extended Release Oral Tablet
nifedipine,43747151,Nifedipine 20 MG Extended Release Oral Tablet [Nifedipin-ratiopharm],Branded Drug,RxNorm Extension,Extended Release Oral Tablet
nifedipine,42935154,Nifedipine Extended Release Oral Tablet [NIFERON],Branded Drug Form,RxNorm Extension,Extended Release Oral Tablet
nifedipine,41248599,Nifedipine 20 MG Extended Release Oral Tablet [Nifical],Branded Drug,RxNorm Extension,Extended Release Oral Tablet
nifedipine,41258888,Nifedipine 20 MG Extended Release Oral Tablet [Nifedipin Pb] Box of 30 by PB,Marketed Product,RxNorm Extension,Extended Release Oral Tablet
nifedipine,36783377,Nifedipine 30 MG Extended Release Oral Tablet [NIFEDIPINE EG] Box of 98 by Eurogenerics,Marketed Product,RxNorm Extension,Extended Release Oral Tablet
nifedipine,36066801,nifedipine 30 MG Extended Release Oral Tablet [Adalat LA] by CST,Marketed Product,RxNorm Extension,Extended Release Oral Tablet
nifedipine,43173761,Nifedipine Extended Release Oral Tablet [NIFEDIPINE RPG],Branded Drug Form,RxNorm Extension,Extended Release Oral Tablet
nifedipine,40904956,Nifedipine 20 MG Extended Release Oral Tablet [Nife Isis] Box of 50,Branded Drug Box,RxNorm Extension,Extended Release Oral Tablet
nifedipine,41387641,30 ML Nifedipine 20 MG/ML Oral Solution [Nife-Ct] Box of 1,Quant Branded Box,RxNorm Extension,Oral Solution
nifedipine,41209872,Nifedipine 10 MG Extended Release Oral Tablet Box of 25,Clinical Drug Box,RxNorm Extension,Extended Release Oral Tablet
nifedipine,43217497,Nifedipine 20 MG Oral Tablet [Adalate] Box of 60,Branded Drug Box,RxNorm Extension,Oral Tablet
nifedipine,41228059,Nifedipine 10 MG Extended Release Oral Tablet [Nifedipin Verla] Box of 50 by Verla,Marketed Product,RxNorm Extension,Extended Release Oral Tablet
nifedipine,41206759,Nifedipine Extended Release Oral Tablet [Nifreal],Branded Drug Form,RxNorm Extension,Extended Release Oral Tablet
nifedipine,41258850,Nifedipine 60 MG Extended Release Oral Tablet [Nifedipin Stada] Box of 50 by Stada,Marketed Product,RxNorm Extension,Extended Release Oral Tablet
nifedipine,41196997,Nifedipine 10 MG Extended Release Oral Tablet [Nifedipin Basics] Box of 50 by Basics,Marketed Product,RxNorm Extension,Extended Release Oral Tablet
nifedipine,21093982,Nifedipine 5 MG Oral Capsule Box of 84 by TEVA,Marketed Product,RxNorm Extension,Oral Capsule
nifedipine,21035092,Nifedipine 20 MG Extended Release Oral Tablet [Hypolar],Branded Drug,RxNorm Extension,Extended Release Oral Tablet
nifedipine,41321271,Nifedipine 10 MG Oral Capsule [Adalat] Box of 50 by Emra-Med,Marketed Product,RxNorm Extension,Oral Capsule
nifedipine,41279342,Nifedipine 10 MG Oral Capsule [Nife Wolff] Box of 50,Branded Drug Box,RxNorm Extension,Oral Capsule
nifedipine,41217551,Nifedipine 5 MG Oral Capsule [Adalat] Box of 30,Branded Drug Box,RxNorm Extension,Oral Capsule
nifedipine,41217545,Nifedipine 5 MG Oral Capsule [Nife Puren] Box of 500,Branded Drug Box,RxNorm Extension,Oral Capsule
nifedipine,21162895,Nifedipine 5 MG Oral Capsule Box of 84 by Alliance,Marketed Product,RxNorm Extension,Oral Capsule
nifedipine,21153010,Nifedipine 10 MG Oral Capsule [Adalat] by Bayer,Marketed Product,RxNorm Extension,Oral Capsule
nifedipine,40842801,Nifedipine 5 MG Oral Capsule [Pidilat] Box of 50,Branded Drug Box,RxNorm Extension,Oral Capsule
nifedipine,41388062,30 ML Nifedipine 0.667 MG/ML Oral Solution [Nifical] Box of 1 by Sanofi,Marketed Product,RxNorm Extension,Oral Solution
nifedipine,40842822,Nifedipine 20 MG Oral Tablet [Nifedipin Pb],Branded Drug,RxNorm Extension,Oral Tablet
nifedipine,41279323,Nifedipine 40 MG Oral Tablet [Nifedipin Stada] Box of 50,Branded Drug Box,RxNorm Extension,Oral Tablet
nifedipine,41228087,Nifedipine 20 MG Oral Tablet [Nifsigma] Box of 100 by Sigma-Tau,Marketed Product,RxNorm Extension,Oral Tablet
labetalol,41022393,Labetalol 200 MG Oral Tablet Box of 500,Clinical Drug Box,RxNorm Extension,Oral Tablet
nifedipine,40977789,Nifedipine 10 MG Oral Tablet Box of 100 by Acis,Marketed Product,RxNorm Extension,Oral Tablet
nifedipine,41310630,Nifedipine 40 MG Oral Tablet [Cisday] Box of 50,Branded Drug Box,RxNorm Extension,Oral Tablet
nifedipine,35772526,Nifedipine 30 MG Delayed Release Oral Tablet [Adalat LA] Box of 28 by Sigma-Tau,Marketed Product,RxNorm Extension,Delayed Release Oral Tablet
nifedipine,41197008,Nifedipine 20 MG Extended Release Oral Capsule [Nifedipin Stada] Box of 20 by Stada,Marketed Product,RxNorm Extension,Extended Release Oral Capsule
nifedipine,40915479,Nifedipine 20 MG Extended Release Oral Capsule [Jedipin] Box of 30 by Mibe,Marketed Product,RxNorm Extension,Extended Release Oral Capsule
nifedipine,41092499,Nifedipine 20 MG Extended Release Oral Tablet [Nife Isis] Box of 30,Branded Drug Box,RxNorm Extension,Extended Release Oral Tablet
nifedipine,41040263,Nifedipine 60 MG Extended Release Oral Tablet [Aprical] Box of 30 by Shire,Marketed Product,RxNorm Extension,Extended Release Oral Tablet
nifedipine,43729178,Nifedipine 20 MG Extended Release Oral Capsule [Nif Ten],Branded Drug,RxNorm Extension,Extended Release Oral Capsule
nifedipine,40725298,Nifedipine 20 MG Extended Release Oral Tablet [Adalat] by Sigma,Marketed Product,RxNorm Extension,Extended Release Oral Tablet
nifedipine,43585190,Nifedipine Extended Release Oral Capsule [Nif Ten],Branded Drug Form,RxNorm Extension,Extended Release Oral Capsule
labetalol,21126557,1 ML Labetalol 40 MG/ML Oral Suspension,Quant Clinical Drug,RxNorm Extension,Oral Suspension
nifedipine,21113711,Nifedipine 10 MG Extended Release Oral Tablet [Kentipine] Box of 56,Branded Drug Box,RxNorm Extension,Extended Release Oral Tablet
nifedipine,41388522,30 ML Nifedipine 0.667 MG/ML Oral Solution [Nifical] Box of 1,Quant Branded Box,RxNorm Extension,Oral Solution
labetalol,21144597,Labetalol 5 MG/ML Oral Solution,Clinical Drug,RxNorm Extension,Oral Solution
nifedipine,40977790,Nifedipine 10 MG Extended Release Oral Tablet Box of 50 by Dexcel-Pharma,Marketed Product,RxNorm Extension,Extended Release Oral Tablet
nifedipine,41228086,Nifedipine 20 MG Extended Release Oral Capsule [Corotrend] Box of 30 by Novartis,Marketed Product,RxNorm Extension,Extended Release Oral Capsule
nifedipine,21133161,Nifedipine Oral Solution,Clinical Drug Form,RxNorm Extension,Oral Solution
nifedipine,36271236,Nifedipine 60 MG Extended Release Oral Capsule [NIFEDIPINE EG] Box of 56 by Eurogenerics,Marketed Product,RxNorm Extension,Extended Release Oral Capsule
nifedipine,41186215,Nifedipine 10 MG Oral Capsule [Pidilat] Box of 1000,Branded Drug Box,RxNorm Extension,Oral Capsule
nifedipine,41186202,Nifedipine 60 MG Extended Release Oral Tablet [Adalat] Box of 28,Branded Drug Box,RxNorm Extension,Extended Release Oral Tablet
nifedipine,21153027,Nifedipine 30 MG Extended Release Oral Tablet [Valni] by Zentiva,Marketed Product,RxNorm Extension,Extended Release Oral Tablet
nifedipine,40842811,Nifedipine 5 MG Oral Capsule [Corotrend] Box of 50,Branded Drug Box,RxNorm Extension,Oral Capsule
nifedipine,21123324,Nifedipine 0.5 MG/ML Oral Suspension,Clinical Drug,RxNorm Extension,Oral Suspension
nifedipine,41018680,Nifedipine Extended Release Oral Tablet [Corosten],Branded Drug Form,RxNorm Extension,Extended Release Oral Tablet
nifedipine,40874034,Nifedipine 20 MG Extended Release Oral Tablet [Nifedipin Basics] Box of 100,Branded Drug Box,RxNorm Extension,Extended Release Oral Tablet
nifedipine,21153031,Nifedipine 20 MG/ML Oral Suspension,Clinical Drug,RxNorm Extension,Oral Suspension
nifedipine,41178439,Nifedipine 40 MG Extended Release Oral Tablet Box of 20,Clinical Drug Box,RxNorm Extension,Extended Release Oral Tablet
nifedipine,41299655,Nifedipine Extended Release Oral Tablet [Nifedipin 1a Pharma],Branded Drug Form,RxNorm Extension,Extended Release Oral Tablet
nifedipine,41102975,Nifedipine 20 MG Extended Release Oral Tablet [Nifsigma] Box of 50 by Sigma-Tau,Marketed Product,RxNorm Extension,Extended Release Oral Tablet
nifedipine,43151599,Nifedipine 20 MG Extended Release Oral Tablet [NIFEDIPINE RPG] Box of 30 by Ranbaxy,Marketed Product,RxNorm Extension,Extended Release Oral Tablet
nifedipine,41040281,Nifedipine 5 MG Oral Capsule [Aprical] Box of 100 by Shire,Marketed Product,RxNorm Extension,Oral Capsule
nifedipine,21044963,Nifedipine 60 MG Extended Release Oral Tablet [Nimodrel XL] by Zurich,Marketed Product,RxNorm Extension,Extended Release Oral Tablet
nifedipine,36419773,Nifedipine 50 MG Extended Release Oral Tablet [Corinfar],Branded Drug,RxNorm Extension,Extended Release Oral Tablet
nifedipine,21152999,Nifedipine 20 MG Extended Release Oral Tablet [Nifedipress MR] Box of 56 by Dexcel-Pharma,Marketed Product,RxNorm Extension,Extended Release Oral Tablet
nifedipine,21054782,Nifedipine 5 MG Oral Capsule Box of 90,Clinical Drug Box,RxNorm Extension,Oral Capsule
nifedipine,41040259,Nifedipine 60 MG Extended Release Oral Tablet [Adalat] Box of 100 by Bayer,Marketed Product,RxNorm Extension,Extended Release Oral Tablet
nifedipine,40998710,Nifedipine 5 MG Oral Capsule [Nife Basf] Box of 30,Branded Drug Box,RxNorm Extension,Oral Capsule
nifedipine,40894196,Nifedipine Oral Capsule [Cordicant],Branded Drug Form,RxNorm Extension,Oral Capsule
nifedipine,41228078,Nifedipine 5 MG Oral Capsule [Nife Puren] Box of 100 by Puren,Marketed Product,RxNorm Extension,Oral Capsule
nifedipine,41217525,Nifedipine 10 MG Oral Capsule [Nifehexal],Branded Drug,RxNorm Extension,Oral Capsule
nifedipine,41258862,Nifedipine 10 MG Oral Capsule [Nifedipin Pb] Box of 100 by PB,Marketed Product,RxNorm Extension,Oral Capsule
nifedipine,40915464,Nifedipine 5 MG Oral Capsule [Nifedipin Verla] Box of 50 by Verla,Marketed Product,RxNorm Extension,Oral Capsule
nifedipine,43711230,Nifedipine 0.0000499 MG/MG Oral Solution [Bukonif-5],Branded Drug,RxNorm Extension,Oral Solution
nifedipine,21143127,Nifedipine 10 MG Oral Capsule Box of 100,Clinical Drug Box,RxNorm Extension,Oral Capsule
nifedipine,41197026,Nifedipine 20 MG Oral Tablet Box of 100 by Acis,Marketed Product,RxNorm Extension,Oral Tablet
nifedipine,41228099,Nifedipine 20 MG Oral Tablet [Adalat] Box of 50 by Bayer,Marketed Product,RxNorm Extension,Oral Tablet
nifedipine,41018675,Nifedipine Oral Solution [Cordicant],Branded Drug Form,RxNorm Extension,Oral Solution
nifedipine,41029733,Nifedipine 10 MG Oral Tablet [Nifeclair] Box of 20,Branded Drug Box,RxNorm Extension,Oral Tablet
nifedipine,41389054,30 ML Nifedipine 20 MG/ML Oral Solution [Pidilat],Quant Branded Drug,RxNorm Extension,Oral Solution
labetalol,21174113,Labetalol 10 MG/ML Oral Solution,Clinical Drug,RxNorm Extension,Oral Solution
nifedipine,41248591,Nifedipine 30 MG Oral Tablet [Nifehexal] Box of 50,Branded Drug Box,RxNorm Extension,Oral Tablet
nifedipine,41123657,Nifedipine 60 MG Oral Tablet [Nifedipin Stada],Branded Drug,RxNorm Extension,Oral Tablet
nifedipine,41060922,Nifedipine 20 MG Oral Tablet [Corinfar] Box of 300,Branded Drug Box,RxNorm Extension,Oral Tablet
nifedipine,41071564,Nifedipine 20 MG Oral Tablet [Nifedipin 1a Pharma] Box of 100 by 1 A,Marketed Product,RxNorm Extension,Oral Tablet
nifedipine,40873995,Nifedipine 10 MG Oral Tablet [Nifelat] Box of 20,Branded Drug Box,RxNorm Extension,Oral Tablet
labetalol,41000210,Labetalol 100 MG Oral Tablet [Trandate] Box of 1000,Branded Drug Box,RxNorm Extension,Oral Tablet
nifedipine,41186206,Nifedipine 10 MG Oral Tablet [Nifedipin Stada] Box of 20,Branded Drug Box,RxNorm Extension,Oral Tablet
nifedipine,40904931,Nifedipine 10 MG Oral Tablet [Dignokonstant],Branded Drug,RxNorm Extension,Oral Tablet
nifedipine,35771160,Nifedipine 30 MG Delayed Release Oral Tablet [Slofedipine XL],Branded Drug,RxNorm Extension,Delayed Release Oral Tablet
labetalol,35763415,Labetalol 200 MG Delayed Release Oral Tablet [Trandate] Box of 250 by Focus,Marketed Product,RxNorm Extension,Delayed Release Oral Tablet
nifedipine,35766192,Nifedipine Delayed Release Oral Tablet [Adanif XL],Branded Drug Form,RxNorm Extension,Delayed Release Oral Tablet
nifedipine,36880954,Nifedipine 30 MG Delayed Release Oral Tablet,Clinical Drug,RxNorm Extension,Delayed Release Oral Tablet
nifedipine,21054767,Nifedipine 10 MG Oral Capsule [Adalat] Box of 50 by Dowelhurst,Marketed Product,RxNorm Extension,Oral Capsule
nifedipine,21025356,Nifedipine 0.8 MG/ML Oral Suspension,Clinical Drug,RxNorm Extension,Oral Suspension
nifedipine,36066803,nifedipine 20 MG Extended Release Oral Tablet [Adalat LA] Box of 28 by Mawdsley-Brooks,Marketed Product,RxNorm Extension,Extended Release Oral Tablet
nifedipine,41237636,Nifedipine Oral Capsule [Nifedipin Basics],Branded Drug Form,RxNorm Extension,Oral Capsule
nifedipine,41228077,Nifedipine 5 MG Oral Capsule [Nife Wolff] Box of 100 by Wolff Bielefeld,Marketed Product,RxNorm Extension,Oral Capsule
nifedipine,41186222,Nifedipine 10 MG Oral Capsule [Nife Klast],Branded Drug,RxNorm Extension,Oral Capsule
nifedipine,41029717,Nifedipine 10 MG Extended Release Oral Tablet [Nifreal] Box of 50,Branded Drug Box,RxNorm Extension,Extended Release Oral Tablet
labetalol,36812418,Labetalol 200 MG Oral Tablet by Tillomed,Marketed Product,RxNorm Extension,Oral Tablet
nifedipine,40936211,Nifedipine 5 MG Oral Capsule [Corinfar] Box of 30,Branded Drug Box,RxNorm Extension,Oral Capsule
nifedipine,43657436,Nifedipine 30 MG Extended Release Oral Tablet [Nifedipin Cipla] by Cipla,Marketed Product,RxNorm Extension,Extended Release Oral Tablet
nifedipine,21044964,Nifedipine 60 MG Extended Release Oral Tablet [Slofedipine XL] Box of 28 by Zentiva,Marketed Product,RxNorm Extension,Extended Release Oral Tablet
nifedipine,44034188,Nifedipine 20 MG Extended Release Oral Tablet [Apo-Nifed],Branded Drug,RxNorm Extension,Extended Release Oral Tablet
nifedipine,43657438,Nifedipine 60 MG Extended Release Oral Tablet [Nifehexal] by Hexal,Marketed Product,RxNorm Extension,Extended Release Oral Tablet
nifedipine,43603234,Nifedipine 60 MG Extended Release Oral Tablet [Aprical] by Amdipharm,Marketed Product,RxNorm Extension,Extended Release Oral Tablet
nifedipine,41279335,Nifedipine 10 MG Extended Release Oral Tablet [Nifecor],Branded Drug,RxNorm Extension,Extended Release Oral Tablet
nifedipine,41228092,Nifedipine 20 MG Extended Release Oral Tablet [Nife Wolff] Box of 30 by Wolff Bielefeld,Marketed Product,RxNorm Extension,Extended Release Oral Tablet
nifedipine,41009142,Nifedipine 40 MG Extended Release Oral Tablet [Nifehexal] Box of 50 by Novartis,Marketed Product,RxNorm Extension,Extended Release Oral Tablet
nifedipine,35743123,Nifedipine 10 MG Extended Release Oral Capsule Box of 84 by Actavis,Marketed Product,RxNorm Extension,Extended Release Oral Capsule
nifedipine,35772519,Nifedipine 10 MG Extended Release Oral Capsule [Adalat] by Mawdsley-Brooks,Marketed Product,RxNorm Extension,Extended Release Oral Capsule
nifedipine,35768195,Nifedipine 10 MG Extended Release Oral Capsule [Adalat] Box of 90 by Bayer,Marketed Product,RxNorm Extension,Extended Release Oral Capsule
nifedipine,41228096,Nifedipine 20 MG Extended Release Oral Tablet [Corinfar] Box of 30 by TEVA,Marketed Product,RxNorm Extension,Extended Release Oral Tablet
nifedipine,35154123,Nifedipine 10 MG Extended Release Oral Tablet by Kyowa,Marketed Product,RxNorm Extension,Extended Release Oral Tablet
nifedipine,41178440,Nifedipine 60 MG Extended Release Oral Tablet Box of 100,Clinical Drug Box,RxNorm Extension,Extended Release Oral Tablet
nifedipine,40990864,Nifedipine 10 MG Extended Release Oral Tablet Box of 50,Clinical Drug Box,RxNorm Extension,Extended Release Oral Tablet
nifedipine,41009156,Nifedipine 10 MG Oral Capsule [Pidilat] Box of 50 by Mylan,Marketed Product,RxNorm Extension,Oral Capsule
nifedipine,21064629,Nifedipine 10 MG Extended Release Oral Tablet [Tensipine MR] by Genus,Marketed Product,RxNorm Extension,Extended Release Oral Tablet
nifedipine,40946838,Nifedipine 20 MG Extended Release Oral Tablet [Duranifin] Box of 30 by Mylan,Marketed Product,RxNorm Extension,Extended Release Oral Tablet
nifedipine,40873990,Nifedipine 40 MG Extended Release Oral Tablet [Dignokonstant] Box of 50,Branded Drug Box,RxNorm Extension,Extended Release Oral Tablet
nifedipine,41102941,Nifedipine 10 MG Extended Release Oral Tablet [Nifedipin Stada] Box of 50 by Stada,Marketed Product,RxNorm Extension,Extended Release Oral Tablet
nifedipine,40956440,Nifedipine Extended Release Oral Tablet [Jutadilat],Branded Drug Form,RxNorm Extension,Extended Release Oral Tablet
nifedipine,41321289,Nifedipine 20 MG Extended Release Oral Tablet [Nifedipin 1a Pharma] Box of 30 by 1 A,Marketed Product,RxNorm Extension,Extended Release Oral Tablet
nifedipine,40884497,Nifedipine 60 MG Extended Release Oral Tablet [Adalat] Box of 98 by Bayer,Marketed Product,RxNorm Extension,Extended Release Oral Tablet
labetalol,21076017,Labetalol 400 MG Oral Tablet Box of 56 by Alliance,Marketed Product,RxNorm Extension,Oral Tablet
nifedipine,21093978,Nifedipine 60 MG Extended Release Oral Tablet [Valni],Branded Drug,RxNorm Extension,Extended Release Oral Tablet
nifedipine,40998712,Nifedipine 5 MG Oral Capsule [Jutadilat] Box of 30,Branded Drug Box,RxNorm Extension,Oral Capsule
nifedipine,21025336,Nifedipine 20 MG Extended Release Oral Tablet by AM Distributions,Marketed Product,RxNorm Extension,Extended Release Oral Tablet
nifedipine,41102930,Nifedipine 40 MG Extended Release Oral Tablet [Nifehexal] Box of 30 by Novartis,Marketed Product,RxNorm Extension,Extended Release Oral Tablet
nifedipine,40863016,Nifedipine Extended Release Oral Tablet [Nife],Branded Drug Form,RxNorm Extension,Extended Release Oral Tablet
nifedipine,40725289,Nifedipine 60 MG Extended Release Oral Tablet [Adalat LA] by Sigma,Marketed Product,RxNorm Extension,Extended Release Oral Tablet
nifedipine,41279356,Nifedipine 5 MG Oral Capsule [Cordicant],Branded Drug,RxNorm Extension,Oral Capsule
nifedipine,41389359,30 ML Nifedipine 0.667 MG/ML Oral Solution [Nifical],Quant Branded Drug,RxNorm Extension,Oral Solution
nifedipine,40977801,Nifedipine 10 MG Oral Capsule Box of 100 by Ratiopharm,Marketed Product,RxNorm Extension,Oral Capsule
labetalol,21087384,1 ML Labetalol 2 MG/ML Oral Solution,Quant Clinical Drug,RxNorm Extension,Oral Solution
nifedipine,41060889,Nifedipine 5 MG Oral Capsule [Nifedipin Verla] Box of 30,Branded Drug Box,RxNorm Extension,Oral Capsule
nifedipine,40842792,Nifedipine 10 MG Oral Capsule [Nife Abz] Box of 100,Branded Drug Box,RxNorm Extension,Oral Capsule
nifedipine,36066814,nifedipine 5 MG Oral Capsule by Relonchem,Marketed Product,RxNorm Extension,Oral Capsule
nifedipine,21093968,Nifedipine 10 MG Oral Capsule [Adalat] by Stephar,Marketed Product,RxNorm Extension,Oral Capsule
nifedipine,21172622,Nifedipine 5 MG Oral Capsule by Alliance,Marketed Product,RxNorm Extension,Oral Capsule
nifedipine,40967348,Nifedipine 10 MG Oral Capsule [Nifedipin Pb] Box of 100,Branded Drug Box,RxNorm Extension,Oral Capsule
nifedipine,43621187,Nifedipine 20 MG/ML Oral Solution [Nifehexal],Branded Drug,RxNorm Extension,Oral Solution
nifedipine,40904960,Nifedipine 20 MG Oral Tablet [Nife 1a Pharma],Branded Drug,RxNorm Extension,Oral Tablet
nifedipine,40842781,Nifedipine 10 MG Oral Tablet [Pidilat] Box of 400,Branded Drug Box,RxNorm Extension,Oral Tablet
labetalol,40727617,Labetalol 400 MG Oral Tablet [Trandate] Box of 56 by RPH,Marketed Product,RxNorm Extension,Oral Tablet
nifedipine,40946793,Nifedipine 40 MG Oral Tablet [Nifedipin Stada] Box of 100 by Aliud,Marketed Product,RxNorm Extension,Oral Tablet
nifedipine,40904948,Nifedipine 20 MG Oral Tablet [Pidilat] Box of 50,Branded Drug Box,RxNorm Extension,Oral Tablet
labetalol,21144595,Labetalol 100 MG Oral Tablet by A A H,Marketed Product,RxNorm Extension,Oral Tablet
nifedipine,40853304,Nifedipine 20 MG Oral Tablet [Nifedipin Abz] Box of 100 by AbZ-Pharma,Marketed Product,RxNorm Extension,Oral Tablet
nifedipine,43184624,Nifedipine Oral Tablet [NIFEDIPINE MYLAN],Branded Drug Form,RxNorm Extension,Oral Tablet
nifedipine,41310648,Nifedipine 10 MG Oral Tablet [Nifehexal],Branded Drug,RxNorm Extension,Oral Tablet
nifedipine,41092486,Nifedipine 30 MG Oral Tablet [Adalat] Box of 50,Branded Drug Box,RxNorm Extension,Oral Tablet
labetalol,21056250,Labetalol 100 MG Oral Tablet by Mawdsley-Brooks,Marketed Product,RxNorm Extension,Oral Tablet
labetalol,21026831,Labetalol 400 MG Oral Tablet by Phoenix Labs,Marketed Product,RxNorm Extension,Oral Tablet
nifedipine,2064022,nifedipine 20 MG Oral Tablet [NIPIDINE],Branded Drug,RxNorm Extension,Oral Tablet
nifedipine,41321286,Nifedipine 20 MG Oral Tablet [Nifedipin Pb] Box of 100 by PB,Marketed Product,RxNorm Extension,Oral Tablet
labetalol,21105354,Labetalol 400 MG Oral Tablet Box of 56 by DE,Marketed Product,RxNorm Extension,Oral Tablet
labetalol,21144587,Labetalol 200 MG Oral Tablet Box of 56 by DE,Marketed Product,RxNorm Extension,Oral Tablet
nifedipine,40967326,Nifedipine 40 MG Oral Tablet [Nifecor] Box of 50,Branded Drug Box,RxNorm Extension,Oral Tablet
nifedipine,35774769,Nifedipine Delayed Release Oral Tablet [Neozipine XL],Branded Drug Form,RxNorm Extension,Delayed Release Oral Tablet
labetalol,35767527,Labetalol 200 MG Delayed Release Oral Tablet by Actavis,Marketed Product,RxNorm Extension,Delayed Release Oral Tablet
labetalol,35770689,Labetalol 200 MG Delayed Release Oral Tablet Box of 56,Clinical Drug Box,RxNorm Extension,Delayed Release Oral Tablet
nifedipine,21064616,Nifedipine Extended Release Oral Tablet [Neozipine XL],Branded Drug Form,RxNorm Extension,Extended Release Oral Tablet
nifedipine,36783390,Nifedipine 60 MG Extended Release Oral Tablet [NIFEDIPINE EG],Branded Drug,RxNorm Extension,Extended Release Oral Tablet
nifedipine,21054777,Nifedipine 60 MG Extended Release Oral Capsule [Coracten XL] by UCB,Marketed Product,RxNorm Extension,Extended Release Oral Capsule
nifedipine,21153016,Nifedipine 10 MG Extended Release Oral Tablet Box of 56 by Sigma-Tau,Marketed Product,RxNorm Extension,Extended Release Oral Tablet
nifedipine,35158313,1000 MG Nifedipine 0.02 MG/MG Oral Granules [Sepamit],Quant Branded Drug,RxNorm Extension,Oral Granules
nifedipine,41123696,Nifedipine 20 MG Extended Release Oral Capsule [Am Nifedipin] Box of 100,Branded Drug Box,RxNorm Extension,Extended Release Oral Capsule
nifedipine,43034958,Nifedipine 30 MG Extended Release Oral Tablet Box of 90 by Mylan,Marketed Product,RxNorm Extension,Extended Release Oral Tablet
nifedipine,43657447,Nifedipine 40 MG Extended Release Oral Tablet [Nifehexal] by Hexal,Marketed Product,RxNorm Extension,Extended Release Oral Tablet
nifedipine,41009182,Nifedipine 20 MG Extended Release Oral Tablet [Adalat] Box of 2000 by Bayer,Marketed Product,RxNorm Extension,Extended Release Oral Tablet
nifedipine,40874038,Nifedipine 20 MG Extended Release Oral Tablet [Nife 1a Pharma] Box of 30,Branded Drug Box,RxNorm Extension,Extended Release Oral Tablet
nifedipine,35751460,Nifedipine 10 MG Extended Release Oral Capsule [Adalat] by Bayer,Marketed Product,RxNorm Extension,Extended Release Oral Capsule
nifedipine,35129949,Nifedipine 10 MG Extended Release Oral Tablet by Sawai Seiyaku,Marketed Product,RxNorm Extension,Extended Release Oral Tablet
nifedipine,21103910,Nifedipine 20 MG Extended Release Oral Tablet [Adalat] Box of 60 by Mawdsley-Brooks,Marketed Product,RxNorm Extension,Extended Release Oral Tablet
nifedipine,41186212,Nifedipine 10 MG Extended Release Oral Tablet [Corotrend],Branded Drug,RxNorm Extension,Extended Release Oral Tablet
nifedipine,41123702,Nifedipine 20 MG Extended Release Oral Tablet [Nifedipin Basics] Box of 50,Branded Drug Box,RxNorm Extension,Extended Release Oral Tablet
nifedipine,40990873,Nifedipine 20 MG Extended Release Oral Tablet Box of 50,Clinical Drug Box,RxNorm Extension,Extended Release Oral Tablet
nifedipine,36066808,nifedipine 10 MG Oral Capsule by Relonchem,Marketed Product,RxNorm Extension,Oral Capsule
nifedipine,41060891,Nifedipine 5 MG Oral Capsule [Duranifin] Box of 30,Branded Drug Box,RxNorm Extension,Oral Capsule
nifedipine,41310643,Nifedipine 10 MG Oral Capsule [Nifedipin-ratiopharm] Box of 100,Branded Drug Box,RxNorm Extension,Oral Capsule
nifedipine,41310655,Nifedipine 5 MG Oral Capsule [Nifedipin Heumann] Box of 100,Branded Drug Box,RxNorm Extension,Oral Capsule
nifedipine,41092467,Nifedipine 10 MG Oral Capsule [Nife Puren] Box of 500,Branded Drug Box,RxNorm Extension,Oral Capsule
nifedipine,40915465,Nifedipine 5 MG Oral Capsule [Nifedipin Pb] Box of 100 by PB,Marketed Product,RxNorm Extension,Oral Capsule
nifedipine,43754460,20000 MG Nifedipine 0.0000499 MG/MG Oral Solution [Bukonif-5] by Dr. Kurt Burghart,Marketed Product,RxNorm Extension,Oral Solution
nifedipine,40874011,Nifedipine 5 MG Oral Capsule [Nifelat] Box of 25,Branded Drug Box,RxNorm Extension,Oral Capsule
nifedipine,41217575,Nifedipine 20 MG Oral Tablet [Nifeclair],Branded Drug,RxNorm Extension,Oral Tablet
nifedipine,41053093,Nifedipine 20 MG/ML Oral Solution Box of 3,Clinical Drug Box,RxNorm Extension,Oral Solution
nifedipine,41178443,Nifedipine 10 MG Oral Tablet Box of 100,Clinical Drug Box,RxNorm Extension,Oral Tablet
nifedipine,41102978,Nifedipine 20 MG Oral Tablet [Nifedipin Al] Box of 100 by Aliud,Marketed Product,RxNorm Extension,Oral Tablet
nifedipine,40874008,Nifedipine 10 MG Oral Tablet [Corinfar] Box of 50,Branded Drug Box,RxNorm Extension,Oral Tablet
nifedipine,40977822,Nifedipine 20 MG Oral Tablet [Nife] Box of 100 by AbZ-Pharma,Marketed Product,RxNorm Extension,Oral Tablet
nifedipine,40936232,Nifedipine 20 MG Oral Tablet [Nifsigma] Box of 100,Branded Drug Box,RxNorm Extension,Oral Tablet
nifedipine,41071569,Nifedipine 20 MG Oral Tablet [Adalat] Box of 100 by Kohlpharma,Marketed Product,RxNorm Extension,Oral Tablet
nifedipine,40928324,Nifedipine 50 MG Oral Tablet Box of 500,Clinical Drug Box,RxNorm Extension,Oral Tablet
nifedipine,35762739,Nifedipine 30 MG Delayed Release Oral Tablet [Adipin] Box of 28,Branded Drug Box,RxNorm Extension,Delayed Release Oral Tablet
nifedipine,35772533,Nifedipine 30 MG Delayed Release Oral Tablet by Sigma-Tau,Marketed Product,RxNorm Extension,Delayed Release Oral Tablet
nifedipine,21054766,Nifedipine 10 MG Oral Capsule [Adalat] Box of 50 by Waymade,Marketed Product,RxNorm Extension,Oral Capsule
nifedipine,21103905,Nifedipine 20 MG Extended Release Oral Tablet [Nifopress Retard] Box of 56 by AMCo,Marketed Product,RxNorm Extension,Extended Release Oral Tablet
nifedipine,35887756,nifedipine 30 MG Extended Release Oral Tablet [Slofedipine XL],Branded Drug,RxNorm Extension,Extended Release Oral Tablet
nifedipine,40967347,Nifedipine 10 MG Oral Capsule [Nifedipin Sandoz],Branded Drug,RxNorm Extension,Oral Capsule
nifedipine,44049920,Nifedipine 10 MG Oral Capsule [Adalat] by Miles,Marketed Product,RxNorm Extension,Oral Capsule
nifedipine,35772523,Nifedipine 10 MG Extended Release Oral Capsule by Mylan,Marketed Product,RxNorm Extension,Extended Release Oral Capsule
nifedipine,41228084,Nifedipine 20 MG Extended Release Oral Capsule [Nifedipin Stada] Box of 100 by Stada,Marketed Product,RxNorm Extension,Extended Release Oral Capsule
nifedipine,41248596,Nifedipine 20 MG Extended Release Oral Capsule [Coracten] Box of 30,Branded Drug Box,RxNorm Extension,Extended Release Oral Capsule
nifedipine,41258859,Nifedipine 10 MG Extended Release Oral Tablet [Corotrend] Box of 30 by Novartis,Marketed Product,RxNorm Extension,Extended Release Oral Tablet
nifedipine,40977813,Nifedipine 20 MG Extended Release Oral Capsule [Jedipin] Box of 100 by Mibe,Marketed Product,RxNorm Extension,Extended Release Oral Capsule
nifedipine,2064026,nifedipine 10 MG Oral Tablet by Youngil,Marketed Product,RxNorm Extension,Oral Tablet
nifedipine,41248561,Nifedipine 10 MG Extended Release Oral Tablet [Nifeclair] Box of 100,Branded Drug Box,RxNorm Extension,Extended Release Oral Tablet
nifedipine,40946826,Nifedipine 30 MG Extended Release Oral Tablet [Nifehexal] Box of 50 by Novartis,Marketed Product,RxNorm Extension,Extended Release Oral Tablet
nifedipine,40884511,Nifedipine 10 MG Oral Capsule [Adalat] Box of 84 by Eurim-Pharm,Marketed Product,RxNorm Extension,Oral Capsule
nifedipine,36942083,nifedipine 10 MG Oral Capsule Box of 90 by DE,Marketed Product,RxNorm Extension,Oral Capsule
nifedipine,43639360,Nifedipine Extended Release Oral Tablet [Nifedipin Sandoz],Branded Drug Form,RxNorm Extension,Extended Release Oral Tablet
nifedipine,43151592,Nifedipine 30 MG Extended Release Oral Tablet [NIFEDIPINE ARROW] Box of 30 by Arrow,Marketed Product,RxNorm Extension,Extended Release Oral Tablet
nifedipine,43034962,Nifedipine 20 MG Oral Tablet Box of 30 by Mylan,Marketed Product,RxNorm Extension,Oral Tablet
nifedipine,41289990,Nifedipine 30 MG Extended Release Oral Tablet [Nifedipin Stada] Box of 100 by Stada,Marketed Product,RxNorm Extension,Extended Release Oral Tablet
nifedipine,40915495,Nifedipine 20 MG Extended Release Oral Tablet Box of 30 by Acis,Marketed Product,RxNorm Extension,Extended Release Oral Tablet
nifedipine,21113710,Nifedipine 10 MG Extended Release Oral Tablet Box of 56 by J M McGill,Marketed Product,RxNorm Extension,Extended Release Oral Tablet
nifedipine,21093964,Nifedipine 20 MG Extended Release Oral Tablet [Adalat] by Mawdsley-Brooks,Marketed Product,RxNorm Extension,Extended Release Oral Tablet
nifedipine,2064015,nifedipine 33 MG Extended Release Oral Tablet [Nifelat],Branded Drug,RxNorm Extension,Extended Release Oral Tablet
nifedipine,21153020,Nifedipine 10 MG Extended Release Oral Tablet [Nifedipress MR] by TEVA,Marketed Product,RxNorm Extension,Extended Release Oral Tablet
nifedipine,40946848,Nifedipine 20 MG Oral Capsule [Adalat] Box of 30 by Bayer,Marketed Product,RxNorm Extension,Oral Capsule
nifedipine,43195629,Nifedipine 20 MG Oral Tablet Box of 180,Clinical Drug Box,RxNorm Extension,Oral Tablet
nifedipine,41071546,Nifedipine 10 MG Oral Capsule [Pidilat] Box of 100 by Mylan,Marketed Product,RxNorm Extension,Oral Capsule
nifedipine,41102957,Nifedipine 10 MG Oral Capsule Box of 50 by Ratiopharm,Marketed Product,RxNorm Extension,Oral Capsule
nifedipine,41302811,Nifedipine 0.2 MG/ML Oral Solution Box of 1,Clinical Drug Box,RxNorm Extension,Oral Solution
nifedipine,41009164,Nifedipine 5 MG Oral Capsule [Nifeclair] Box of 50 by Hennig,Marketed Product,RxNorm Extension,Oral Capsule
nifedipine,41060920,Nifedipine 20 MG Oral Tablet [Nife 1a Pharma] Box of 50,Branded Drug Box,RxNorm Extension,Oral Tablet
labetalol,41085225,Labetalol 400 MG Oral Tablet Box of 50,Clinical Drug Box,RxNorm Extension,Oral Tablet
nifedipine,41321297,Nifedipine 20 MG Oral Tablet [Adalat] Box of 100 by Orifarm Leverkus,Marketed Product,RxNorm Extension,Oral Tablet
nifedipine,41321272,Nifedipine 10 MG Oral Tablet [Duranifin] Box of 50 by Mylan,Marketed Product,RxNorm Extension,Oral Tablet
nifedipine,41310649,Nifedipine 10 MG Oral Tablet [Nife Basf] Box of 30,Branded Drug Box,RxNorm Extension,Oral Tablet
nifedipine,40842816,Nifedipine 30 MG Oral Tablet [Adalat] Box of 98,Branded Drug Box,RxNorm Extension,Oral Tablet
labetalol,21056244,Labetalol 200 MG Oral Tablet Box of 56 by Waymade,Marketed Product,RxNorm Extension,Oral Tablet
nifedipine,40915455,Nifedipine 10 MG Oral Tablet Box of 50 by Dexcel-Pharma,Marketed Product,RxNorm Extension,Oral Tablet
labetalol,21154521,Labetalol 400 MG Oral Tablet Box of 56 by Waymade,Marketed Product,RxNorm Extension,Oral Tablet
labetalol,21056245,Labetalol 200 MG Oral Tablet [Trandate] Box of 56 by Focus,Marketed Product,RxNorm Extension,Oral Tablet
labetalol,21105357,Labetalol 400 MG Oral Tablet [Trandate] Box of 56 by Focus,Marketed Product,RxNorm Extension,Oral Tablet
labetalol,21066072,Labetalol 200 MG Oral Tablet by Sandoz,Marketed Product,RxNorm Extension,Oral Tablet
nifedipine,41258903,Nifedipine 20 MG Oral Tablet Box of 100 by Dexcel-Pharma,Marketed Product,RxNorm Extension,Oral Tablet
nifedipine,41165610,Nifedipine 10 MG Oral Tablet [Nife Basf] Box of 30 by Novartis,Marketed Product,RxNorm Extension,Oral Tablet
nifedipine,41134355,Nifedipine 10 MG Oral Tablet [Dignokonstant] Box of 25 by Daiichi Sankyo,Marketed Product,RxNorm Extension,Oral Tablet
nifedipine,35772524,Nifedipine 30 MG Delayed Release Oral Tablet [Adalat LA] Box of 28 by Lexon,Marketed Product,RxNorm Extension,Delayed Release Oral Tablet
nifedipine,35746059,Nifedipine 10 MG Extended Release Oral Capsule [Adalat] Box of 50,Branded Drug Box,RxNorm Extension,Extended Release Oral Capsule
nifedipine,21064627,Nifedipine 10 MG Extended Release Oral Tablet by Alliance,Marketed Product,RxNorm Extension,Extended Release Oral Tablet
nifedipine,41321268,Nifedipine 10 MG Oral Capsule [Nife Puren] Box of 20 by Puren,Marketed Product,RxNorm Extension,Oral Capsule
nifedipine,41029724,Nifedipine 10 MG Extended Release Oral Tablet [Adalat] Box of 100,Branded Drug Box,RxNorm Extension,Extended Release Oral Tablet
nifedipine,41092474,Nifedipine 10 MG Oral Capsule [Aprical] Box of 30,Branded Drug Box,RxNorm Extension,Oral Capsule
nifedipine,41053095,Nifedipine 5 MG Oral Capsule Box of 25,Clinical Drug Box,RxNorm Extension,Oral Capsule
nifedipine,40915442,Nifedipine 40 MG Extended Release Oral Tablet [Nifehexal] Box of 100 by Novartis,Marketed Product,RxNorm Extension,Extended Release Oral Tablet
nifedipine,40946812,Nifedipine 10 MG Oral Capsule [Nifedipat] Box of 100 by Azupharma,Marketed Product,RxNorm Extension,Oral Capsule
nifedipine,35868172,nifedipine Oral Tablet [Xinran],Branded Drug Form,RxNorm Extension,Oral Tablet
nifedipine,36260148,Nifedipine 60 MG Extended Release Oral Capsule [Adalat] Box of 56,Branded Drug Box,RxNorm Extension,Extended Release Oral Capsule
nifedipine,44108414,Nifedipine Extended Release Oral Tablet [Pms-Nifedipine],Branded Drug Form,RxNorm Extension,Extended Release Oral Tablet
nifedipine,44034187,Nifedipine 20 MG Extended Release Oral Tablet [Pms-Nifedipine],Branded Drug,RxNorm Extension,Extended Release Oral Tablet
nifedipine,35144314,Nifedipine 20 MG Extended Release Oral Tablet by Nichi-Iko,Marketed Product,RxNorm Extension,Extended Release Oral Tablet
nifedipine,41279370,Nifedipine 20 MG Extended Release Oral Tablet [Nifsigma],Branded Drug,RxNorm Extension,Extended Release Oral Tablet
nifedipine,41009183,Nifedipine 20 MG Extended Release Oral Tablet [Adalat] Box of 100 by Orifarm Leverkus,Marketed Product,RxNorm Extension,Extended Release Oral Tablet
nifedipine,40884536,Nifedipine 20 MG Extended Release Oral Tablet [Nife Basf] Box of 30 by Novartis,Marketed Product,RxNorm Extension,Extended Release Oral Tablet
nifedipine,40915482,Nifedipine 20 MG Extended Release Oral Capsule Box of 100 by Sanol,Marketed Product,RxNorm Extension,Extended Release Oral Capsule
nifedipine,41289992,Nifedipine 20 MG Extended Release Oral Capsule [Nifedipat] Box of 50 by Azupharma,Marketed Product,RxNorm Extension,Extended Release Oral Capsule
nifedipine,43034959,Nifedipine 30 MG Extended Release Oral Tablet Box of 90 by Eurogenerics,Marketed Product,RxNorm Extension,Extended Release Oral Tablet
nifedipine,35759808,Nifedipine 10 MG Extended Release Oral Capsule Box of 84 by Co-Pharma,Marketed Product,RxNorm Extension,Extended Release Oral Capsule
nifedipine,43657446,Nifedipine 40 MG Extended Release Oral Tablet [Nifehexal],Branded Drug,RxNorm Extension,Extended Release Oral Tablet
nifedipine,35130157,Nifedipine 15 MG Extended Release Oral Capsule,Clinical Drug,RxNorm Extension,Extended Release Oral Capsule
nifedipine,41258848,Nifedipine 40 MG Extended Release Oral Tablet [Dignokonstant] Box of 20 by Daiichi Sankyo,Marketed Product,RxNorm Extension,Extended Release Oral Tablet
nifedipine,36783392,Nifedipine 60 MG Extended Release Oral Tablet [Adalat] Box of 56,Branded Drug Box,RxNorm Extension,Extended Release Oral Tablet
nifedipine,41299656,Nifedipine Oral Capsule [Pidilat],Branded Drug Form,RxNorm Extension,Oral Capsule
nifedipine,41196999,Nifedipine 10 MG Oral Capsule [Nifedipin Sandoz] Box of 50 by Novartis,Marketed Product,RxNorm Extension,Oral Capsule
nifedipine,41217507,Nifedipine 40 MG Extended Release Oral Tablet [Duranifin] Box of 100,Branded Drug Box,RxNorm Extension,Extended Release Oral Tablet
nifedipine,41009172,Nifedipine 20 MG Extended Release Oral Tablet [Nifedipin Pb] Box of 100 by PB,Marketed Product,RxNorm Extension,Extended Release Oral Tablet
nifedipine,21074549,Nifedipine 20 MG Extended Release Oral Tablet [Angiopine MR] by Ashbourne,Marketed Product,RxNorm Extension,Extended Release Oral Tablet
nifedipine,41029748,Nifedipine 20 MG Extended Release Oral Tablet [Nife-Ct] Box of 30,Branded Drug Box,RxNorm Extension,Extended Release Oral Tablet
nifedipine,40904923,Nifedipine 10 MG Extended Release Oral Tablet [Duranifin] Box of 100,Branded Drug Box,RxNorm Extension,Extended Release Oral Tablet
nifedipine,40853266,Nifedipine 60 MG Extended Release Oral Tablet [Nifehexal] Box of 100 by Novartis,Marketed Product,RxNorm Extension,Extended Release Oral Tablet
nifedipine,43261980,Nifedipine 20 MG Oral Tablet [Adalat],Branded Drug,RxNorm Extension,Oral Tablet
nifedipine,41029719,Nifedipine 10 MG Extended Release Oral Tablet [Nifelat],Branded Drug,RxNorm Extension,Extended Release Oral Tablet
nifedipine,40904907,Nifedipine 60 MG Extended Release Oral Tablet [Nifehexal] Box of 100,Branded Drug Box,RxNorm Extension,Extended Release Oral Tablet
nifedipine,41115911,Nifedipine 60 MG Extended Release Oral Tablet Box of 49,Clinical Drug Box,RxNorm Extension,Extended Release Oral Tablet
nifedipine,41217532,Nifedipine 10 MG Oral Capsule [Nifedipat] Box of 50,Branded Drug Box,RxNorm Extension,Oral Capsule
nifedipine,41071550,Nifedipine 10 MG Oral Capsule [Adalat] Box of 100 by Bayer,Marketed Product,RxNorm Extension,Oral Capsule
nifedipine,21162876,Nifedipine 20 MG Extended Release Oral Tablet [Slofedipine] Box of 56 by Sterwin Medicines,Marketed Product,RxNorm Extension,Extended Release Oral Tablet
nifedipine,36783388,Nifedipine 60 MG Extended Release Oral Tablet [NIFEDIPINE EG] Box of 56 by Eurogenerics,Marketed Product,RxNorm Extension,Extended Release Oral Tablet
nifedipine,21133169,Nifedipine 20 MG Extended Release Oral Tablet [Nifedipress MR] Box of 56,Branded Drug Box,RxNorm Extension,Extended Release Oral Tablet
nifedipine,41029747,Nifedipine 20 MG Extended Release Oral Tablet [Nifecor],Branded Drug,RxNorm Extension,Extended Release Oral Tablet
nifedipine,41279343,Nifedipine 10 MG Oral Capsule [Nife Abz] Box of 30,Branded Drug Box,RxNorm Extension,Oral Capsule
nifedipine,41385846,30 ML Nifedipine 0.667 MG/ML Oral Solution Box of 1,Quant Clinical Box,RxNorm Extension,Oral Solution
nifedipine,41092463,Nifedipine 10 MG Oral Capsule [Nifedipin Sandoz] Box of 30,Branded Drug Box,RxNorm Extension,Oral Capsule
nifedipine,41029726,Nifedipine 10 MG Oral Capsule [Duranifin] Box of 500,Branded Drug Box,RxNorm Extension,Oral Capsule
nifedipine,41258894,Nifedipine 20 MG Oral Tablet [Nife] Box of 30 by AbZ-Pharma,Marketed Product,RxNorm Extension,Oral Tablet
nifedipine,41123708,Nifedipine 20 MG Oral Tablet [Nife] Box of 50,Branded Drug Box,RxNorm Extension,Oral Tablet
nifedipine,40884541,Nifedipine 20 MG Oral Tablet [Adalat] Box of 50 by Gerke,Marketed Product,RxNorm Extension,Oral Tablet
nifedipine,41387387,30 ML Nifedipine 20 MG/ML Oral Solution [Aprical] Box of 20,Quant Branded Box,RxNorm Extension,Oral Solution
nifedipine,40936236,Nifedipine 20 MG Oral Tablet [Nifelat] Box of 20,Branded Drug Box,RxNorm Extension,Oral Tablet
labetalol,21174111,Labetalol 200 MG Oral Tablet Box of 56,Clinical Drug Box,RxNorm Extension,Oral Tablet
labetalol,40835562,Labetalol 100 MG Oral Tablet Box of 25,Clinical Drug Box,RxNorm Extension,Oral Tablet
nifedipine,41186260,Nifedipine 20 MG Oral Tablet [Duranifin] Box of 500,Branded Drug Box,RxNorm Extension,Oral Tablet
nifedipine,43272972,Nifedipine 20 MG Oral Tablet [Adefin],Branded Drug,RxNorm Extension,Oral Tablet
nifedipine,41186245,Nifedipine 20 MG Oral Tablet [Pidilat] Box of 20,Branded Drug Box,RxNorm Extension,Oral Tablet
nifedipine,40894193,Nifedipine Oral Tablet [Nifedipin 1a Pharma],Branded Drug Form,RxNorm Extension,Oral Tablet
nifedipine,41071543,Nifedipine 10 MG Oral Tablet [Nifedipin Verla] Box of 100 by Verla,Marketed Product,RxNorm Extension,Oral Tablet
nifedipine,40874023,Nifedipine 30 MG Oral Tablet [Nife-Ct],Branded Drug,RxNorm Extension,Oral Tablet
nifedipine,41248560,Nifedipine 10 MG Oral Tablet [Nifedipin Pb] Box of 30,Branded Drug Box,RxNorm Extension,Oral Tablet
nifedipine,40967342,Nifedipine 10 MG Oral Tablet [Nifecor] Box of 100,Branded Drug Box,RxNorm Extension,Oral Tablet
labetalol,40906507,Labetalol 200 MG Delayed Release Oral Tablet [Trandate] Box of 100,Branded Drug Box,RxNorm Extension,Delayed Release Oral Tablet
labetalol,43174238,Labetalol 200 MG Delayed Release Oral Tablet Box of 180,Clinical Drug Box,RxNorm Extension,Delayed Release Oral Tablet
labetalol,35771865,Labetalol 200 MG Delayed Release Oral Tablet by Alliance,Marketed Product,RxNorm Extension,Delayed Release Oral Tablet
nifedipine,36265282,Nifedipine 30 MG Extended Release Oral Capsule [NIFEDIPINE EG],Branded Drug,RxNorm Extension,Extended Release Oral Capsule
nifedipine,21064628,Nifedipine 10 MG Extended Release Oral Tablet Box of 56 by Ethigen,Marketed Product,RxNorm Extension,Extended Release Oral Tablet
nifedipine,40998734,Nifedipine 20 MG Extended Release Oral Tablet [Adalat] Box of 500,Branded Drug Box,RxNorm Extension,Extended Release Oral Tablet
nifedipine,40946813,Nifedipine 10 MG Oral Capsule [Nife Klast] Box of 100 by Linden,Marketed Product,RxNorm Extension,Oral Capsule
nifedipine,35132411,Nifedipine 10 MG Extended Release Oral Capsule [Sepamit],Branded Drug,RxNorm Extension,Extended Release Oral Capsule
nifedipine,35764011,Nifedipine 10 MG Extended Release Oral Capsule Box of 84 by Boots,Marketed Product,RxNorm Extension,Extended Release Oral Capsule
nifedipine,43195625,Nifedipine 30 MG Extended Release Oral Tablet [NIFEDIPINE ARROW],Branded Drug,RxNorm Extension,Extended Release Oral Tablet
nifedipine,43711224,Nifedipine 30 MG Extended Release Oral Tablet [Nifedipin Cipla],Branded Drug,RxNorm Extension,Extended Release Oral Tablet
nifedipine,43206510,Nifedipine 20 MG Extended Release Oral Tablet Box of 30,Clinical Drug Box,RxNorm Extension,Extended Release Oral Tablet
nifedipine,40977814,Nifedipine 20 MG Extended Release Oral Capsule [Aprical] Box of 200 by Medice,Marketed Product,RxNorm Extension,Extended Release Oral Capsule
nifedipine,41279366,Nifedipine 20 MG Extended Release Oral Capsule [Nifedipin Stada] Box of 100,Branded Drug Box,RxNorm Extension,Extended Release Oral Capsule
nifedipine,44098889,Nifedipine 10 MG Oral Capsule [Nu-Nifed],Branded Drug,RxNorm Extension,Oral Capsule
nifedipine,40967376,Nifedipine 20 MG Extended Release Oral Tablet [Pidilat] Box of 1000,Branded Drug Box,RxNorm Extension,Extended Release Oral Tablet
nifedipine,35754013,Nifedipine 10 MG Extended Release Oral Capsule Box of 100,Clinical Drug Box,RxNorm Extension,Extended Release Oral Capsule
nifedipine,35750190,Nifedipine 10 MG Extended Release Oral Capsule [Adalat],Branded Drug,RxNorm Extension,Extended Release Oral Capsule
labetalol,21076018,Labetalol 40 MG/ML Oral Solution,Clinical Drug,RxNorm Extension,Oral Solution
nifedipine,40998720,Nifedipine 20 MG Extended Release Oral Capsule [Nifedipat] Box of 30,Branded Drug Box,RxNorm Extension,Extended Release Oral Capsule
nifedipine,41134345,Nifedipine 10 MG Extended Release Oral Tablet [Corotrend] Box of 100 by Kytta Siegfried,Marketed Product,RxNorm Extension,Extended Release Oral Tablet
nifedipine,36419777,Nifedipine 50 MG Extended Release Oral Tablet Box of 20,Clinical Drug Box,RxNorm Extension,Extended Release Oral Tablet
nifedipine,35137563,Nifedipine 10 MG Oral Capsule by Sawai Seiyaku,Marketed Product,RxNorm Extension,Oral Capsule
nifedipine,41310641,Nifedipine 10 MG Extended Release Oral Tablet [Corosten],Branded Drug,RxNorm Extension,Extended Release Oral Tablet
nifedipine,40998681,Nifedipine 10 MG Extended Release Oral Tablet [Tp Mtk] Box of 100,Branded Drug Box,RxNorm Extension,Extended Release Oral Tablet
nifedipine,40987694,Nifedipine Extended Release Oral Tablet [Nife Basf],Branded Drug Form,RxNorm Extension,Extended Release Oral Tablet
nifedipine,40946808,Nifedipine 10 MG Oral Capsule [Nifedipin Pb] Box of 30 by PB,Marketed Product,RxNorm Extension,Oral Capsule
nifedipine,40936206,Nifedipine 5 MG Oral Capsule [Nifedipin Sandoz],Branded Drug,RxNorm Extension,Oral Capsule
nifedipine,41248552,Nifedipine 40 MG Extended Release Oral Tablet [Nifecor] Box of 100,Branded Drug Box,RxNorm Extension,Extended Release Oral Tablet
nifedipine,41040288,Nifedipine 20 MG Extended Release Oral Tablet [Nife Isis] Box of 50 by Puren,Marketed Product,RxNorm Extension,Extended Release Oral Tablet
nifedipine,41040257,Nifedipine 40 MG Extended Release Oral Tablet [Cordicant] Box of 50 by Mundipharma,Marketed Product,RxNorm Extension,Extended Release Oral Tablet
nifedipine,41310668,Nifedipine 30 MG Extended Release Oral Tablet [Adalat] Box of 100,Branded Drug Box,RxNorm Extension,Extended Release Oral Tablet
nifedipine,41258900,Nifedipine 20 MG Extended Release Oral Tablet [Adalate] Box of 100 by Gruenewald,Marketed Product,RxNorm Extension,Extended Release Oral Tablet
nifedipine,40874036,Nifedipine 20 MG Extended Release Oral Tablet [Nifeclair] Box of 20,Branded Drug Box,RxNorm Extension,Extended Release Oral Tablet
nifedipine,41186234,Nifedipine 5 MG Oral Capsule [Nife Abz],Branded Drug,RxNorm Extension,Oral Capsule
nifedipine,41217510,Nifedipine 60 MG Extended Release Oral Tablet [Nifedipin Basics] Box of 100,Branded Drug Box,RxNorm Extension,Extended Release Oral Tablet
nifedipine,43267489,Nifedipine 30 MG Extended Release Oral Tablet [Nifedipine Xr] Box of 30 by Apotex,Marketed Product,RxNorm Extension,Extended Release Oral Tablet
nifedipine,41165604,Nifedipine 10 MG Oral Capsule [Jedipin] Box of 30 by Jenapharm,Marketed Product,RxNorm Extension,Oral Capsule
nifedipine,21162887,Nifedipine 30 MG Extended Release Oral Tablet [Adipin] Box of 28,Branded Drug Box,RxNorm Extension,Extended Release Oral Tablet
nifedipine,36964230,nifedipine 10 MG Oral Capsule Box of 84 by Viatris Healthcare,Marketed Product,RxNorm Extension,Oral Capsule
nifedipine,21054760,Nifedipine 20 MG Extended Release Oral Tablet by A A H,Marketed Product,RxNorm Extension,Extended Release Oral Tablet
nifedipine,21064642,Nifedipine 5 MG Oral Capsule by Waymade,Marketed Product,RxNorm Extension,Oral Capsule
nifedipine,21035090,Nifedipine 20 MG Extended Release Oral Tablet [Kentipine] Box of 56 by Kent,Marketed Product,RxNorm Extension,Extended Release Oral Tablet
nifedipine,21162873,Nifedipine 20 MG Extended Release Oral Tablet [Nifedipress MR] by Dexcel-Pharma,Marketed Product,RxNorm Extension,Extended Release Oral Tablet
nifedipine,21123306,Nifedipine 20 MG Extended Release Oral Tablet [Adalat] by Stephar,Marketed Product,RxNorm Extension,Extended Release Oral Tablet
nifedipine,21035119,Nifedipine 40 MG Extended Release Oral Tablet Box of 30 by Ennogen,Marketed Product,RxNorm Extension,Extended Release Oral Tablet
nifedipine,41102934,Nifedipine 40 MG Extended Release Oral Tablet [Cordicant] Box of 30 by Mundipharma,Marketed Product,RxNorm Extension,Extended Release Oral Tablet
nifedipine,41388944,30 ML Nifedipine 0.667 MG/ML Oral Solution Box of 5,Quant Clinical Box,RxNorm Extension,Oral Solution
nifedipine,40904926,Nifedipine 10 MG Oral Capsule [Corinfar],Branded Drug,RxNorm Extension,Oral Capsule
nifedipine,40842806,Nifedipine 5 MG Oral Capsule [Nifedipin Al] Box of 20,Branded Drug Box,RxNorm Extension,Oral Capsule
labetalol,43261484,Labetalol 100 MG Oral Tablet [Presolol],Branded Drug,RxNorm Extension,Oral Tablet
nifedipine,40977798,Nifedipine 10 MG Oral Capsule [Adalat] Box of 50 by Ae-Media,Marketed Product,RxNorm Extension,Oral Capsule
nifedipine,41321266,Nifedipine 10 MG Oral Capsule [Nifedipat] Box of 30 by Azupharma,Marketed Product,RxNorm Extension,Oral Capsule
nifedipine,41134387,Nifedipine 20 MG Oral Capsule [Nifehexal] Box of 20 by Novartis,Marketed Product,RxNorm Extension,Oral Capsule
nifedipine,41289989,Nifedipine 5 MG Oral Capsule Box of 30 by GDS,Marketed Product,RxNorm Extension,Oral Capsule
nifedipine,35831267,nifedipine 10 MG Oral Capsule by Sawai,Marketed Product,RxNorm Extension,Oral Capsule
nifedipine,41040273,Nifedipine 10 MG Oral Capsule [Adalat] Box of 100 by Kohlpharma,Marketed Product,RxNorm Extension,Oral Capsule
nifedipine,41155146,Nifedipine 20 MG/ML Oral Solution [Aprical] Box of 2,Branded Drug Box,RxNorm Extension,Oral Solution
nifedipine,41115910,Nifedipine 60 MG Oral Tablet Box of 100,Clinical Drug Box,RxNorm Extension,Oral Tablet
nifedipine,43718406,20000 MG Nifedipine 0.0000499 MG/MG Oral Solution [Bukonif-5],Quant Branded Drug,RxNorm Extension,Oral Solution
nifedipine,41102939,Nifedipine 60 MG Oral Tablet [Nifedipin Stada] Box of 100 by Stada,Marketed Product,RxNorm Extension,Oral Tablet
nifedipine,40956443,Nifedipine Oral Tablet [Nifical],Branded Drug Form,RxNorm Extension,Oral Tablet
labetalol,21124771,Labetalol 50 MG Oral Tablet [Trandate] by Focus,Marketed Product,RxNorm Extension,Oral Tablet
nifedipine,43272968,Nifedipine Oral Tablet [Nyefax],Branded Drug Form,RxNorm Extension,Oral Tablet
nifedipine,41155176,Nifedipine 20 MG Oral Tablet [Nife],Branded Drug,RxNorm Extension,Oral Tablet
nifedipine,40853310,Nifedipine 20 MG Oral Tablet [Duranifin] Box of 50 by Mylan,Marketed Product,RxNorm Extension,Oral Tablet
labetalol,21026833,Labetalol 100 MG Oral Tablet by Sigma-Tau,Marketed Product,RxNorm Extension,Oral Tablet
nifedipine,41029706,Nifedipine 40 MG Oral Tablet [Nifehexal] Box of 50,Branded Drug Box,RxNorm Extension,Oral Tablet
nifedipine,41009180,Nifedipine 20 MG Oral Tablet [Corotrend] Box of 30 by Novartis,Marketed Product,RxNorm Extension,Oral Tablet
nifedipine,40936223,Nifedipine 30 MG Oral Tablet [Nifedipin Stada] Box of 30,Branded Drug Box,RxNorm Extension,Oral Tablet
labetalol,35742506,Labetalol 200 MG Delayed Release Oral Tablet by Waymade,Marketed Product,RxNorm Extension,Delayed Release Oral Tablet
labetalol,21056246,Labetalol 400 MG Oral Tablet by Waymade,Marketed Product,RxNorm Extension,Oral Tablet
nifedipine,41134366,Nifedipine 20 MG Extended Release Oral Capsule [Nifedipin Heumann] Box of 30 by Heumann,Marketed Product,RxNorm Extension,Extended Release Oral Capsule
nifedipine,41092477,Nifedipine 5 MG Oral Capsule [Pidilat] Box of 500,Branded Drug Box,RxNorm Extension,Oral Capsule
nifedipine,43272973,Nifedipine 30 MG Extended Release Oral Tablet [Adefin],Branded Drug,RxNorm Extension,Extended Release Oral Tablet
nifedipine,21035094,Nifedipine 20 MG Extended Release Oral Tablet [Adalat] Box of 56 by Lexon,Marketed Product,RxNorm Extension,Extended Release Oral Tablet
nifedipine,43801094,Nifedipine 10 MG Extended Release Oral Capsule [Nif Ten],Branded Drug,RxNorm Extension,Extended Release Oral Capsule
nifedipine,35768197,Nifedipine 10 MG Extended Release Oral Capsule by Kent,Marketed Product,RxNorm Extension,Extended Release Oral Capsule
nifedipine,2926273,nifedipine 30 MG Extended Release Oral Tablet Box of 30 by APO,Marketed Product,RxNorm Extension,Extended Release Oral Tablet
nifedipine,1970966,nifedipine 20 MG Extended Release Oral Tablet Box of 30 by Denk,Marketed Product,RxNorm Extension,Extended Release Oral Tablet
nifedipine,40990863,Nifedipine 60 MG Extended Release Oral Tablet Box of 50,Clinical Drug Box,RxNorm Extension,Extended Release Oral Tablet
nifedipine,44095554,Nifedipine Extended Release Oral Tablet [Novo-Nifedin],Branded Drug Form,RxNorm Extension,Extended Release Oral Tablet
nifedipine,35772521,Nifedipine 10 MG Extended Release Oral Capsule Box of 84 by Kent,Marketed Product,RxNorm Extension,Extended Release Oral Capsule
nifedipine,43140585,Nifedipine 30 MG Extended Release Oral Tablet [NIFEDIPINE EG] Box of 90 by Eurogenerics,Marketed Product,RxNorm Extension,Extended Release Oral Tablet
labetalol,44101888,Labetalol 100 MG Oral Tablet [Trandate] by Glaxosmithkline,Marketed Product,RxNorm Extension,Oral Tablet
nifedipine,41217552,Nifedipine 0.667 MG/ML Oral Solution [Cordicant] Box of 1,Branded Drug Box,RxNorm Extension,Oral Solution
nifedipine,36419776,Nifedipine 50 MG Extended Release Oral Tablet Box of 30,Clinical Drug Box,RxNorm Extension,Extended Release Oral Tablet
nifedipine,35147312,Nifedipine 10 MG Extended Release Oral Tablet by Nipro,Marketed Product,RxNorm Extension,Extended Release Oral Tablet
nifedipine,41321259,Nifedipine 10 MG Extended Release Oral Tablet [Nifedipin Basics] Box of 100 by Basics,Marketed Product,RxNorm Extension,Extended Release Oral Tablet
nifedipine,40998687,Nifedipine 10 MG Extended Release Oral Tablet [Dignokonstant],Branded Drug,RxNorm Extension,Extended Release Oral Tablet
nifedipine,40967325,Nifedipine 40 MG Extended Release Oral Tablet [Nifedipat] Box of 20,Branded Drug Box,RxNorm Extension,Extended Release Oral Tablet
nifedipine,41115912,Nifedipine 10 MG Extended Release Oral Tablet Box of 400,Clinical Drug Box,RxNorm Extension,Extended Release Oral Tablet
nifedipine,41009176,Nifedipine 20 MG Extended Release Oral Tablet [Nife 1a Pharma] Box of 100 by 1 A,Marketed Product,RxNorm Extension,Extended Release Oral Tablet
nifedipine,40842782,Nifedipine 10 MG Extended Release Oral Tablet [Pidilat] Box of 400,Branded Drug Box,RxNorm Extension,Extended Release Oral Tablet
nifedipine,41217531,Nifedipine 10 MG Oral Capsule [Nifedipin Abz] Box of 100,Branded Drug Box,RxNorm Extension,Oral Capsule
nifedipine,41123679,Nifedipine 5 MG Oral Capsule [Nifedipat],Branded Drug,RxNorm Extension,Oral Capsule
nifedipine,41102955,Nifedipine 10 MG Oral Capsule [Adalat] Box of 100 by Hp-Pharma,Marketed Product,RxNorm Extension,Oral Capsule
nifedipine,36957664,nifedipine 5 MG Oral Capsule by Viatris Healthcare,Marketed Product,RxNorm Extension,Oral Capsule
nifedipine,41144253,Nifedipine Oral Capsule [Nifedipin Heumann],Branded Drug Form,RxNorm Extension,Oral Capsule
nifedipine,40998709,Nifedipine 5 MG Oral Capsule [Nife Basf] Box of 50,Branded Drug Box,RxNorm Extension,Oral Capsule
nifedipine,40874013,Nifedipine 5 MG Oral Capsule [Nifedipin Sandoz] Box of 100,Branded Drug Box,RxNorm Extension,Oral Capsule
nifedipine,41084660,Nifedipine 10 MG Oral Capsule Box of 42,Clinical Drug Box,RxNorm Extension,Oral Capsule
nifedipine,35868169,nifedipine Oral Tablet [Nifuda],Branded Drug Form,RxNorm Extension,Oral Tablet
nifedipine,40925191,Nifedipine Oral Capsule [Corinfar],Branded Drug Form,RxNorm Extension,Oral Capsule
nifedipine,40936198,Nifedipine 10 MG Oral Capsule [Nife Isis] Box of 30,Branded Drug Box,RxNorm Extension,Oral Capsule
nifedipine,41321260,Nifedipine 10 MG Oral Tablet [Nifecor] Box of 100 by 3M,Marketed Product,RxNorm Extension,Oral Tablet
nifedipine,41144249,Nifedipine Oral Solution [Nifecor],Branded Drug Form,RxNorm Extension,Oral Solution
nifedipine,41290005,Nifedipine 20 MG Oral Tablet [Adalat] Box of 100 by Bayer,Marketed Product,RxNorm Extension,Oral Tablet
nifedipine,43608090,1 ML Nifedipine 20 MG/ML Oral Solution [Nifedipin-ratiopharm] by Ratiopharm,Marketed Product,RxNorm Extension,Oral Solution
nifedipine,41248612,Nifedipine 20 MG Oral Tablet [Corinfar] Box of 30,Branded Drug Box,RxNorm Extension,Oral Tablet
nifedipine,41123688,Nifedipine 0.667 MG/ML Oral Solution [Duranifin] Box of 1,Branded Drug Box,RxNorm Extension,Oral Solution
nifedipine,41092444,Nifedipine 40 MG Oral Tablet [Nifehexal],Branded Drug,RxNorm Extension,Oral Tablet
nifedipine,43585196,Nifedipine 20 MG/ML Oral Solution [Nifedipin-ratiopharm] Box of 30,Branded Drug Box,RxNorm Extension,Oral Solution
nifedipine,41084666,Nifedipine 50 MG Oral Tablet Box of 50,Clinical Drug Box,RxNorm Extension,Oral Tablet
labetalol,21136432,1 ML Labetalol 15 MG/ML Oral Solution,Quant Clinical Drug,RxNorm Extension,Oral Solution
nifedipine,40874021,Nifedipine 30 MG Oral Tablet [Nifedipin Stada] Box of 100,Branded Drug Box,RxNorm Extension,Oral Tablet
nifedipine,41009150,Nifedipine 10 MG Oral Tablet [Nifedipin Verla] Box of 20 by Verla,Marketed Product,RxNorm Extension,Oral Tablet
nifedipine,43162766,Nifedipine 20 MG Oral Tablet [Adalate],Branded Drug,RxNorm Extension,Oral Tablet
nifedipine,40904952,Nifedipine 20 MG Oral Tablet [Nifedipin Verla],Branded Drug,RxNorm Extension,Oral Tablet
nifedipine,40904902,Nifedipine 40 MG Oral Tablet [Nifecor] Box of 100,Branded Drug Box,RxNorm Extension,Oral Tablet
nifedipine,41155118,Nifedipine 40 MG Oral Tablet [Dignokonstant],Branded Drug,RxNorm Extension,Oral Tablet
nifedipine,35755692,Nifedipine 30 MG Delayed Release Oral Tablet [Adalat LA] by Lexon,Marketed Product,RxNorm Extension,Delayed Release Oral Tablet
nifedipine,35762101,Nifedipine Delayed Release Oral Tablet [Nimodrel XL],Branded Drug Form,RxNorm Extension,Delayed Release Oral Tablet
nifedipine,2064019,nifedipine 33 MG Extended Release Oral Tablet [NIFEDSOL] by Aestura,Marketed Product,RxNorm Extension,Extended Release Oral Tablet
nifedipine,21035104,Nifedipine 10 MG Extended Release Oral Tablet [Cardilate MR] Box of 56 by TEVA,Marketed Product,RxNorm Extension,Extended Release Oral Tablet
nifedipine,35161745,Nifedipine 10 MG Oral Capsule by Toyo Capsule,Marketed Product,RxNorm Extension,Oral Capsule
nifedipine,35150859,Nifedipine 10 MG Extended Release Oral Tablet by Nichi-Iko,Marketed Product,RxNorm Extension,Extended Release Oral Tablet
nifedipine,41060914,Nifedipine 20 MG Extended Release Oral Tablet [Nifedipin Abz] Box of 100,Branded Drug Box,RxNorm Extension,Extended Release Oral Tablet
nifedipine,40725317,Nifedipine 10 MG Extended Release Oral Tablet by Sigma,Marketed Product,RxNorm Extension,Extended Release Oral Tablet
nifedipine,40853290,Nifedipine 5 MG Oral Capsule Box of 20 by Sebapharma,Marketed Product,RxNorm Extension,Oral Capsule
nifedipine,42657631,Nifedipine 30 MG Extended Release Oral Capsule Box of 28 by Eurogenerics,Marketed Product,RxNorm Extension,Extended Release Oral Capsule
nifedipine,40959642,Nifedipine 20 MG/ML Oral Solution Box of 5,Clinical Drug Box,RxNorm Extension,Oral Solution
nifedipine,41071542,Nifedipine 10 MG Extended Release Oral Tablet [Nifehexal] Box of 50 by Novartis,Marketed Product,RxNorm Extension,Extended Release Oral Tablet
nifedipine,40946800,Nifedipine 10 MG Extended Release Oral Tablet [Pidilat] Box of 20 by Mylan,Marketed Product,RxNorm Extension,Extended Release Oral Tablet
nifedipine,44036758,Nifedipine 60 MG Extended Release Oral Tablet [NIFEDIPINE MYLAN] by Mylan,Marketed Product,RxNorm Extension,Extended Release Oral Tablet
nifedipine,41186193,Nifedipine 40 MG Extended Release Oral Tablet [Corinfar] Box of 250,Branded Drug Box,RxNorm Extension,Extended Release Oral Tablet
nifedipine,41321276,Nifedipine 5 MG Oral Capsule [Nife Puren] Box of 20 by Puren,Marketed Product,RxNorm Extension,Oral Capsule
nifedipine,40946824,Nifedipine 5 MG Oral Capsule [Duranifin] Box of 100 by Mylan,Marketed Product,RxNorm Extension,Oral Capsule
nifedipine,35145004,Nifedipine 20 MG Extended Release Oral Tablet by Nipro,Marketed Product,RxNorm Extension,Extended Release Oral Tablet
nifedipine,21064617,Nifedipine Extended Release Oral Tablet [Calchan MR],Branded Drug Form,RxNorm Extension,Extended Release Oral Tablet
nifedipine,36066802,nifedipine 30 MG Extended Release Oral Tablet [Adalat LA] by Pilsco,Marketed Product,RxNorm Extension,Extended Release Oral Tablet
nifedipine,41387389,30 ML Nifedipine 0.667 MG/ML Oral Solution [Aprical] Box of 2,Quant Branded Box,RxNorm Extension,Oral Solution
nifedipine,40936248,Nifedipine 20 MG Extended Release Oral Tablet [Cordicant] Box of 30,Branded Drug Box,RxNorm Extension,Extended Release Oral Tablet
nifedipine,41029714,Nifedipine 60 MG Extended Release Oral Tablet [Adalat] Box of 400,Branded Drug Box,RxNorm Extension,Extended Release Oral Tablet
nifedipine,41228064,Nifedipine 10 MG Oral Capsule [Nifical] Box of 50 by Sanofi,Marketed Product,RxNorm Extension,Oral Capsule
nifedipine,41186219,Nifedipine 10 MG Oral Capsule [Nifedipin Verla] Box of 30,Branded Drug Box,RxNorm Extension,Oral Capsule
nifedipine,41165605,Nifedipine 10 MG Oral Capsule [Corotrend] Box of 50 by Novartis,Marketed Product,RxNorm Extension,Oral Capsule
nifedipine,41018684,Nifedipine Oral Capsule [Corotrend],Branded Drug Form,RxNorm Extension,Oral Capsule
nifedipine,40936201,Nifedipine 10 MG Oral Capsule [Adalat] Box of 42,Branded Drug Box,RxNorm Extension,Oral Capsule
nifedipine,21035102,Nifedipine 10 MG Extended Release Oral Tablet Box of 56 by Colorama,Marketed Product,RxNorm Extension,Extended Release Oral Tablet
nifedipine,41009147,Nifedipine 60 MG Extended Release Oral Tablet Box of 100 by Ratiopharm,Marketed Product,RxNorm Extension,Extended Release Oral Tablet
nifedipine,41310642,Nifedipine 10 MG Oral Capsule [Nifedipin Stada] Box of 500,Branded Drug Box,RxNorm Extension,Oral Capsule
nifedipine,41009168,Nifedipine 5 MG Oral Capsule [Aprical] Box of 30 by Medice,Marketed Product,RxNorm Extension,Oral Capsule
nifedipine,40936205,Nifedipine 5 MG Oral Capsule [Nifehexal],Branded Drug,RxNorm Extension,Oral Capsule
nifedipine,40725310,Nifedipine 10 MG Oral Capsule [Adalat] by Necessity Supplies,Marketed Product,RxNorm Extension,Oral Capsule
nifedipine,41279372,Nifedipine 20 MG Oral Tablet [Nifelat] Box of 50,Branded Drug Box,RxNorm Extension,Oral Tablet
nifedipine,41388219,30 ML Nifedipine 20 MG/ML Oral Solution [Duranifin],Quant Branded Drug,RxNorm Extension,Oral Solution
nifedipine,41258880,Nifedipine 30 MG Oral Tablet [Nife-Ct] Box of 30 by AbZ-Pharma,Marketed Product,RxNorm Extension,Oral Tablet
nifedipine,40842795,Nifedipine 10 MG Oral Capsule [Adalat] Box of 250,Branded Drug Box,RxNorm Extension,Oral Capsule
nifedipine,41155179,Nifedipine 20 MG Oral Tablet [Dignokonstant] Box of 100,Branded Drug Box,RxNorm Extension,Oral Tablet
nifedipine,41040256,Nifedipine 40 MG Oral Tablet [Dignokonstant] Box of 100 by Daiichi Sankyo,Marketed Product,RxNorm Extension,Oral Tablet
nifedipine,40936215,Nifedipine 0.667 MG/ML Oral Solution [Corotrend] Box of 1,Branded Drug Box,RxNorm Extension,Oral Solution
nifedipine,41388664,30 ML Nifedipine 20 MG/ML Oral Solution Box of 1,Quant Clinical Box,RxNorm Extension,Oral Solution
labetalol,40727610,Labetalol 200 MG Oral Tablet by Sigma,Marketed Product,RxNorm Extension,Oral Tablet
nifedipine,41310681,Nifedipine 20 MG Oral Tablet [Nife Wolff] Box of 30,Branded Drug Box,RxNorm Extension,Oral Tablet
nifedipine,40904916,Nifedipine 10 MG Oral Tablet [Pidilat] Box of 1000,Branded Drug Box,RxNorm Extension,Oral Tablet
nifedipine,40884533,Nifedipine 20 MG Oral Tablet [Nifedipin Verla] Box of 100 by Verla,Marketed Product,RxNorm Extension,Oral Tablet
nifedipine,40904918,Nifedipine 10 MG Oral Tablet [Nifelat] Box of 100,Branded Drug Box,RxNorm Extension,Oral Tablet
labetalol,36273070,Labetalol 200 MG Oral Tablet [Trandate] Box of 75,Branded Drug Box,RxNorm Extension,Oral Tablet
labetalol,41062421,Labetalol 100 MG Oral Tablet [Trandate] Box of 50,Branded Drug Box,RxNorm Extension,Oral Tablet
labetalol,41062419,Labetalol 400 MG Oral Tablet [Trandate] Box of 100,Branded Drug Box,RxNorm Extension,Oral Tablet
nifedipine,41009184,Nifedipine 20 MG Oral Tablet [Adalat] Box of 100 by Mevita,Marketed Product,RxNorm Extension,Oral Tablet
nifedipine,41217514,Nifedipine 60 MG Oral Tablet [Adalat] Box of 98,Branded Drug Box,RxNorm Extension,Oral Tablet
labetalol,41312230,Labetalol 200 MG Delayed Release Oral Tablet [Trandate] Box of 2500,Branded Drug Box,RxNorm Extension,Delayed Release Oral Tablet
labetalol,41000212,Labetalol 200 MG Delayed Release Oral Tablet [Trandate] Box of 500,Branded Drug Box,RxNorm Extension,Delayed Release Oral Tablet
labetalol,43163210,Labetalol 200 MG Delayed Release Oral Tablet,Clinical Drug,RxNorm Extension,Delayed Release Oral Tablet
nifedipine,21035103,Nifedipine 10 MG Extended Release Oral Tablet [Nifedipress MR] Box of 56 by TEVA,Marketed Product,RxNorm Extension,Extended Release Oral Tablet
nifedipine,35141425,Nifedipine 5 MG Oral Capsule by Toyo Capsule,Marketed Product,RxNorm Extension,Oral Capsule
nifedipine,41387759,30 ML Nifedipine 0.667 MG/ML Oral Solution [Duranifin] Box of 1 by Mylan,Marketed Product,RxNorm Extension,Oral Solution
nifedipine,783883,Nifedipine 60 MG Extended Release Oral Capsule [Adalat] Box of 56 by PI-Pharma,Marketed Product,RxNorm Extension,Extended Release Oral Capsule
nifedipine,35775349,Nifedipine 10 MG Extended Release Oral Capsule [Adalat] Box of 100,Branded Drug Box,RxNorm Extension,Extended Release Oral Capsule
nifedipine,35831257,nifedipine 0.01 MG/MG Oral Granules [Sepamit],Branded Drug,RxNorm Extension,Oral Granules
nifedipine,41060885,Nifedipine 20 MG/ML Oral Solution [Nifedipin Stada],Branded Drug,RxNorm Extension,Oral Solution
nifedipine,42935148,Nifedipine 33 MG Extended Release Oral Tablet [ADALAT OROS],Branded Drug,RxNorm Extension,Extended Release Oral Tablet
nifedipine,41321294,Nifedipine 20 MG Extended Release Oral Tablet [Nife] Box of 30 by AbZ-Pharma,Marketed Product,RxNorm Extension,Extended Release Oral Tablet
nifedipine,41290001,Nifedipine 20 MG Extended Release Oral Tablet [Nife-Ct] Box of 50 by AbZ-Pharma,Marketed Product,RxNorm Extension,Extended Release Oral Tablet
nifedipine,35159232,Nifedipine 5 MG Oral Capsule by Sawai Seiyaku,Marketed Product,RxNorm Extension,Oral Capsule
nifedipine,41123709,Nifedipine 20 MG Extended Release Oral Tablet [Nife] Box of 30,Branded Drug Box,RxNorm Extension,Extended Release Oral Tablet
nifedipine,40936240,Nifedipine 20 MG Extended Release Oral Tablet [Nifedipin 1a Pharma] Box of 30,Branded Drug Box,RxNorm Extension,Extended Release Oral Tablet
nifedipine,41217558,Nifedipine 20 MG Extended Release Oral Capsule [Nifedipat],Branded Drug,RxNorm Extension,Extended Release Oral Capsule
nifedipine,43206508,Nifedipine 30 MG Extended Release Oral Tablet Box of 30,Clinical Drug Box,RxNorm Extension,Extended Release Oral Tablet
nifedipine,42935156,Nifedipine Extended Release Oral Tablet [ADAPINEOSMO],Branded Drug Form,RxNorm Extension,Extended Release Oral Tablet
nifedipine,41279362,Nifedipine 30 MG Extended Release Oral Tablet [Nifedipin Basics] Box of 50,Branded Drug Box,RxNorm Extension,Extended Release Oral Tablet
nifedipine,40946830,Nifedipine 20 MG Extended Release Oral Tablet [Nifical] Box of 100 by Sanofi,Marketed Product,RxNorm Extension,Extended Release Oral Tablet
nifedipine,40936185,Nifedipine 10 MG Extended Release Oral Tablet [Pidilat],Branded Drug,RxNorm Extension,Extended Release Oral Tablet
nifedipine,40842774,Nifedipine 40 MG Extended Release Oral Tablet [Nife Wolff] Box of 100,Branded Drug Box,RxNorm Extension,Extended Release Oral Tablet
nifedipine,41228082,Nifedipine 30 MG Extended Release Oral Tablet [Adalat] Box of 42 by Bayer,Marketed Product,RxNorm Extension,Extended Release Oral Tablet
nifedipine,41029745,Nifedipine 20 MG Extended Release Oral Tablet [Nifedipin Ksk],Branded Drug,RxNorm Extension,Extended Release Oral Tablet
nifedipine,40977812,Nifedipine 30 MG Extended Release Oral Tablet Box of 100 by Ratiopharm,Marketed Product,RxNorm Extension,Extended Release Oral Tablet
nifedipine,41186261,Nifedipine 20 MG Extended Release Oral Tablet [Dignokonstant] Box of 50,Branded Drug Box,RxNorm Extension,Extended Release Oral Tablet
nifedipine,40853302,Nifedipine 20 MG Extended Release Oral Tablet [Nifehexal] Box of 20 by Novartis,Marketed Product,RxNorm Extension,Extended Release Oral Tablet
nifedipine,41248584,Nifedipine 5 MG Oral Capsule [Nife Abz] Box of 50,Branded Drug Box,RxNorm Extension,Oral Capsule
nifedipine,41165615,Nifedipine 5 MG Oral Capsule [Nifedipin Heumann] Box of 100 by Heumann,Marketed Product,RxNorm Extension,Oral Capsule
nifedipine,41134352,Nifedipine 10 MG Oral Capsule [Adalat] Box of 50 by Mtk,Marketed Product,RxNorm Extension,Oral Capsule
nifedipine,41123669,Nifedipine 10 MG Oral Capsule [Nife Klast] Box of 50,Branded Drug Box,RxNorm Extension,Oral Capsule
nifedipine,21162875,Nifedipine 20 MG Extended Release Oral Tablet [Cardilate MR] Box of 56 by Ivax,Marketed Product,RxNorm Extension,Extended Release Oral Tablet
nifedipine,21133178,Nifedipine 10 MG Extended Release Oral Tablet by Ethigen,Marketed Product,RxNorm Extension,Extended Release Oral Tablet
nifedipine,40998711,Nifedipine 5 MG Oral Capsule [Nife Abz] Box of 30,Branded Drug Box,RxNorm Extension,Oral Capsule
nifedipine,40853288,Nifedipine 5 MG Oral Capsule [Nifedipin Al] Box of 50 by Aliud,Marketed Product,RxNorm Extension,Oral Capsule
nifedipine,36066800,nifedipine 30 MG Extended Release Oral Tablet [Adalat LA] Box of 28 by Pilsco,Marketed Product,RxNorm Extension,Extended Release Oral Tablet
nifedipine,21025350,Nifedipine 30 MG Extended Release Oral Tablet [Adanif XL] by Focus,Marketed Product,RxNorm Extension,Extended Release Oral Tablet
nifedipine,35130953,Nifedipine Oral Tablet [Nirena],Branded Drug Form,RxNorm Extension,Oral Tablet
nifedipine,21074568,Nifedipine 30 MG Extended Release Oral Tablet [Slofedipine XL] Box of 28 by Zentiva,Marketed Product,RxNorm Extension,Extended Release Oral Tablet
nifedipine,41060925,Nifedipine 20 MG Extended Release Oral Tablet [Cordicant] Box of 100,Branded Drug Box,RxNorm Extension,Extended Release Oral Tablet
nifedipine,40842807,Nifedipine 5 MG Oral Capsule [Nife Puren] Box of 20,Branded Drug Box,RxNorm Extension,Oral Capsule
nifedipine,41289975,Nifedipine 10 MG Oral Capsule [Nife Isis] Box of 50 by Puren,Marketed Product,RxNorm Extension,Oral Capsule
nifedipine,40967344,Nifedipine 10 MG Oral Capsule [Pidilat],Branded Drug,RxNorm Extension,Oral Capsule
nifedipine,40915466,Nifedipine 5 MG Oral Capsule [Duranifin] Box of 30 by Mylan,Marketed Product,RxNorm Extension,Oral Capsule
nifedipine,43717720,10000 MG Nifedipine 0.0000499 MG/MG Oral Solution [Bukonif-5] by Dr. Kurt Burghart,Marketed Product,RxNorm Extension,Oral Solution
nifedipine,35868170,nifedipine Oral Tablet [Degaoning],Branded Drug Form,RxNorm Extension,Oral Tablet
nifedipine,21054768,Nifedipine 10 MG Oral Capsule [Adalat] Box of 100,Branded Drug Box,RxNorm Extension,Oral Capsule
nifedipine,41102951,Nifedipine 10 MG Oral Capsule [Nife Puren] Box of 100 by Puren,Marketed Product,RxNorm Extension,Oral Capsule
nifedipine,43837371,Nifedipine 20 MG/ML Oral Solution Box of 30,Clinical Drug Box,RxNorm Extension,Oral Solution
nifedipine,41165640,Nifedipine 20 MG Oral Tablet [Adalat] Box of 50 by Kohlpharma,Marketed Product,RxNorm Extension,Oral Tablet
nifedipine,41102940,Nifedipine 60 MG Oral Tablet [Aprical] Box of 50 by Medice,Marketed Product,RxNorm Extension,Oral Tablet
nifedipine,41060928,Nifedipine 20 MG Oral Tablet [Adalat] Box of 1000,Branded Drug Box,RxNorm Extension,Oral Tablet
labetalol,40968884,Labetalol 100 MG Oral Tablet [Trandate] Box of 25,Branded Drug Box,RxNorm Extension,Oral Tablet
nifedipine,40998703,Nifedipine 10 MG Oral Tablet [Nifedipin Basics] Box of 100,Branded Drug Box,RxNorm Extension,Oral Tablet
nifedipine,35868160,nifedipine 20 MG Oral Tablet [Naxintong],Branded Drug,RxNorm Extension,Oral Tablet
nifedipine,40936233,Nifedipine 20 MG Oral Tablet [Nifreal] Box of 100,Branded Drug Box,RxNorm Extension,Oral Tablet
nifedipine,40904928,Nifedipine 10 MG Oral Tablet [Nifical] Box of 50,Branded Drug Box,RxNorm Extension,Oral Tablet
nifedipine,41123704,Nifedipine 20 MG Oral Tablet [Nifecor] Box of 20,Branded Drug Box,RxNorm Extension,Oral Tablet
nifedipine,41029731,Nifedipine 10 MG Oral Tablet [Nifedipin Basics],Branded Drug,RxNorm Extension,Oral Tablet
nifedipine,41258886,Nifedipine 20 MG Oral Tablet [Nifehexal] Box of 400 by Novartis,Marketed Product,RxNorm Extension,Oral Tablet
labetalol,36267345,Labetalol 200 MG Delayed Release Oral Tablet Box of 75,Clinical Drug Box,RxNorm Extension,Delayed Release Oral Tablet
nifedipine,35747324,Nifedipine 30 MG Delayed Release Oral Tablet [Hypolar] Box of 28 by Sandoz,Marketed Product,RxNorm Extension,Delayed Release Oral Tablet
labetalol,35767526,Labetalol 200 MG Delayed Release Oral Tablet Box of 56 by Waymade,Marketed Product,RxNorm Extension,Delayed Release Oral Tablet
nifedipine,35154106,Nifedipine 0.02 MG/MG Oral Granules [Sepamit],Branded Drug,RxNorm Extension,Oral Granules
nifedipine,21172614,Nifedipine 10 MG Extended Release Oral Tablet Box of 56 by Ennogen,Marketed Product,RxNorm Extension,Extended Release Oral Tablet
nifedipine,21123311,Nifedipine 10 MG Extended Release Oral Tablet by A A H,Marketed Product,RxNorm Extension,Extended Release Oral Tablet
nifedipine,41387643,30 ML Nifedipine 0.667 MG/ML Oral Solution [Pidilat] Box of 5,Quant Branded Box,RxNorm Extension,Oral Solution
nifedipine,35751462,Nifedipine 10 MG Extended Release Oral Capsule by Waymade,Marketed Product,RxNorm Extension,Extended Release Oral Capsule
nifedipine,44069764,Nifedipine Extended Release Oral Tablet [Apo-Nifed],Branded Drug Form,RxNorm Extension,Extended Release Oral Tablet
nifedipine,44030837,Nifedipine Extended Release Oral Tablet [Nifedipine Er],Branded Drug Form,RxNorm Extension,Extended Release Oral Tablet
nifedipine,43217492,Nifedipine 20 MG Extended Release Oral Tablet [NIFEDIPINE RPG],Branded Drug,RxNorm Extension,Extended Release Oral Tablet
nifedipine,36783387,Nifedipine 60 MG Extended Release Oral Tablet [NIFEDIPINE EG] Box of 98,Branded Drug Box,RxNorm Extension,Extended Release Oral Tablet
nifedipine,36066796,nifedipine 60 MG Extended Release Oral Tablet [Adalat LA] Box of 28 by Pilsco,Marketed Product,RxNorm Extension,Extended Release Oral Tablet
nifedipine,41386338,30 ML Nifedipine 0.667 MG/ML Oral Solution [Aprical] Box of 10 by Shire,Marketed Product,RxNorm Extension,Oral Solution
nifedipine,43151597,Nifedipine 30 MG Extended Release Oral Tablet [NIFEDIPINE RANBAXY],Branded Drug,RxNorm Extension,Extended Release Oral Tablet
nifedipine,43184628,Nifedipine 30 MG Extended Release Oral Tablet [NIFEDIPINE EG] Box of 90,Branded Drug Box,RxNorm Extension,Extended Release Oral Tablet
nifedipine,41029741,Nifedipine 20 MG Extended Release Oral Capsule [Nife Klast] Box of 100,Branded Drug Box,RxNorm Extension,Extended Release Oral Capsule
nifedipine,35130187,Nifedipine 20 MG Extended Release Oral Tablet by Sawai Seiyaku,Marketed Product,RxNorm Extension,Extended Release Oral Tablet
nifedipine,36066807,nifedipine 10 MG Oral Capsule Box of 84 by DE,Marketed Product,RxNorm Extension,Oral Capsule
nifedipine,44114362,Nifedipine 5 MG Oral Capsule [Novo-Nifedin] by Novopharm,Marketed Product,RxNorm Extension,Oral Capsule
nifedipine,35142155,Nifedipine 40 MG Extended Release Oral Tablet by Nipro,Marketed Product,RxNorm Extension,Extended Release Oral Tablet
nifedipine,41279324,Nifedipine 40 MG Extended Release Oral Tablet [Duranifin] Box of 500,Branded Drug Box,RxNorm Extension,Extended Release Oral Tablet
nifedipine,40998695,Nifedipine 10 MG Oral Capsule [Nife Puren] Box of 50,Branded Drug Box,RxNorm Extension,Oral Capsule
nifedipine,35148285,Nifedipine 20 MG Extended Release Oral Tablet by Tsuruhara Seiyaku,Marketed Product,RxNorm Extension,Extended Release Oral Tablet
nifedipine,43639368,Nifedipine 20 MG Extended Release Oral Tablet [Nife-Ct],Branded Drug,RxNorm Extension,Extended Release Oral Tablet
nifedipine,41197021,Nifedipine 20 MG Extended Release Oral Tablet [Dignokonstant] Box of 20 by Daiichi Sankyo,Marketed Product,RxNorm Extension,Extended Release Oral Tablet
nifedipine,41123703,Nifedipine 20 MG Extended Release Oral Tablet [Nifedipin Al] Box of 30,Branded Drug Box,RxNorm Extension,Extended Release Oral Tablet
nifedipine,41009149,Nifedipine 10 MG Extended Release Oral Tablet [Pidilat] Box of 50 by Mylan,Marketed Product,RxNorm Extension,Extended Release Oral Tablet
nifedipine,40884503,Nifedipine 10 MG Extended Release Oral Tablet [Duranifin] Box of 50 by Mylan,Marketed Product,RxNorm Extension,Extended Release Oral Tablet
nifedipine,41102936,Nifedipine 40 MG Extended Release Oral Tablet [Cisday] Box of 50 by Kytta Siegfried,Marketed Product,RxNorm Extension,Extended Release Oral Tablet
nifedipine,41134372,Nifedipine 20 MG Extended Release Oral Tablet [Nifedipin Pb] Box of 100 by Docpharm,Marketed Product,RxNorm Extension,Extended Release Oral Tablet
nifedipine,40874000,Nifedipine 10 MG Extended Release Oral Tablet [Mtw Nifedipin] Box of 50,Branded Drug Box,RxNorm Extension,Extended Release Oral Tablet
nifedipine,41258901,Nifedipine 20 MG Extended Release Oral Tablet [Adalat] Box of 50 by Gerke,Marketed Product,RxNorm Extension,Extended Release Oral Tablet
labetalol,21076016,Labetalol 400 MG Oral Tablet Box of 56 by Sigma-Tau,Marketed Product,RxNorm Extension,Oral Tablet
nifedipine,41102947,Nifedipine 10 MG Oral Capsule [Pidilat] Box of 20 by Mylan,Marketed Product,RxNorm Extension,Oral Capsule
nifedipine,35831269,nifedipine 10 MG Extended Release Oral Tablet by Tsuruhara,Marketed Product,RxNorm Extension,Extended Release Oral Tablet
nifedipine,21133168,Nifedipine 20 MG Extended Release Oral Tablet [Adipin],Branded Drug,RxNorm Extension,Extended Release Oral Tablet
nifedipine,40977826,Nifedipine 20 MG Extended Release Oral Tablet Box of 100 by Ratiopharm,Marketed Product,RxNorm Extension,Extended Release Oral Tablet
nifedipine,41248579,Nifedipine 5 MG Oral Capsule [Nifedipin Heumann] Box of 30,Branded Drug Box,RxNorm Extension,Oral Capsule
nifedipine,40967365,Nifedipine 5 MG Oral Capsule [Nife-Ct] Box of 50,Branded Drug Box,RxNorm Extension,Oral Capsule
nifedipine,40825963,Nifedipine 10 MG Oral Capsule [Nife Isis] Box of 30 by Puren,Marketed Product,RxNorm Extension,Oral Capsule
nifedipine,41123677,Nifedipine 5 MG Oral Capsule [Nifelat] Box of 50,Branded Drug Box,RxNorm Extension,Oral Capsule
nifedipine,41009166,Nifedipine 5 MG Oral Capsule [Nife-Ct] Box of 100 by AbZ-Pharma,Marketed Product,RxNorm Extension,Oral Capsule
nifedipine,35868171,nifedipine Oral Tablet [Baixintong],Branded Drug Form,RxNorm Extension,Oral Tablet
nifedipine,41385069,30 ML Nifedipine 0.667 MG/ML Oral Solution [Pidilat],Quant Branded Drug,RxNorm Extension,Oral Solution
nifedipine,35868152,nifedipine 60 MG Oral Tablet [Baixintong],Branded Drug,RxNorm Extension,Oral Tablet
nifedipine,41165612,Nifedipine 10 MG Oral Tablet [Adalat] Box of 50 by Bayer,Marketed Product,RxNorm Extension,Oral Tablet
nifedipine,41134341,Nifedipine 60 MG Oral Tablet [Aprical] Box of 30 by Shire,Marketed Product,RxNorm Extension,Oral Tablet
nifedipine,41385070,30 ML Nifedipine 0.667 MG/ML Oral Solution [Aprical] Box of 10,Quant Branded Box,RxNorm Extension,Oral Solution
nifedipine,21157214,30 ML Nifedipine 20 MG/ML Oral Solution [Nifedipin-ratiopharm],Quant Branded Drug,RxNorm Extension,Oral Solution
nifedipine,40842814,Nifedipine 30 MG Oral Tablet [Nife-Ct] Box of 100,Branded Drug Box,RxNorm Extension,Oral Tablet
labetalol,21056247,Labetalol 50 MG Oral Tablet Box of 56,Clinical Drug Box,RxNorm Extension,Oral Tablet
nifedipine,40998727,Nifedipine 20 MG Oral Tablet [Nifecor],Branded Drug,RxNorm Extension,Oral Tablet
labetalol,21076014,Labetalol 400 MG Oral Tablet by Kent,Marketed Product,RxNorm Extension,Oral Tablet
nifedipine,41134382,Nifedipine 20 MG Oral Tablet [Adalat] Box of 30 by Mtk,Marketed Product,RxNorm Extension,Oral Tablet
nifedipine,41155120,Nifedipine 40 MG Oral Tablet [Cordicant],Branded Drug,RxNorm Extension,Oral Tablet
nifedipine,40915444,Nifedipine 40 MG Oral Tablet [Nifehexal] Box of 20 by Novartis,Marketed Product,RxNorm Extension,Oral Tablet
nifedipine,40904930,Nifedipine 10 MG Oral Tablet [Duranifin] Box of 100,Branded Drug Box,RxNorm Extension,Oral Tablet
nifedipine,41258887,Nifedipine 20 MG Oral Tablet [Nifedipin Verla] Box of 20 by Verla,Marketed Product,RxNorm Extension,Oral Tablet
nifedipine,40853299,Nifedipine 20 MG Oral Tablet [Nifsigma] Box of 30 by Sigma-Tau,Marketed Product,RxNorm Extension,Oral Tablet
nifedipine,41029752,Nifedipine 20 MG Oral Tablet [Dignokonstant],Branded Drug,RxNorm Extension,Oral Tablet
nifedipine,41144255,Nifedipine Oral Tablet [Nife Basf],Branded Drug Form,RxNorm Extension,Oral Tablet
nifedipine,35766859,Nifedipine 30 MG Delayed Release Oral Tablet [Neozipine XL] Box of 28,Branded Drug Box,RxNorm Extension,Delayed Release Oral Tablet
labetalol,35771863,Labetalol 200 MG Delayed Release Oral Tablet [Trandate] Box of 56 by Focus,Marketed Product,RxNorm Extension,Delayed Release Oral Tablet
nifedipine,35746060,Nifedipine 30 MG Delayed Release Oral Tablet [Adalat LA] Box of 28,Branded Drug Box,RxNorm Extension,Delayed Release Oral Tablet
nifedipine,35743125,Nifedipine 30 MG Delayed Release Oral Tablet [Valni] by Zentiva,Marketed Product,RxNorm Extension,Delayed Release Oral Tablet
labetalol,41272168,Labetalol 200 MG Delayed Release Oral Tablet Box of 250,Clinical Drug Box,RxNorm Extension,Delayed Release Oral Tablet
nifedipine,21172596,Nifedipine 20 MG Extended Release Oral Capsule [Coracten SR] by UCB,Marketed Product,RxNorm Extension,Extended Release Oral Capsule
nifedipine,21035081,Nifedipine 20 MG Extended Release Oral Capsule [Coracten SR] Box of 60 by UCB,Marketed Product,RxNorm Extension,Extended Release Oral Capsule
labetalol,21156267,1 ML Labetalol 20 MG/ML Oral Suspension,Quant Clinical Drug,RxNorm Extension,Oral Suspension
nifedipine,21093962,Nifedipine 20 MG Extended Release Oral Tablet [Adalat LA] Box of 14 by Sigma-Tau,Marketed Product,RxNorm Extension,Extended Release Oral Tablet
nifedipine,41049946,Nifedipine Extended Release Oral Capsule [Nifedipin Al],Branded Drug Form,RxNorm Extension,Extended Release Oral Capsule
nifedipine,36879986,Nifedipine 60 MG Extended Release Oral Tablet Box of 30,Clinical Drug Box,RxNorm Extension,Extended Release Oral Tablet
nifedipine,40915480,Nifedipine 20 MG Extended Release Oral Capsule [Corotrend] Box of 50 by Kytta Siegfried,Marketed Product,RxNorm Extension,Extended Release Oral Capsule
nifedipine,41321301,Nifedipine 20 MG Oral Capsule [Nifehexal] Box of 30 by Novartis,Marketed Product,RxNorm Extension,Oral Capsule
nifedipine,41165625,Nifedipine 20 MG Extended Release Oral Tablet [Nifsigma] Box of 30 by Sigma-Tau,Marketed Product,RxNorm Extension,Extended Release Oral Tablet
nifedipine,35145969,1 ML Nifedipine 10 MG/ML Oral Granules [Sepamit],Quant Branded Drug,RxNorm Extension,Oral Granules
nifedipine,41029751,Nifedipine 20 MG Extended Release Oral Tablet [Duranifin],Branded Drug,RxNorm Extension,Extended Release Oral Tablet
nifedipine,41018679,Nifedipine Extended Release Oral Tablet [Dignokonstant],Branded Drug Form,RxNorm Extension,Extended Release Oral Tablet
nifedipine,44073032,Nifedipine 30 MG Extended Release Oral Tablet [Pms-Nifedipine],Branded Drug,RxNorm Extension,Extended Release Oral Tablet
nifedipine,41217559,Nifedipine 20 MG Extended Release Oral Capsule [Corotrend] Box of 1000,Branded Drug Box,RxNorm Extension,Extended Release Oral Capsule
nifedipine,43267490,Nifedipine 60 MG Extended Release Oral Tablet [Adalat] Box of 30,Branded Drug Box,RxNorm Extension,Extended Release Oral Tablet
nifedipine,35743121,Nifedipine 10 MG Extended Release Oral Capsule [Adalat] Box of 50 by Waymade,Marketed Product,RxNorm Extension,Extended Release Oral Capsule
nifedipine,40967359,Nifedipine 20 MG/ML Oral Solution [Aprical] Box of 20,Branded Drug Box,RxNorm Extension,Oral Solution
nifedipine,41248562,Nifedipine 10 MG Extended Release Oral Tablet [Nife Basf] Box of 30,Branded Drug Box,RxNorm Extension,Extended Release Oral Tablet
nifedipine,41134369,Nifedipine 20 MG Extended Release Oral Capsule [Jedipin] Box of 50 by Jenapharm,Marketed Product,RxNorm Extension,Extended Release Oral Capsule
nifedipine,41123694,Nifedipine 20 MG Extended Release Oral Capsule [Nife Puren] Box of 50,Branded Drug Box,RxNorm Extension,Extended Release Oral Capsule
nifedipine,21103923,Nifedipine 60 MG Extended Release Oral Capsule Box of 28,Clinical Drug Box,RxNorm Extension,Extended Release Oral Capsule
nifedipine,41186205,Nifedipine 10 MG Extended Release Oral Tablet [Nifedipin Verla] Box of 30,Branded Drug Box,RxNorm Extension,Extended Release Oral Tablet
nifedipine,40725306,Nifedipine 20 MG Extended Release Oral Tablet by Kent,Marketed Product,RxNorm Extension,Extended Release Oral Tablet
nifedipine,35139913,Nifedipine 10 MG Extended Release Oral Tablet [Kisalart L],Branded Drug,RxNorm Extension,Extended Release Oral Tablet
nifedipine,35764014,Nifedipine 1 MG/ML Oral Suspension by Drug Tariff Special Order,Marketed Product,RxNorm Extension,Oral Suspension
nifedipine,21133195,Nifedipine 12 MG/ML Oral Suspension,Clinical Drug,RxNorm Extension,Oral Suspension
nifedipine,41165626,Nifedipine 20 MG Extended Release Oral Tablet [Nifedipin Verla] Box of 100 by Verla,Marketed Product,RxNorm Extension,Extended Release Oral Tablet
nifedipine,41060908,Nifedipine 20 MG Extended Release Oral Tablet [Nifsigma] Box of 100,Branded Drug Box,RxNorm Extension,Extended Release Oral Tablet
nifedipine,41134381,Nifedipine 20 MG Extended Release Oral Tablet [Adalat] Box of 50 by Mtk,Marketed Product,RxNorm Extension,Extended Release Oral Tablet
nifedipine,41299659,Nifedipine Oral Capsule [Jedipin],Branded Drug Form,RxNorm Extension,Oral Capsule
labetalol,21046499,Labetalol 100 MG Oral Tablet by Alliance,Marketed Product,RxNorm Extension,Oral Tablet
nifedipine,40967346,Nifedipine 10 MG Oral Capsule [Nifedipin Verla],Branded Drug,RxNorm Extension,Oral Capsule
nifedipine,36119640,nifedipine 20 MG Extended Release Oral Tablet [Dexipress] by Dexcel-Pharma,Marketed Product,RxNorm Extension,Extended Release Oral Tablet
nifedipine,35139248,Nifedipine 20 MG Extended Release Oral Tablet [Nifelantern],Branded Drug,RxNorm Extension,Extended Release Oral Tablet
nifedipine,21074550,Nifedipine 20 MG Extended Release Oral Tablet [Kentipine] by Kent,Marketed Product,RxNorm Extension,Extended Release Oral Tablet
nifedipine,41217550,Nifedipine 5 MG Oral Capsule [Adalat] Box of 50,Branded Drug Box,RxNorm Extension,Oral Capsule
nifedipine,41029728,Nifedipine 10 MG Oral Capsule [Adalate] Box of 1800,Branded Drug Box,RxNorm Extension,Oral Capsule
nifedipine,41029727,Nifedipine 10 MG Oral Capsule [Aprical],Branded Drug,RxNorm Extension,Oral Capsule
nifedipine,41258866,Nifedipine 10 MG Oral Capsule [Adalat] Box of 100 by Aca Mueller,Marketed Product,RxNorm Extension,Oral Capsule
labetalol,21026827,Labetalol Oral Solution,Clinical Drug Form,RxNorm Extension,Oral Solution
nifedipine,40998690,Nifedipine 10 MG Oral Capsule [Nifelat] Box of 100,Branded Drug Box,RxNorm Extension,Oral Capsule
nifedipine,40977830,Nifedipine 20 MG Oral Capsule [Aprical] Box of 50 by Medice,Marketed Product,RxNorm Extension,Oral Capsule
labetalol,35887041,labetalol 200 MG Oral Tablet Box of 56 by Medihealth,Marketed Product,RxNorm Extension,Oral Tablet
nifedipine,21093981,Nifedipine 5 MG Oral Capsule by TEVA,Marketed Product,RxNorm Extension,Oral Capsule
nifedipine,21084232,Nifedipine 10 MG Oral Capsule Box of 100 by Ivax,Marketed Product,RxNorm Extension,Oral Capsule
nifedipine,43845128,30 ML Nifedipine 20 MG/ML Oral Solution [Nifedipin-ratiopharm] Box of 30,Quant Branded Box,RxNorm Extension,Oral Solution
nifedipine,41197025,Nifedipine 20 MG Oral Tablet Box of 100 by GDS,Marketed Product,RxNorm Extension,Oral Tablet
nifedipine,21074559,Nifedipine 10 MG Oral Capsule [Adalat] by Waymade,Marketed Product,RxNorm Extension,Oral Capsule
nifedipine,41289972,Nifedipine 10 MG Oral Tablet [Nifecor] Box of 20 by 3M,Marketed Product,RxNorm Extension,Oral Tablet
nifedipine,40821599,Nifedipine 10 MG Oral Capsule [Adalat] Box of 42 by Eurim-Pharm,Marketed Product,RxNorm Extension,Oral Capsule
nifedipine,40853275,Nifedipine 10 MG Oral Tablet Box of 100 by Novartis,Marketed Product,RxNorm Extension,Oral Tablet
nifedipine,43739254,100 MG Nifedipine 0.0499 MG/MG Oral Solution,Quant Clinical Drug,RxNorm Extension,Oral Solution
nifedipine,41123712,Nifedipine 20 MG Oral Tablet [Cordicant],Branded Drug,RxNorm Extension,Oral Tablet
nifedipine,41258854,Nifedipine 10 MG Oral Tablet [Nifedipin Verla] Box of 50 by Verla,Marketed Product,RxNorm Extension,Oral Tablet
nifedipine,41155171,Nifedipine 20 MG Oral Tablet [Nife Wolff] Box of 50,Branded Drug Box,RxNorm Extension,Oral Tablet
nifedipine,41123706,Nifedipine 20 MG Oral Tablet [Nife Basf],Branded Drug,RxNorm Extension,Oral Tablet
nifedipine,40967380,Nifedipine 20 MG Oral Tablet [Nifedipin Al] Box of 98,Branded Drug Box,RxNorm Extension,Oral Tablet
labetalol,40727607,Labetalol 200 MG Oral Tablet [Trandate] Box of 56 by RPH,Marketed Product,RxNorm Extension,Oral Tablet
labetalol,21046502,Labetalol 100 MG Oral Tablet Box of 56 by Kent,Marketed Product,RxNorm Extension,Oral Tablet
nifedipine,41040254,Nifedipine 40 MG Oral Tablet [Nifedipin Stada] Box of 20 by Stada,Marketed Product,RxNorm Extension,Oral Tablet
nifedipine,40915491,Nifedipine 20 MG Oral Tablet [Adalat] Box of 100 by Emra-Med,Marketed Product,RxNorm Extension,Oral Tablet
nifedipine,40842796,Nifedipine 10 MG Oral Tablet [Nifical],Branded Drug,RxNorm Extension,Oral Tablet
labetalol,36783895,Labetalol 100 MG Delayed Release Oral Tablet Box of 75,Clinical Drug Box,RxNorm Extension,Delayed Release Oral Tablet
nifedipine,35768201,Nifedipine 30 MG Delayed Release Oral Tablet [Nimodrel XL] by Zurich,Marketed Product,RxNorm Extension,Delayed Release Oral Tablet
nifedipine,35759814,Nifedipine 30 MG Delayed Release Oral Tablet [Valni] Box of 28 by Zentiva,Marketed Product,RxNorm Extension,Delayed Release Oral Tablet
labetalol,36270512,Labetalol 200 MG Delayed Release Oral Tablet [Trandate] Box of 75,Branded Drug Box,RxNorm Extension,Delayed Release Oral Tablet
nifedipine,35745406,Nifedipine Delayed Release Oral Tablet [Valni],Branded Drug Form,RxNorm Extension,Delayed Release Oral Tablet
labetalol,43196085,Labetalol 200 MG Delayed Release Oral Tablet Box of 30,Clinical Drug Box,RxNorm Extension,Delayed Release Oral Tablet
labetalol,36881787,Labetalol Delayed Release Oral Tablet,Clinical Drug Form,RxNorm Extension,Delayed Release Oral Tablet
nifedipine,35887760,nifedipine 30 MG Extended Release Oral Capsule [Coracten XL],Branded Drug,RxNorm Extension,Extended Release Oral Capsule
nifedipine,41228089,Nifedipine 20 MG Extended Release Oral Tablet [Nifedipin Verla] Box of 30 by Verla,Marketed Product,RxNorm Extension,Extended Release Oral Tablet
nifedipine,41134339,Nifedipine 40 MG Extended Release Oral Tablet [Dignokonstant] Box of 50 by Daiichi Sankyo,Marketed Product,RxNorm Extension,Extended Release Oral Tablet
nifedipine,43173766,Nifedipine 30 MG Extended Release Oral Tablet [Nifedipin Sandoz] Box of 30 by Sandoz,Marketed Product,RxNorm Extension,Extended Release Oral Tablet
nifedipine,40884527,Nifedipine 20 MG Extended Release Oral Capsule [Nifedipin Sandoz] Box of 100 by Novartis,Marketed Product,RxNorm Extension,Extended Release Oral Capsule
nifedipine,21143124,Nifedipine 20 MG Extended Release Oral Tablet [Adalat] Box of 56,Branded Drug Box,RxNorm Extension,Extended Release Oral Tablet
nifedipine,44088515,Nifedipine 10 MG Extended Release Oral Tablet [Adalat] by Bayer,Marketed Product,RxNorm Extension,Extended Release Oral Tablet
nifedipine,41186209,Nifedipine 10 MG Extended Release Oral Tablet [Nifeclair] Box of 50,Branded Drug Box,RxNorm Extension,Extended Release Oral Tablet
nifedipine,41186198,Nifedipine 60 MG Extended Release Oral Tablet [Nife-Ct] Box of 100,Branded Drug Box,RxNorm Extension,Extended Release Oral Tablet
nifedipine,41186243,Nifedipine 20 MG Extended Release Oral Capsule [Nife-Ct] Box of 50,Branded Drug Box,RxNorm Extension,Extended Release Oral Capsule
nifedipine,41289993,Nifedipine 20 MG Extended Release Oral Capsule [Nifedipat] Box of 30 by Azupharma,Marketed Product,RxNorm Extension,Extended Release Oral Capsule
nifedipine,41321263,Nifedipine 10 MG Extended Release Oral Tablet Box of 50 by Novartis,Marketed Product,RxNorm Extension,Extended Release Oral Tablet
nifedipine,41228097,Nifedipine 20 MG Extended Release Oral Tablet [Adalat] Box of 98 by Bayer,Marketed Product,RxNorm Extension,Extended Release Oral Tablet
nifedipine,35887772,nifedipine 10 MG Oral Capsule by Strides,Marketed Product,RxNorm Extension,Oral Capsule
nifedipine,41071567,Nifedipine 20 MG Extended Release Oral Tablet [Nife 1a Pharma] Box of 50 by 1 A,Marketed Product,RxNorm Extension,Extended Release Oral Tablet
nifedipine,40822844,Nifedipine 10 MG Oral Capsule [Aprical] Box of 100 by Amdipharm,Marketed Product,RxNorm Extension,Oral Capsule
nifedipine,43639366,Nifedipine 20 MG Extended Release Oral Tablet [Nifedipin Stada],Branded Drug,RxNorm Extension,Extended Release Oral Tablet
nifedipine,40725292,Nifedipine 60 MG Extended Release Oral Tablet [Nidef] by Morningside,Marketed Product,RxNorm Extension,Extended Release Oral Tablet
nifedipine,40936184,Nifedipine 10 MG Extended Release Oral Tablet [Pidilat] Box of 20,Branded Drug Box,RxNorm Extension,Extended Release Oral Tablet
nifedipine,41258852,Nifedipine 60 MG Extended Release Oral Tablet Box of 30 by Ratiopharm,Marketed Product,RxNorm Extension,Extended Release Oral Tablet
nifedipine,40904911,Nifedipine 60 MG Extended Release Oral Tablet [Aprical] Box of 28,Branded Drug Box,RxNorm Extension,Extended Release Oral Tablet
nifedipine,40725305,Nifedipine 20 MG Extended Release Oral Tablet Box of 56 by Sigma,Marketed Product,RxNorm Extension,Extended Release Oral Tablet
nifedipine,41310644,Nifedipine 10 MG Oral Capsule [Nifedipin Al] Box of 20,Branded Drug Box,RxNorm Extension,Oral Capsule
nifedipine,43711220,Nifedipine Extended Release Oral Tablet [Nifedipin Cipla],Branded Drug Form,RxNorm Extension,Extended Release Oral Tablet
nifedipine,43278429,Nifedipine 30 MG Extended Release Oral Tablet [Adalat] Box of 30,Branded Drug Box,RxNorm Extension,Extended Release Oral Tablet
nifedipine,2926274,nifedipine 30 MG Extended Release Oral Tablet by APO,Marketed Product,RxNorm Extension,Extended Release Oral Tablet
nifedipine,35884747,nifedipine Extended Release Oral Tablet [Slofedipine XL],Branded Drug Form,RxNorm Extension,Extended Release Oral Tablet
nifedipine,21025341,Nifedipine 20 MG Extended Release Oral Tablet [Adalat] Box of 60 by Waymade,Marketed Product,RxNorm Extension,Extended Release Oral Tablet
nifedipine,40853267,Nifedipine 60 MG Extended Release Oral Tablet [Nifedipin Basics] Box of 100 by Basics,Marketed Product,RxNorm Extension,Extended Release Oral Tablet
nifedipine,41289977,Nifedipine 10 MG Oral Capsule [Nife Abz] Box of 50 by AbZ-Pharma,Marketed Product,RxNorm Extension,Oral Capsule
nifedipine,41092472,Nifedipine 10 MG Oral Capsule [Cordicant],Branded Drug,RxNorm Extension,Oral Capsule
nifedipine,41060881,Nifedipine 10 MG Oral Capsule [Adalat] Box of 1000,Branded Drug Box,RxNorm Extension,Oral Capsule
nifedipine,41279383,Nifedipine 20 MG Oral Capsule [Duranifin],Branded Drug,RxNorm Extension,Oral Capsule
nifedipine,41186216,Nifedipine 10 MG Oral Capsule [Nifical] Box of 50,Branded Drug Box,RxNorm Extension,Oral Capsule
nifedipine,41310688,Nifedipine 20 MG Oral Tablet [Corotrend],Branded Drug,RxNorm Extension,Oral Tablet
nifedipine,21044952,Nifedipine 10 MG Oral Capsule [Adalat] Box of 50 by Mawdsley-Brooks,Marketed Product,RxNorm Extension,Oral Capsule
nifedipine,41165623,Nifedipine 20 MG Oral Tablet [Pidilat] Box of 250 by Mylan,Marketed Product,RxNorm Extension,Oral Tablet
nifedipine,41115909,Nifedipine 40 MG Oral Tablet Box of 100,Clinical Drug Box,RxNorm Extension,Oral Tablet
nifedipine,41092451,Nifedipine 60 MG Oral Tablet [Nife-Ct] Box of 50,Branded Drug Box,RxNorm Extension,Oral Tablet
nifedipine,40946845,Nifedipine 20 MG Oral Tablet [Adalat] Box of 30 by Emra-Med,Marketed Product,RxNorm Extension,Oral Tablet
nifedipine,41049950,Nifedipine Oral Tablet [Duranifin],Branded Drug Form,RxNorm Extension,Oral Tablet
nifedipine,40853306,Nifedipine 20 MG Oral Tablet [Nifeclair] Box of 100 by Hennig,Marketed Product,RxNorm Extension,Oral Tablet
nifedipine,40998729,Nifedipine 20 MG Oral Tablet [Nife Basf] Box of 100,Branded Drug Box,RxNorm Extension,Oral Tablet
nifedipine,40904959,Nifedipine 20 MG Oral Tablet [Nife Basf] Box of 30,Branded Drug Box,RxNorm Extension,Oral Tablet
nifedipine,40946827,Nifedipine 50 MG Oral Tablet [Corinfar] Box of 100 by TEVA,Marketed Product,RxNorm Extension,Oral Tablet
nifedipine,40874042,Nifedipine 20 MG Oral Tablet [Adalat] Box of 2000,Branded Drug Box,RxNorm Extension,Oral Tablet
nifedipine,40873996,Nifedipine 10 MG Oral Tablet [Nifedipin Verla] Box of 100,Branded Drug Box,RxNorm Extension,Oral Tablet
nifedipine,44075648,Nifedipine 10 MG Oral Tablet [Adalat] by Miles,Marketed Product,RxNorm Extension,Oral Tablet
labetalol,21085739,Labetalol 100 MG Oral Tablet [Trandate] Box of 250,Branded Drug Box,RxNorm Extension,Oral Tablet
nifedipine,41092460,Nifedipine 10 MG Oral Tablet [Corosten] Box of 25,Branded Drug Box,RxNorm Extension,Oral Tablet
labetalol,21115172,Labetalol 400 MG Oral Tablet Box of 56 by Sandoz,Marketed Product,RxNorm Extension,Oral Tablet
labetalol,41000211,Labetalol 100 MG Oral Tablet [Trandate] Box of 500,Branded Drug Box,RxNorm Extension,Oral Tablet
labetalol,21134704,Labetalol 100 MG Oral Tablet Box of 56 by A A H,Marketed Product,RxNorm Extension,Oral Tablet
nifedipine,41289991,Nifedipine 30 MG Oral Tablet [Nifedipin Stada] Box of 30 by Stada,Marketed Product,RxNorm Extension,Oral Tablet
labetalol,40928894,Labetalol 100 MG Oral Tablet Box of 2500,Clinical Drug Box,RxNorm Extension,Oral Tablet
nifedipine,40915447,Nifedipine 40 MG Oral Tablet [Nifedipin Sandoz] Box of 20 by Novartis,Marketed Product,RxNorm Extension,Oral Tablet
nifedipine,40998686,Nifedipine 10 MG Oral Tablet [Mtw Nifedipin] Box of 100,Branded Drug Box,RxNorm Extension,Oral Tablet
nifedipine,40998732,Nifedipine 20 MG Oral Tablet [Duranifin] Box of 30,Branded Drug Box,RxNorm Extension,Oral Tablet
nifedipine,41186263,Nifedipine 20 MG Oral Tablet [Adalat] Box of 50,Branded Drug Box,RxNorm Extension,Oral Tablet
nifedipine,41165637,Nifedipine 20 MG Oral Tablet [Adalat] Box of 100 by Beragena,Marketed Product,RxNorm Extension,Oral Tablet
nifedipine,35772530,Nifedipine 30 MG Delayed Release Oral Tablet [Neozipine XL] by Kent,Marketed Product,RxNorm Extension,Delayed Release Oral Tablet
nifedipine,21162880,Nifedipine 10 MG Oral Capsule Box of 84 by Co-Pharma,Marketed Product,RxNorm Extension,Oral Capsule
nifedipine,21133167,Nifedipine 20 MG Extended Release Oral Tablet by Colorama,Marketed Product,RxNorm Extension,Extended Release Oral Tablet
nifedipine,35764009,Nifedipine 10 MG Extended Release Oral Capsule [Adalat] by DE,Marketed Product,RxNorm Extension,Extended Release Oral Capsule
nifedipine,21153000,Nifedipine 20 MG Extended Release Oral Tablet [Valni] Box of 56 by Tillomed,Marketed Product,RxNorm Extension,Extended Release Oral Tablet
nifedipine,41386400,30 ML Nifedipine 0.667 MG/ML Oral Solution Box of 3,Quant Clinical Box,RxNorm Extension,Oral Solution
nifedipine,40884532,Nifedipine 20 MG Extended Release Oral Tablet [Nifehexal] Box of 30 by Novartis,Marketed Product,RxNorm Extension,Extended Release Oral Tablet
nifedipine,41029730,Nifedipine 10 MG Oral Capsule [Adalat] Box of 30,Branded Drug Box,RxNorm Extension,Oral Capsule
nifedipine,40998700,Nifedipine 10 MG Oral Capsule [Corinfar] Box of 50,Branded Drug Box,RxNorm Extension,Oral Capsule
nifedipine,35759809,Nifedipine 10 MG Extended Release Oral Capsule by A A H,Marketed Product,RxNorm Extension,Extended Release Oral Capsule
nifedipine,36266590,Nifedipine 60 MG Extended Release Oral Capsule [NIFEDIPINE EG] Box of 98 by Eurogenerics,Marketed Product,RxNorm Extension,Extended Release Oral Capsule
nifedipine,36262710,Nifedipine 30 MG Extended Release Oral Capsule [Adalat],Branded Drug,RxNorm Extension,Extended Release Oral Capsule
nifedipine,44101514,Nifedipine 30 MG Extended Release Oral Tablet [Adalat] by Miles,Marketed Product,RxNorm Extension,Extended Release Oral Tablet
labetalol,21146291,1 ML Labetalol 2 MG/ML Oral Suspension,Quant Clinical Drug,RxNorm Extension,Oral Suspension
nifedipine,40824095,Nifedipine 20 MG Extended Release Oral Capsule Box of 20 by Sanol,Marketed Product,RxNorm Extension,Extended Release Oral Capsule
nifedipine,41102971,Nifedipine 20 MG Extended Release Oral Capsule [Nife Klast] Box of 30 by Linden,Marketed Product,RxNorm Extension,Extended Release Oral Capsule
nifedipine,41060906,Nifedipine 20 MG Extended Release Oral Capsule [Aprical] Box of 100,Branded Drug Box,RxNorm Extension,Extended Release Oral Capsule
nifedipine,41271688,Nifedipine 60 MG Extended Release Oral Tablet Box of 400,Clinical Drug Box,RxNorm Extension,Extended Release Oral Tablet
nifedipine,40925186,Nifedipine Extended Release Oral Tablet [Tp Mpa],Branded Drug Form,RxNorm Extension,Extended Release Oral Tablet
nifedipine,40874039,Nifedipine 20 MG Extended Release Oral Tablet [Duranifin] Box of 50,Branded Drug Box,RxNorm Extension,Extended Release Oral Tablet
nifedipine,44088514,Nifedipine 30 MG Extended Release Oral Tablet [Adalat] by Bayer,Marketed Product,RxNorm Extension,Extended Release Oral Tablet
nifedipine,40874029,Nifedipine 20 MG Extended Release Oral Capsule [Jutadilat],Branded Drug,RxNorm Extension,Extended Release Oral Capsule
nifedipine,41248563,Nifedipine 10 MG Extended Release Oral Tablet [Mtw Nifedipin] Box of 100,Branded Drug Box,RxNorm Extension,Extended Release Oral Tablet
nifedipine,41155143,Nifedipine 20 MG/ML Oral Solution [Nife Wolff] Box of 1,Branded Drug Box,RxNorm Extension,Oral Solution
nifedipine,41029737,Nifedipine 5 MG Oral Capsule [Nifedipin Heumann],Branded Drug,RxNorm Extension,Oral Capsule
nifedipine,40936191,Nifedipine 10 MG Extended Release Oral Tablet [Corinfar] Box of 30,Branded Drug Box,RxNorm Extension,Extended Release Oral Tablet
nifedipine,40977800,Nifedipine 10 MG Oral Capsule [Adalat] Box of 30 by Bayer,Marketed Product,RxNorm Extension,Oral Capsule
nifedipine,40725316,Nifedipine 10 MG Extended Release Oral Tablet by Kent,Marketed Product,RxNorm Extension,Extended Release Oral Tablet
nifedipine,41134376,Nifedipine 20 MG Extended Release Oral Tablet [Nife] Box of 50 by AbZ-Pharma,Marketed Product,RxNorm Extension,Extended Release Oral Tablet
nifedipine,43711219,Nifedipine Oral Capsule [Nifedipin Stada],Branded Drug Form,RxNorm Extension,Oral Capsule
nifedipine,41092456,Nifedipine 10 MG Extended Release Oral Tablet [Nifedipin Basics] Box of 50,Branded Drug Box,RxNorm Extension,Extended Release Oral Tablet
nifedipine,41155157,Nifedipine 30 MG Extended Release Oral Tablet [Adalat] Box of 42,Branded Drug Box,RxNorm Extension,Extended Release Oral Tablet
nifedipine,40725315,Nifedipine 10 MG Extended Release Oral Tablet Box of 56 by Sigma,Marketed Product,RxNorm Extension,Extended Release Oral Tablet
nifedipine,41228071,Nifedipine 10 MG Oral Capsule [Adalat] Box of 400 by Bayer,Marketed Product,RxNorm Extension,Oral Capsule
nifedipine,21162888,Nifedipine 30 MG Extended Release Oral Tablet [Slofedipine XL] by Zentiva,Marketed Product,RxNorm Extension,Extended Release Oral Tablet
nifedipine,21133181,Nifedipine 10 MG Extended Release Oral Tablet [Hypolar] Box of 56 by Sandoz,Marketed Product,RxNorm Extension,Extended Release Oral Tablet
nifedipine,21044943,Nifedipine 20 MG Extended Release Oral Tablet [Nifopress Retard] Box of 56,Branded Drug Box,RxNorm Extension,Extended Release Oral Tablet
nifedipine,21113718,Nifedipine 30 MG Extended Release Oral Tablet [Adanif XL] Box of 28 by Focus,Marketed Product,RxNorm Extension,Extended Release Oral Tablet
nifedipine,21044946,Nifedipine 20 MG Extended Release Oral Tablet [Calchan MR],Branded Drug,RxNorm Extension,Extended Release Oral Tablet
nifedipine,41237637,Nifedipine Oral Capsule [Nifedipat],Branded Drug Form,RxNorm Extension,Oral Capsule
nifedipine,40946821,Nifedipine 5 MG Oral Capsule [Nifedipin Al] Box of 20 by Aliud,Marketed Product,RxNorm Extension,Oral Capsule
nifedipine,40825856,Nifedipine 10 MG Oral Capsule [Corotrend] Box of 1000,Branded Drug Box,RxNorm Extension,Oral Capsule
nifedipine,41237639,Nifedipine Oral Capsule [Jutadilat],Branded Drug Form,RxNorm Extension,Oral Capsule
nifedipine,41134357,Nifedipine 5 MG Oral Capsule [Pidilat] Box of 20 by Mylan,Marketed Product,RxNorm Extension,Oral Capsule
nifedipine,40842803,Nifedipine 5 MG Oral Capsule [Nifedipin Stada] Box of 500,Branded Drug Box,RxNorm Extension,Oral Capsule
nifedipine,41217546,Nifedipine 5 MG Oral Capsule [Nife-Ct] Box of 30,Branded Drug Box,RxNorm Extension,Oral Capsule
nifedipine,41155140,Nifedipine 10 MG Oral Capsule [Jedipin],Branded Drug,RxNorm Extension,Oral Capsule
labetalol,35897861,labetalol 200 MG Oral Tablet Box of 56 by Accord,Marketed Product,RxNorm Extension,Oral Tablet
nifedipine,41289984,Nifedipine 10 MG Oral Tablet [Nifehexal] Box of 100 by Novartis,Marketed Product,RxNorm Extension,Oral Tablet
nifedipine,41279361,Nifedipine 30 MG Oral Tablet [Nifedipin Stada],Branded Drug,RxNorm Extension,Oral Tablet
nifedipine,21025344,Nifedipine 10 MG Oral Capsule Box of 84 by Actavis,Marketed Product,RxNorm Extension,Oral Capsule
nifedipine,41258895,Nifedipine 20 MG Oral Tablet [Duranifin] Box of 100 by Mylan,Marketed Product,RxNorm Extension,Oral Tablet
nifedipine,40842812,Nifedipine 0.667 MG/ML Oral Solution [Aprical] Box of 2,Branded Drug Box,RxNorm Extension,Oral Solution
nifedipine,21147220,30 ML Nifedipine 20 MG/ML Oral Solution,Quant Clinical Drug,RxNorm Extension,Oral Solution
nifedipine,40998731,Nifedipine 20 MG Oral Tablet [Jutadilat] Box of 100,Branded Drug Box,RxNorm Extension,Oral Tablet
nifedipine,41426735,100 ML Nifedipine 20 MG/ML Oral Solution Box of 1,Quant Clinical Box,RxNorm Extension,Oral Solution
labetalol,21115175,Labetalol 2 MG/ML Oral Solution,Clinical Drug,RxNorm Extension,Oral Solution
nifedipine,35868159,nifedipine 20 MG Oral Tablet [Nifuda],Branded Drug,RxNorm Extension,Oral Tablet
labetalol,21085733,Labetalol 200 MG Oral Tablet by Alliance,Marketed Product,RxNorm Extension,Oral Tablet
nifedipine,40967388,Nifedipine 20 MG Oral Tablet [Adalat] Box of 30,Branded Drug Box,RxNorm Extension,Oral Tablet
nifedipine,41060921,Nifedipine 20 MG Oral Tablet [Corotrend] Box of 100,Branded Drug Box,RxNorm Extension,Oral Tablet
nifedipine,40904968,Nifedipine 20 MG Oral Tablet [Cordicant] Box of 30,Branded Drug Box,RxNorm Extension,Oral Tablet
nifedipine,41134340,Nifedipine 40 MG Oral Tablet [Cisday] Box of 50 by Novartis,Marketed Product,RxNorm Extension,Oral Tablet
nifedipine,35755695,Nifedipine 30 MG Delayed Release Oral Tablet by Mawdsley-Brooks,Marketed Product,RxNorm Extension,Delayed Release Oral Tablet
nifedipine,21123304,Nifedipine 20 MG Extended Release Oral Tablet [Calchan MR] Box of 56 by Ranbaxy,Marketed Product,RxNorm Extension,Extended Release Oral Tablet
nifedipine,21064641,Nifedipine 60 MG Extended Release Oral Tablet [Adalat LA] Box of 28,Branded Drug Box,RxNorm Extension,Extended Release Oral Tablet
nifedipine,35148176,Nifedipine Extended Release Oral Tablet [Casanmil],Branded Drug Form,RxNorm Extension,Extended Release Oral Tablet
nifedipine,41206761,Nifedipine Oral Capsule [Nifedipin Sandoz],Branded Drug Form,RxNorm Extension,Oral Capsule
nifedipine,21162870,Nifedipine 20 MG Extended Release Oral Capsule [Coracten SR],Branded Drug,RxNorm Extension,Extended Release Oral Capsule
nifedipine,36267866,Nifedipine 40 MG Extended Release Oral Capsule [Hypan],Branded Drug,RxNorm Extension,Extended Release Oral Capsule
nifedipine,21172609,Nifedipine 10 MG Oral Capsule Box of 90,Clinical Drug Box,RxNorm Extension,Oral Capsule
nifedipine,43256672,Nifedipine 60 MG Extended Release Oral Tablet [Nifedipine Xr] by Apotex,Marketed Product,RxNorm Extension,Extended Release Oral Tablet
nifedipine,40977786,Nifedipine 10 MG Extended Release Oral Tablet [Nifical] Box of 50 by Sanofi,Marketed Product,RxNorm Extension,Extended Release Oral Tablet
nifedipine,43855336,Nifedipine 20 MG Extended Release Oral Tablet [Nifedipin Acis],Branded Drug,RxNorm Extension,Extended Release Oral Tablet
labetalol,21166034,1 ML Labetalol 1 MG/ML Oral Solution,Quant Clinical Drug,RxNorm Extension,Oral Solution
nifedipine,43151595,Nifedipine 30 MG Extended Release Oral Tablet [NIFEDIPINE MYLAN] Box of 30 by Mylan,Marketed Product,RxNorm Extension,Extended Release Oral Tablet
nifedipine,41289973,Nifedipine 10 MG Extended Release Oral Tablet [Nife Basf] Box of 100 by Novartis,Marketed Product,RxNorm Extension,Extended Release Oral Tablet
nifedipine,40904933,Nifedipine 10 MG/ML Oral Solution [Dignokonstant] Box of 1,Branded Drug Box,RxNorm Extension,Oral Solution
nifedipine,41310625,Nifedipine 40 MG Extended Release Oral Tablet [Nifedipat],Branded Drug,RxNorm Extension,Extended Release Oral Tablet
labetalol,21028535,1 ML Labetalol 10 MG/ML Oral Suspension,Quant Clinical Drug,RxNorm Extension,Oral Suspension
nifedipine,43283767,Nifedipine 10 MG Oral Tablet [Nypine],Branded Drug,RxNorm Extension,Oral Tablet
nifedipine,41102969,Nifedipine 30 MG Extended Release Oral Tablet Box of 50 by Ratiopharm,Marketed Product,RxNorm Extension,Extended Release Oral Tablet
nifedipine,41071541,Nifedipine 10 MG Extended Release Oral Tablet [Nifical] Box of 20 by Sanofi,Marketed Product,RxNorm Extension,Extended Release Oral Tablet
nifedipine,41248592,Nifedipine 30 MG Extended Release Oral Tablet [Adalat] Box of 50,Branded Drug Box,RxNorm Extension,Extended Release Oral Tablet
nifedipine,41102963,Nifedipine 5 MG Oral Capsule [Corotrend] Box of 30 by Novartis,Marketed Product,RxNorm Extension,Oral Capsule
nifedipine,41049949,Nifedipine Oral Capsule [Nife Wolff],Branded Drug Form,RxNorm Extension,Oral Capsule
nifedipine,40874003,Nifedipine 10 MG Oral Capsule [Nifedipin Basics],Branded Drug,RxNorm Extension,Oral Capsule
nifedipine,40842793,Nifedipine 10 MG Oral Capsule [Leka] Box of 100,Branded Drug Box,RxNorm Extension,Oral Capsule
nifedipine,21025354,Nifedipine 5 MG Oral Capsule by Boots,Marketed Product,RxNorm Extension,Oral Capsule
nifedipine,21143120,Nifedipine 20 MG Extended Release Oral Tablet [Cardilate MR] Box of 56,Branded Drug Box,RxNorm Extension,Extended Release Oral Tablet
labetalol,21115177,Labetalol 100 MG Oral Tablet by Kent,Marketed Product,RxNorm Extension,Oral Tablet
nifedipine,36946539,nifedipine 5 MG Oral Capsule Box of 84 by Pharma Strides,Marketed Product,RxNorm Extension,Oral Capsule
nifedipine,41389056,30 ML Nifedipine 0.667 MG/ML Oral Solution [Duranifin] Box of 1,Quant Branded Box,RxNorm Extension,Oral Solution
nifedipine,40842810,Nifedipine 5 MG Oral Capsule [Duranifin] Box of 50,Branded Drug Box,RxNorm Extension,Oral Capsule
nifedipine,41258877,Nifedipine 5 MG Oral Capsule Box of 50 by Ratiopharm,Marketed Product,RxNorm Extension,Oral Capsule
nifedipine,40915473,Nifedipine 5 MG Oral Capsule Box of 50 by GDS,Marketed Product,RxNorm Extension,Oral Capsule
nifedipine,36953182,nifedipine 10 MG Oral Capsule Box of 90 by A A H,Marketed Product,RxNorm Extension,Oral Capsule
nifedipine,21113706,Nifedipine 10 MG Oral Capsule [Adalat] by Dowelhurst,Marketed Product,RxNorm Extension,Oral Capsule
nifedipine,21074560,Nifedipine 10 MG Oral Capsule [Angiopine] Box of 84,Branded Drug Box,RxNorm Extension,Oral Capsule
nifedipine,21074558,Nifedipine 10 MG Oral Capsule Box of 84,Clinical Drug Box,RxNorm Extension,Oral Capsule
nifedipine,41289985,Nifedipine 10 MG Oral Tablet [Nifedipin Basics] Box of 50 by Basics,Marketed Product,RxNorm Extension,Oral Tablet
nifedipine,40967368,Nifedipine 0.667 MG/ML Oral Solution [Cordicant],Branded Drug,RxNorm Extension,Oral Solution
nifedipine,43862084,10000 MG Nifedipine 0.0000499 MG/MG Oral Solution [Bukonif-5],Quant Branded Drug,RxNorm Extension,Oral Solution
nifedipine,43718405,20000 MG Nifedipine 0.0000499 MG/MG Oral Solution,Quant Clinical Drug,RxNorm Extension,Oral Solution
nifedipine,40990871,Nifedipine 20 MG Oral Tablet Box of 98,Clinical Drug Box,RxNorm Extension,Oral Tablet
nifedipine,41123707,Nifedipine 20 MG Oral Tablet [Nife 1a Pharma] Box of 30,Branded Drug Box,RxNorm Extension,Oral Tablet
nifedipine,40936225,Nifedipine 30 MG Oral Tablet [Nifedipin Basics] Box of 100,Branded Drug Box,RxNorm Extension,Oral Tablet
nifedipine,40904914,Nifedipine 10 MG Oral Tablet [Tp Mpa] Box of 50,Branded Drug Box,RxNorm Extension,Oral Tablet
nifedipine,40835006,Nifedipine 20 MG Oral Tablet Box of 400,Clinical Drug Box,RxNorm Extension,Oral Tablet
nifedipine,41302809,Nifedipine 60 MG Oral Tablet Box of 28,Clinical Drug Box,RxNorm Extension,Oral Tablet
labetalol,21115171,Labetalol 400 MG Oral Tablet by Sigma-Tau,Marketed Product,RxNorm Extension,Oral Tablet
labetalol,21134700,Labetalol 200 MG Oral Tablet by A A H,Marketed Product,RxNorm Extension,Oral Tablet
nifedipine,41060859,Nifedipine 40 MG Oral Tablet [Nifedipin Stada] Box of 20,Branded Drug Box,RxNorm Extension,Oral Tablet
nifedipine,40936187,Nifedipine 10 MG Oral Tablet [Nifelat],Branded Drug,RxNorm Extension,Oral Tablet
nifedipine,41217538,Nifedipine 10 MG Oral Tablet [Nifedipin Stada] Box of 100,Branded Drug Box,RxNorm Extension,Oral Tablet
nifedipine,41186199,Nifedipine 60 MG Oral Tablet [Aprical] Box of 98,Branded Drug Box,RxNorm Extension,Oral Tablet
nifedipine,41147412,Nifedipine 10 MG Oral Tablet Box of 30,Clinical Drug Box,RxNorm Extension,Oral Tablet
nifedipine,41123691,Nifedipine 50 MG Oral Tablet [Corinfar],Branded Drug,RxNorm Extension,Oral Tablet
nifedipine,35743126,Nifedipine 30 MG Delayed Release Oral Tablet [Neozipine XL] Box of 28 by Kent,Marketed Product,RxNorm Extension,Delayed Release Oral Tablet
labetalol,35755093,Labetalol 200 MG Delayed Release Oral Tablet Box of 56 by Sandoz,Marketed Product,RxNorm Extension,Delayed Release Oral Tablet
nifedipine,41165634,Nifedipine 20 MG Extended Release Oral Tablet [Duranifin] Box of 98 by Mylan,Marketed Product,RxNorm Extension,Extended Release Oral Tablet
nifedipine,41102952,Nifedipine 10 MG Oral Capsule [Cordicant] Box of 30 by Mundipharma,Marketed Product,RxNorm Extension,Oral Capsule
nifedipine,40884538,Nifedipine 20 MG Extended Release Oral Tablet [Corotrend] Box of 50 by Kytta Siegfried,Marketed Product,RxNorm Extension,Extended Release Oral Tablet
nifedipine,40990874,Nifedipine 20 MG Oral Capsule Box of 500,Clinical Drug Box,RxNorm Extension,Oral Capsule
nifedipine,40936194,Nifedipine 10 MG Oral Capsule [Nifedipin Verla] Box of 50,Branded Drug Box,RxNorm Extension,Oral Capsule
nifedipine,35772522,Nifedipine 10 MG Extended Release Oral Capsule by Actavis,Marketed Product,RxNorm Extension,Extended Release Oral Capsule
nifedipine,40874014,Nifedipine 5 MG Oral Capsule [Nifedipin Al],Branded Drug,RxNorm Extension,Oral Capsule
nifedipine,41060907,Nifedipine 20 MG Extended Release Oral Capsule [Aprical] Box of 50,Branded Drug Box,RxNorm Extension,Extended Release Oral Capsule
nifedipine,21025357,Nifedipine 6 MG/ML Oral Suspension,Clinical Drug,RxNorm Extension,Oral Suspension
nifedipine,21035089,Nifedipine 20 MG Extended Release Oral Tablet [Nifopress MR] Box of 56,Branded Drug Box,RxNorm Extension,Extended Release Oral Tablet
nifedipine,35772520,Nifedipine 10 MG Extended Release Oral Capsule Box of 84 by Waymade,Marketed Product,RxNorm Extension,Extended Release Oral Capsule
nifedipine,43819228,Nifedipine Extended Release Oral Tablet [Nifedipin-ratiopharm],Branded Drug Form,RxNorm Extension,Extended Release Oral Tablet
nifedipine,43261983,Nifedipine 30 MG Extended Release Oral Tablet [Nifedipine Xr] Box of 30,Branded Drug Box,RxNorm Extension,Extended Release Oral Tablet
nifedipine,21123309,Nifedipine 10 MG Oral Capsule [Adalat] Box of 50,Branded Drug Box,RxNorm Extension,Oral Capsule
nifedipine,41092488,Nifedipine 20 MG Extended Release Oral Capsule [Nifedipin-ratiopharm] Box of 100,Branded Drug Box,RxNorm Extension,Extended Release Oral Capsule
nifedipine,43801098,Nifedipine 10 MG Extended Release Oral Tablet [Adalat],Branded Drug,RxNorm Extension,Extended Release Oral Tablet
nifedipine,43729188,Nifedipine 10 MG Extended Release Oral Tablet [Nifedipin Atid] by Dexcel-Pharma,Marketed Product,RxNorm Extension,Extended Release Oral Tablet
nifedipine,41186211,Nifedipine 10 MG Extended Release Oral Tablet [Mtw Nifedipin],Branded Drug,RxNorm Extension,Extended Release Oral Tablet
nifedipine,21172610,Nifedipine 10 MG Oral Capsule [Adalat] by Sigma-Tau,Marketed Product,RxNorm Extension,Oral Capsule
nifedipine,36066804,nifedipine 20 MG Extended Release Oral Tablet [Adalat LA] by Mawdsley-Brooks,Marketed Product,RxNorm Extension,Extended Release Oral Tablet
nifedipine,41258849,Nifedipine 40 MG Extended Release Oral Tablet [Corinfar] Box of 250 by TEVA,Marketed Product,RxNorm Extension,Extended Release Oral Tablet
nifedipine,41186254,Nifedipine 20 MG Extended Release Oral Tablet [Nifedipin 1a Pharma] Box of 50,Branded Drug Box,RxNorm Extension,Extended Release Oral Tablet
nifedipine,40915492,Nifedipine 20 MG Extended Release Oral Tablet [Adalat] Box of 50 by Orifarm Leverkus,Marketed Product,RxNorm Extension,Extended Release Oral Tablet
nifedipine,41271691,Nifedipine 30 MG Extended Release Oral Tablet Box of 400,Clinical Drug Box,RxNorm Extension,Extended Release Oral Tablet
nifedipine,43267485,Nifedipine 20 MG Oral Tablet [Nifehexal] Box of 60,Branded Drug Box,RxNorm Extension,Oral Tablet
nifedipine,40936192,Nifedipine 10 MG Extended Release Oral Tablet [Corinfar],Branded Drug,RxNorm Extension,Extended Release Oral Tablet
labetalol,21164334,Labetalol 200 MG Oral Tablet by Mylan,Marketed Product,RxNorm Extension,Oral Tablet
nifedipine,43162760,Nifedipine Extended Release Oral Tablet [NIFEDIPINE RANBAXY],Branded Drug Form,RxNorm Extension,Extended Release Oral Tablet
nifedipine,41102950,Nifedipine 10 MG Oral Capsule [Nifeclair] Box of 50 by Hennig,Marketed Product,RxNorm Extension,Oral Capsule
nifedipine,21172608,Nifedipine 10 MG Oral Capsule Box of 84 by Waymade,Marketed Product,RxNorm Extension,Oral Capsule
nifedipine,21153029,Nifedipine 30 MG Extended Release Oral Tablet [Adalat LA] Box of 28 by Bayer,Marketed Product,RxNorm Extension,Extended Release Oral Tablet
nifedipine,21054783,Nifedipine 5 MG Oral Capsule Box of 100 by Ivax,Marketed Product,RxNorm Extension,Oral Capsule
nifedipine,21103922,Nifedipine 30 MG Extended Release Oral Tablet [Adalat LA] Box of 28 by Mawdsley-Brooks,Marketed Product,RxNorm Extension,Extended Release Oral Tablet
nifedipine,36950455,nifedipine 5 MG Oral Capsule Box of 90 by DE,Marketed Product,RxNorm Extension,Oral Capsule
nifedipine,40977828,Nifedipine 20 MG Extended Release Oral Tablet Box of 100 by Novartis,Marketed Product,RxNorm Extension,Extended Release Oral Tablet
nifedipine,40946846,Nifedipine 20 MG Extended Release Oral Tablet Box of 100 by Acis,Marketed Product,RxNorm Extension,Extended Release Oral Tablet
nifedipine,41217529,Nifedipine 10 MG Oral Capsule [Nifedipin Basics] Box of 50,Branded Drug Box,RxNorm Extension,Oral Capsule
nifedipine,41134351,Nifedipine 10 MG Oral Capsule [Aprical] Box of 100 by Shire,Marketed Product,RxNorm Extension,Oral Capsule
nifedipine,41123687,Nifedipine 0.667 MG/ML Oral Solution [Nifedipin Stada],Branded Drug,RxNorm Extension,Oral Solution
nifedipine,21064643,Nifedipine 5 MG Oral Capsule Box of 84 by Kent,Marketed Product,RxNorm Extension,Oral Capsule
nifedipine,21054764,Nifedipine 10 MG Oral Capsule Box of 84 by Mylan,Marketed Product,RxNorm Extension,Oral Capsule
nifedipine,21113725,Nifedipine 5 MG Oral Capsule [Adalat] Box of 90,Branded Drug Box,RxNorm Extension,Oral Capsule
nifedipine,41123690,Nifedipine 50 MG Oral Tablet [Corinfar] Box of 500,Branded Drug Box,RxNorm Extension,Oral Tablet
nifedipine,41134354,Nifedipine 10 MG Oral Tablet [Nife Basf] Box of 100 by Novartis,Marketed Product,RxNorm Extension,Oral Tablet
nifedipine,40967338,Nifedipine 10 MG Oral Tablet [Tp Mtk],Branded Drug,RxNorm Extension,Oral Tablet
nifedipine,40967334,Nifedipine 60 MG Oral Tablet [Nife-Ct],Branded Drug,RxNorm Extension,Oral Tablet
nifedipine,40853303,Nifedipine 20 MG Oral Tablet [Nifedipin Basics] Box of 100 by Basics,Marketed Product,RxNorm Extension,Oral Tablet
labetalol,40727615,Labetalol 100 MG Oral Tablet by Sigma,Marketed Product,RxNorm Extension,Oral Tablet
nifedipine,41386509,30 ML Nifedipine 20 MG/ML Oral Solution [Nifehexal] Box of 1,Quant Branded Box,RxNorm Extension,Oral Solution
nifedipine,40884524,Nifedipine 50 MG Oral Tablet [Corinfar] Box of 30 by TEVA,Marketed Product,RxNorm Extension,Oral Tablet
nifedipine,41115913,Nifedipine 10 MG Oral Tablet Box of 25,Clinical Drug Box,RxNorm Extension,Oral Tablet
nifedipine,41084667,Nifedipine 50 MG Oral Tablet Box of 30,Clinical Drug Box,RxNorm Extension,Oral Tablet
nifedipine,41092448,Nifedipine 40 MG Oral Tablet [Dignokonstant] Box of 20,Branded Drug Box,RxNorm Extension,Oral Tablet
nifedipine,40959639,Nifedipine 60 MG Oral Tablet Box of 30,Clinical Drug Box,RxNorm Extension,Oral Tablet
nifedipine,40987696,Nifedipine Oral Tablet [Nifedipin Stada],Branded Drug Form,RxNorm Extension,Oral Tablet
nifedipine,40967332,Nifedipine 60 MG Oral Tablet [Nifedipin Basics] Box of 100,Branded Drug Box,RxNorm Extension,Oral Tablet
nifedipine,40998702,Nifedipine 10 MG Oral Tablet [Nifehexal] Box of 100,Branded Drug Box,RxNorm Extension,Oral Tablet
labetalol,35755091,Labetalol 200 MG Delayed Release Oral Tablet [Trandate] by Focus,Marketed Product,RxNorm Extension,Delayed Release Oral Tablet
nifedipine,35751468,Nifedipine 30 MG Delayed Release Oral Tablet [Adipin] by Chiesi,Marketed Product,RxNorm Extension,Delayed Release Oral Tablet
nifedipine,21025335,Nifedipine 20 MG Extended Release Oral Capsule [Coracten SR] Box of 60 by Waymade,Marketed Product,RxNorm Extension,Extended Release Oral Capsule
nifedipine,41155130,Nifedipine 10 MG Extended Release Oral Tablet [Nifeclair],Branded Drug,RxNorm Extension,Extended Release Oral Tablet
nifedipine,36276588,Nifedipine 20 MG Extended Release Oral Capsule [Adalat] Box of 30 by Bayer,Marketed Product,RxNorm Extension,Extended Release Oral Capsule
nifedipine,35146755,Nifedipine 5 MG Extended Release Oral Capsule,Clinical Drug,RxNorm Extension,Extended Release Oral Capsule
nifedipine,41060874,Nifedipine 10 MG Oral Capsule [Nifedipin-ratiopharm] Box of 50,Branded Drug Box,RxNorm Extension,Oral Capsule
nifedipine,40884544,Nifedipine 20 MG Extended Release Oral Tablet Box of 50 by Ratiopharm,Marketed Product,RxNorm Extension,Extended Release Oral Tablet
nifedipine,41155147,Nifedipine 20 MG/ML Oral Solution [Aprical] Box of 1,Branded Drug Box,RxNorm Extension,Oral Solution
nifedipine,35768196,Nifedipine 10 MG Extended Release Oral Capsule Box of 84 by TEVA,Marketed Product,RxNorm Extension,Extended Release Oral Capsule
nifedipine,21025334,Nifedipine 20 MG Extended Release Oral Capsule Box of 60,Clinical Drug Box,RxNorm Extension,Extended Release Oral Capsule
nifedipine,41217564,Nifedipine 20 MG Extended Release Oral Tablet [Nifsigma] Box of 50,Branded Drug Box,RxNorm Extension,Extended Release Oral Tablet
nifedipine,41071565,Nifedipine 20 MG Extended Release Oral Tablet [Nifecor] Box of 30 by Betapharm,Marketed Product,RxNorm Extension,Extended Release Oral Tablet
nifedipine,40946820,Nifedipine 5 MG Oral Capsule [Nifedipin Verla] Box of 30 by Verla,Marketed Product,RxNorm Extension,Oral Capsule
nifedipine,42935143,Nifedipine 40 MG Extended Release Oral Tablet [NIFERON],Branded Drug,RxNorm Extension,Extended Release Oral Tablet
nifedipine,41321300,Nifedipine 20 MG Extended Release Oral Tablet Box of 50 by Dexcel-Pharma,Marketed Product,RxNorm Extension,Extended Release Oral Tablet
nifedipine,41175201,Nifedipine Extended Release Oral Tablet [Nifedipat],Branded Drug Form,RxNorm Extension,Extended Release Oral Tablet
nifedipine,41134363,Nifedipine 30 MG Extended Release Oral Tablet [Nife-Ct] Box of 100 by AbZ-Pharma,Marketed Product,RxNorm Extension,Extended Release Oral Tablet
nifedipine,44088512,Nifedipine 20 MG Extended Release Oral Tablet [Nu-Nifedipine-Pa] by Nu-Pharm,Marketed Product,RxNorm Extension,Extended Release Oral Tablet
nifedipine,2064016,nifedipine 33 MG Extended Release Oral Tablet [Nifelat] by Reyon,Marketed Product,RxNorm Extension,Extended Release Oral Tablet
nifedipine,21123310,Nifedipine 10 MG Extended Release Oral Tablet by Icarus,Marketed Product,RxNorm Extension,Extended Release Oral Tablet
nifedipine,41040280,Nifedipine 5 MG Oral Capsule [Duranifin] Box of 25 by Mylan,Marketed Product,RxNorm Extension,Oral Capsule
labetalol,43256169,Labetalol 100 MG Oral Tablet Box of 100,Clinical Drug Box,RxNorm Extension,Oral Tablet
nifedipine,41228066,Nifedipine 10 MG Oral Capsule [Nifedipin Heumann] Box of 50 by Heumann,Marketed Product,RxNorm Extension,Oral Capsule
nifedipine,41092473,Nifedipine 10 MG Oral Capsule [Aprical] Box of 1000,Branded Drug Box,RxNorm Extension,Oral Capsule
nifedipine,21153011,Nifedipine 10 MG Oral Capsule [Adalat] Box of 50 by Sigma-Tau,Marketed Product,RxNorm Extension,Oral Capsule
nifedipine,21133174,Nifedipine 10 MG Oral Capsule by Boots,Marketed Product,RxNorm Extension,Oral Capsule
nifedipine,21025343,Nifedipine 10 MG Oral Capsule by A A H,Marketed Product,RxNorm Extension,Oral Capsule
nifedipine,40884517,Nifedipine 5 MG Oral Capsule [Nifedipin Stada] Box of 100 by Stada,Marketed Product,RxNorm Extension,Oral Capsule
labetalol,40712562,100 ML Labetalol 5 MG/ML Oral Solution,Quant Clinical Drug,RxNorm Extension,Oral Solution
nifedipine,41186203,Nifedipine 60 MG Oral Tablet [Adalat],Branded Drug,RxNorm Extension,Oral Tablet
nifedipine,41123664,Nifedipine 10 MG Oral Tablet [Dignokonstant] Box of 20,Branded Drug Box,RxNorm Extension,Oral Tablet
nifedipine,41071553,Nifedipine 10 MG Oral Tablet [Corotrend] Box of 50 by Kytta Siegfried,Marketed Product,RxNorm Extension,Oral Tablet
nifedipine,41049951,Nifedipine Oral Tablet [Corotrend],Branded Drug Form,RxNorm Extension,Oral Tablet
nifedipine,40946833,Nifedipine 20 MG Oral Tablet [Nifedipin Pb] Box of 100 by Docpharm,Marketed Product,RxNorm Extension,Oral Tablet
nifedipine,40884499,Nifedipine 60 MG Oral Tablet [Nife-Ct] Box of 50 by AbZ-Pharma,Marketed Product,RxNorm Extension,Oral Tablet
nifedipine,41155123,Nifedipine 60 MG Oral Tablet [Adalat] Box of 100,Branded Drug Box,RxNorm Extension,Oral Tablet
nifedipine,41134375,Nifedipine 20 MG Oral Tablet [Nife 1a Pharma] Box of 100 by 1 A,Marketed Product,RxNorm Extension,Oral Tablet
nifedipine,40821286,Nifedipine 20 MG Oral Tablet [Adalat] Box of 50 by Bonapharma,Marketed Product,RxNorm Extension,Oral Tablet
nifedipine,40936245,Nifedipine 20 MG Oral Tablet [Nife] Box of 100,Branded Drug Box,RxNorm Extension,Oral Tablet
nifedipine,40936188,Nifedipine 10 MG Oral Tablet [Mtw Nifedipin],Branded Drug,RxNorm Extension,Oral Tablet
nifedipine,40915484,Nifedipine 20 MG Oral Tablet [Nifedipin Pb] Box of 30 by Docpharm,Marketed Product,RxNorm Extension,Oral Tablet
labetalol,21174116,Labetalol 100 MG Oral Tablet Box of 56 by Actavis,Marketed Product,RxNorm Extension,Oral Tablet
nifedipine,41165629,Nifedipine 20 MG Oral Tablet [Nife Wolff] Box of 100 by Wolff Bielefeld,Marketed Product,RxNorm Extension,Oral Tablet
nifedipine,41196995,Nifedipine 10 MG Oral Tablet [Pidilat] Box of 50 by Mylan,Marketed Product,RxNorm Extension,Oral Tablet
nifedipine,40956437,Nifedipine Oral Tablet [Nifedipat],Branded Drug Form,RxNorm Extension,Oral Tablet
nifedipine,35751466,Nifedipine 30 MG Delayed Release Oral Tablet [Adanif XL] by Focus,Marketed Product,RxNorm Extension,Delayed Release Oral Tablet
nifedipine,21153008,Nifedipine 10 MG Oral Capsule by TEVA,Marketed Product,RxNorm Extension,Oral Capsule
nifedipine,21113699,Nifedipine 20 MG Extended Release Oral Tablet [Hypolar] by Sandoz,Marketed Product,RxNorm Extension,Extended Release Oral Tablet
nifedipine,35745619,Nifedipine 10 MG Extended Release Oral Capsule Box of 50,Clinical Drug Box,RxNorm Extension,Extended Release Oral Capsule
nifedipine,21175693,1 ML Nifedipine 2 MG/ML Oral Suspension,Quant Clinical Drug,RxNorm Extension,Oral Suspension
nifedipine,35755687,Nifedipine 10 MG Extended Release Oral Capsule [Adalat] by Waymade,Marketed Product,RxNorm Extension,Extended Release Oral Capsule
nifedipine,35776223,1 ML Nifedipine 0.2 MG/ML Oral Solution,Quant Clinical Drug,RxNorm Extension,Oral Solution
nifedipine,41389055,30 ML Nifedipine 20 MG/ML Oral Solution [Duranifin] Box of 1,Quant Branded Box,RxNorm Extension,Oral Solution
nifedipine,43675580,Nifedipine 30 MG Extended Release Oral Tablet [Nifehexal],Branded Drug,RxNorm Extension,Extended Release Oral Tablet
nifedipine,35155663,Nifedipine 20 MG Extended Release Oral Tablet [Siopelmin-L],Branded Drug,RxNorm Extension,Extended Release Oral Tablet
nifedipine,21162882,Nifedipine 10 MG Extended Release Oral Tablet Box of 56,Clinical Drug Box,RxNorm Extension,Extended Release Oral Tablet
nifedipine,41258891,Nifedipine 20 MG Extended Release Oral Tablet [Nifeclair] Box of 100 by Hennig,Marketed Product,RxNorm Extension,Extended Release Oral Tablet
nifedipine,40967387,Nifedipine 20 MG Extended Release Oral Tablet [Adalat] Box of 98,Branded Drug Box,RxNorm Extension,Extended Release Oral Tablet
nifedipine,36270391,Nifedipine 30 MG Extended Release Oral Capsule [NIFEDIPINE EG] Box of 98,Branded Drug Box,RxNorm Extension,Extended Release Oral Capsule
nifedipine,43278426,Nifedipine 20 MG Extended Release Oral Tablet [Adalat] Box of 30,Branded Drug Box,RxNorm Extension,Extended Release Oral Tablet
nifedipine,41217505,Nifedipine 40 MG Extended Release Oral Tablet [Nifecor] Box of 50,Branded Drug Box,RxNorm Extension,Extended Release Oral Tablet
nifedipine,40967385,Nifedipine 20 MG Extended Release Oral Tablet [Adalate] Box of 100,Branded Drug Box,RxNorm Extension,Extended Release Oral Tablet
nifedipine,21123307,Nifedipine 20 MG Extended Release Oral Tablet [Adalat] Box of 60,Branded Drug Box,RxNorm Extension,Extended Release Oral Tablet
nifedipine,36812075,Nifedipine 60 MG Extended Release Oral Tablet [Adanif XL] by AMCo,Marketed Product,RxNorm Extension,Extended Release Oral Tablet
nifedipine,41209871,Nifedipine 10 MG Extended Release Oral Tablet Box of 100,Clinical Drug Box,RxNorm Extension,Extended Release Oral Tablet
nifedipine,41155172,Nifedipine 20 MG Extended Release Oral Tablet [Nife Isis] Box of 100,Branded Drug Box,RxNorm Extension,Extended Release Oral Tablet
nifedipine,40725763,Nifedipine 60 MG Extended Release Oral Tablet [Adalat LA] Box of 28 by Sigma,Marketed Product,RxNorm Extension,Extended Release Oral Tablet
nifedipine,41081414,Nifedipine Extended Release Oral Tablet [Nifedipin Al],Branded Drug Form,RxNorm Extension,Extended Release Oral Tablet
nifedipine,41310651,Nifedipine 5 MG Oral Capsule [Pidilat] Box of 400,Branded Drug Box,RxNorm Extension,Oral Capsule
nifedipine,41071547,Nifedipine 10 MG Oral Capsule [Nifedipin Al] Box of 50 by Aliud,Marketed Product,RxNorm Extension,Oral Capsule
nifedipine,2926277,nifedipine 20 MG Extended Release Oral Tablet [ADALAT OROS],Branded Drug,RxNorm Extension,Extended Release Oral Tablet
nifedipine,35887744,nifedipine 60 MG Extended Release Oral Tablet [Slofedipine XL],Branded Drug,RxNorm Extension,Extended Release Oral Tablet
labetalol,21066075,Labetalol 200 MG Oral Tablet [Trandate] Box of 250 by Focus,Marketed Product,RxNorm Extension,Oral Tablet
nifedipine,41217536,Nifedipine 10 MG Oral Capsule [Leka] Box of 30,Branded Drug Box,RxNorm Extension,Oral Capsule
nifedipine,41102949,Nifedipine 10 MG Oral Capsule [Nifedipin Heumann] Box of 100 by Heumann,Marketed Product,RxNorm Extension,Oral Capsule
nifedipine,40998738,Nifedipine 20 MG Oral Capsule [Nife Isis] Box of 50,Branded Drug Box,RxNorm Extension,Oral Capsule
nifedipine,35140339,Nifedipine 10 MG Oral Tablet [Ramitalate],Branded Drug,RxNorm Extension,Oral Tablet
nifedipine,35868165,nifedipine 5 MG Oral Tablet,Clinical Drug,RxNorm Extension,Oral Tablet
nifedipine,40831766,Nifedipine Oral Capsule [Nife Isis],Branded Drug Form,RxNorm Extension,Oral Capsule
nifedipine,41228058,Nifedipine 60 MG Oral Tablet Box of 50 by Ratiopharm,Marketed Product,RxNorm Extension,Oral Tablet
nifedipine,21153030,Nifedipine 20 MG/ML Oral Solution [Nifedipin-ratiopharm],Branded Drug,RxNorm Extension,Oral Solution
nifedipine,41029743,Nifedipine 20 MG Oral Tablet [Nifsigma] Box of 50,Branded Drug Box,RxNorm Extension,Oral Tablet
nifedipine,40977819,Nifedipine 20 MG Oral Tablet [Nifecor] Box of 50 by 3M,Marketed Product,RxNorm Extension,Oral Tablet
nifedipine,41387758,30 ML Nifedipine 20 MG/ML Oral Solution [Aprical] Box of 1 by Shire,Marketed Product,RxNorm Extension,Oral Solution
nifedipine,40835001,Nifedipine 10 MG Oral Tablet Box of 1000,Clinical Drug Box,RxNorm Extension,Oral Tablet
nifedipine,40866138,Nifedipine 10 MG/ML Oral Solution Box of 1,Clinical Drug Box,RxNorm Extension,Oral Solution
nifedipine,43845125,30 ML Nifedipine 20 MG/ML Oral Solution Box of 30,Quant Clinical Box,RxNorm Extension,Oral Solution
nifedipine,43747148,Nifedipine 20 MG/ML Oral Solution Box of 100,Clinical Drug Box,RxNorm Extension,Oral Solution
nifedipine,40967333,Nifedipine 60 MG Oral Tablet [Nifedipin Basics],Branded Drug,RxNorm Extension,Oral Tablet
nifedipine,41123710,Nifedipine 20 MG Oral Tablet [Jutadilat] Box of 30,Branded Drug Box,RxNorm Extension,Oral Tablet
labetalol,35887044,labetalol 100 MG Oral Tablet by Medihealth,Marketed Product,RxNorm Extension,Oral Tablet
nifedipine,41310680,Nifedipine 20 MG Oral Tablet [Nifedipin Al],Branded Drug,RxNorm Extension,Oral Tablet
nifedipine,41155175,Nifedipine 20 MG Oral Tablet [Nife-Ct] Box of 30,Branded Drug Box,RxNorm Extension,Oral Tablet
nifedipine,40967381,Nifedipine 20 MG Oral Tablet [Nifeclair] Box of 100,Branded Drug Box,RxNorm Extension,Oral Tablet
nifedipine,41289995,Nifedipine 20 MG Oral Tablet [Pidilat] Box of 50 by Mylan,Marketed Product,RxNorm Extension,Oral Tablet
nifedipine,41018678,Nifedipine Oral Tablet [Nife],Branded Drug Form,RxNorm Extension,Oral Tablet
nifedipine,35759811,Nifedipine 30 MG Delayed Release Oral Tablet [Adalat LA] Box of 14 by Mawdsley-Brooks,Marketed Product,RxNorm Extension,Delayed Release Oral Tablet
nifedipine,36783382,Nifedipine 40 MG Extended Release Oral Tablet [Hypan] Box of 56 by Takeda,Marketed Product,RxNorm Extension,Extended Release Oral Tablet
nifedipine,21113709,Nifedipine 10 MG Extended Release Oral Tablet by DE,Marketed Product,RxNorm Extension,Extended Release Oral Tablet
labetalol,21046500,Labetalol 100 MG Oral Tablet by DE,Marketed Product,RxNorm Extension,Oral Tablet
nifedipine,21074552,Nifedipine 20 MG Extended Release Oral Tablet [Hypolar] Box of 56 by Sandoz,Marketed Product,RxNorm Extension,Extended Release Oral Tablet
nifedipine,40956435,Nifedipine Extended Release Oral Capsule [Tp Mtk],Branded Drug Form,RxNorm Extension,Extended Release Oral Capsule
nifedipine,2064028,nifedipine Extended Release Oral Tablet [NIFEDSOL],Branded Drug Form,RxNorm Extension,Extended Release Oral Tablet
nifedipine,41228081,Nifedipine 5 MG Oral Capsule Box of 100 by GDS,Marketed Product,RxNorm Extension,Oral Capsule
nifedipine,21074565,Nifedipine 30 MG Extended Release Oral Capsule [Coracten XL] Box of 28,Branded Drug Box,RxNorm Extension,Extended Release Oral Capsule
nifedipine,43801091,Nifedipine 20 MG Extended Release Oral Capsule [Nifedipin Stada],Branded Drug,RxNorm Extension,Extended Release Oral Capsule
nifedipine,21175691,1 ML Nifedipine 0.4 MG/ML Oral Suspension,Quant Clinical Drug,RxNorm Extension,Oral Suspension
nifedipine,21133187,Nifedipine 30 MG Extended Release Oral Tablet [Valni] Box of 28 by Zentiva,Marketed Product,RxNorm Extension,Extended Release Oral Tablet
nifedipine,42935147,Nifedipine 33 MG Extended Release Oral Tablet,Clinical Drug,RxNorm Extension,Extended Release Oral Tablet
nifedipine,43639364,Nifedipine 20 MG Extended Release Oral Capsule [Nifedipin Al] by Aliud,Marketed Product,RxNorm Extension,Extended Release Oral Capsule
nifedipine,41197009,Nifedipine 20 MG Extended Release Oral Capsule [Nifedipin Sandoz] Box of 30 by Novartis,Marketed Product,RxNorm Extension,Extended Release Oral Capsule
nifedipine,40904966,Nifedipine 20 MG Extended Release Oral Tablet [Corotrend],Branded Drug,RxNorm Extension,Extended Release Oral Tablet
nifedipine,40853295,Nifedipine 20 MG Extended Release Oral Capsule [Jedipin] Box of 50 by Mibe,Marketed Product,RxNorm Extension,Extended Release Oral Capsule
nifedipine,36262712,Nifedipine 20 MG Extended Release Oral Capsule [Adalat] Box of 30,Branded Drug Box,RxNorm Extension,Extended Release Oral Capsule
nifedipine,44062929,Nifedipine 5 MG Oral Capsule by AA,Marketed Product,RxNorm Extension,Oral Capsule
nifedipine,21054769,Nifedipine 10 MG Extended Release Oral Capsule Box of 60,Clinical Drug Box,RxNorm Extension,Extended Release Oral Capsule
nifedipine,40915478,Nifedipine 20 MG Extended Release Oral Capsule [Nifedipin Al] Box of 30 by Aliud,Marketed Product,RxNorm Extension,Extended Release Oral Capsule
nifedipine,41268653,Nifedipine Oral Capsule [Nifedipin Al],Branded Drug Form,RxNorm Extension,Oral Capsule
nifedipine,41248572,Nifedipine 10 MG Oral Capsule [Cordicant] Box of 100,Branded Drug Box,RxNorm Extension,Oral Capsule
nifedipine,41258853,Nifedipine 10 MG Extended Release Oral Tablet [Pidilat] Box of 100 by Mylan,Marketed Product,RxNorm Extension,Extended Release Oral Tablet
nifedipine,41021847,Nifedipine 0.667 MG/ML Oral Solution Box of 2,Clinical Drug Box,RxNorm Extension,Oral Solution
nifedipine,36953985,nifedipine 10 MG Oral Capsule by Viatris Healthcare,Marketed Product,RxNorm Extension,Oral Capsule
nifedipine,41197013,Nifedipine 20 MG Extended Release Oral Tablet [Nifical] Box of 50 by Sanofi,Marketed Product,RxNorm Extension,Extended Release Oral Tablet
nifedipine,21048069,1 ML Nifedipine 20 MG/ML Oral Suspension,Quant Clinical Drug,RxNorm Extension,Oral Suspension
nifedipine,40884523,Nifedipine 30 MG Extended Release Oral Tablet Box of 30 by Ratiopharm,Marketed Product,RxNorm Extension,Extended Release Oral Tablet
nifedipine,41134342,Nifedipine 10 MG Extended Release Oral Tablet [Nifedipin Verla] Box of 100 by Verla,Marketed Product,RxNorm Extension,Extended Release Oral Tablet
nifedipine,40936186,Nifedipine 10 MG Extended Release Oral Tablet [Nifical] Box of 20,Branded Drug Box,RxNorm Extension,Extended Release Oral Tablet
nifedipine,41321278,Nifedipine 5 MG Oral Capsule [Adalat] Box of 100 by Bayer,Marketed Product,RxNorm Extension,Oral Capsule
nifedipine,41258861,Nifedipine 10 MG Oral Capsule [Nifedipin Sandoz] Box of 30 by Novartis,Marketed Product,RxNorm Extension,Oral Capsule
nifedipine,40842823,Nifedipine 20 MG Extended Release Oral Tablet [Nifedipin Al],Branded Drug,RxNorm Extension,Extended Release Oral Tablet
nifedipine,41134350,Nifedipine 10 MG Oral Capsule [Nife Wolff] Box of 100 by Wolff Bielefeld,Marketed Product,RxNorm Extension,Oral Capsule
nifedipine,41040291,Nifedipine 20 MG Extended Release Oral Tablet [Adalat] Box of 100 by Kohlpharma,Marketed Product,RxNorm Extension,Extended Release Oral Tablet
nifedipine,40998726,Nifedipine 20 MG Extended Release Oral Tablet [Nifecor] Box of 50,Branded Drug Box,RxNorm Extension,Extended Release Oral Tablet
nifedipine,40725320,Nifedipine 30 MG Extended Release Oral Tablet [Adalat LA] by Necessity Supplies,Marketed Product,RxNorm Extension,Extended Release Oral Tablet
labetalol,21085737,Labetalol 400 MG Oral Tablet [Trandate] by Focus,Marketed Product,RxNorm Extension,Oral Tablet
nifedipine,41123714,Nifedipine 20 MG Oral Capsule [Aprical] Box of 100,Branded Drug Box,RxNorm Extension,Oral Capsule
nifedipine,41040272,Nifedipine 10 MG Oral Capsule [Cordicant] Box of 50 by Mundipharma,Marketed Product,RxNorm Extension,Oral Capsule
nifedipine,40915458,Nifedipine 10 MG Oral Capsule [Corotrend] Box of 50 by Kytta Siegfried,Marketed Product,RxNorm Extension,Oral Capsule
nifedipine,21093963,Nifedipine 20 MG Extended Release Oral Tablet [Adalat LA] Box of 28 by Sigma-Tau,Marketed Product,RxNorm Extension,Extended Release Oral Tablet
nifedipine,21172616,Nifedipine 10 MG Extended Release Oral Tablet [Tensipine MR] Box of 56,Branded Drug Box,RxNorm Extension,Extended Release Oral Tablet
nifedipine,21054758,Nifedipine Extended Release Oral Tablet [Nifedipress MR],Branded Drug Form,RxNorm Extension,Extended Release Oral Tablet
nifedipine,40936249,Nifedipine 20 MG Oral Capsule [Duranifin] Box of 50,Branded Drug Box,RxNorm Extension,Oral Capsule
nifedipine,41029736,Nifedipine 20 MG/ML Oral Solution [Nifical],Branded Drug,RxNorm Extension,Oral Solution
nifedipine,41009157,Nifedipine 10 MG Oral Capsule [Nifedipin Al] Box of 20 by Aliud,Marketed Product,RxNorm Extension,Oral Capsule
nifedipine,41155170,Nifedipine 20 MG Oral Tablet [Nifecor] Box of 50,Branded Drug Box,RxNorm Extension,Oral Tablet
nifedipine,41123673,Nifedipine 10 MG Oral Tablet [Nifedipin Basics] Box of 50,Branded Drug Box,RxNorm Extension,Oral Tablet
nifedipine,41123659,Nifedipine 10 MG Oral Tablet [Nifedipin Verla] Box of 20,Branded Drug Box,RxNorm Extension,Oral Tablet
nifedipine,41060917,Nifedipine 20 MG Oral Tablet [Nife Isis] Box of 50,Branded Drug Box,RxNorm Extension,Oral Tablet
nifedipine,40884525,Nifedipine 50 MG Oral Tablet [Corinfar] Box of 20 by TEVA,Marketed Product,RxNorm Extension,Oral Tablet
labetalol,36958252,labetalol 400 MG Oral Tablet [Trandate],Branded Drug,RxNorm Extension,Oral Tablet
nifedipine,41186189,Nifedipine 40 MG Oral Tablet [Nifedipin Sandoz] Box of 100,Branded Drug Box,RxNorm Extension,Oral Tablet
nifedipine,40884515,Nifedipine 10 MG Oral Tablet [Corotrend] Box of 30 by Kytta Siegfried,Marketed Product,RxNorm Extension,Oral Tablet
nifedipine,43261976,Nifedipine 10 MG Oral Tablet [Nypine] Box of 60,Branded Drug Box,RxNorm Extension,Oral Tablet
nifedipine,41268649,Nifedipine Oral Tablet [Corosten],Branded Drug Form,RxNorm Extension,Oral Tablet
nifedipine,40990862,Nifedipine 40 MG Oral Tablet,Clinical Drug,RxNorm Extension,Oral Tablet
nifedipine,43283769,Nifedipine 10 MG Oral Tablet [Adefin] Box of 60,Branded Drug Box,RxNorm Extension,Oral Tablet
nifedipine,41310690,Nifedipine 20 MG Oral Tablet [Adalat] Box of 400,Branded Drug Box,RxNorm Extension,Oral Tablet
nifedipine,41258873,Nifedipine 10 MG Oral Tablet [Corotrend] Box of 100 by Kytta Siegfried,Marketed Product,RxNorm Extension,Oral Tablet
nifedipine,40884500,Nifedipine 10 MG Oral Tablet [Nifedipin Verla] Box of 30 by Verla,Marketed Product,RxNorm Extension,Oral Tablet
nifedipine,43195622,Nifedipine 30 MG Delayed Release Oral Tablet Box of 30,Clinical Drug Box,RxNorm Extension,Delayed Release Oral Tablet
labetalol,35771866,Labetalol 200 MG Delayed Release Oral Tablet by Sandoz,Marketed Product,RxNorm Extension,Delayed Release Oral Tablet
nifedipine,21162883,Nifedipine 10 MG Extended Release Oral Tablet [Adipin] Box of 56,Branded Drug Box,RxNorm Extension,Extended Release Oral Tablet
nifedipine,21113722,Nifedipine 60 MG Extended Release Oral Tablet [Adalat LA] Box of 28 by Waymade,Marketed Product,RxNorm Extension,Extended Release Oral Tablet
nifedipine,21064639,Nifedipine 60 MG Extended Release Oral Tablet [Slofedipine XL] Box of 28,Branded Drug Box,RxNorm Extension,Extended Release Oral Tablet
nifedipine,40884526,Nifedipine 20 MG Extended Release Oral Capsule [Nifedipin Stada] Box of 50 by Stada,Marketed Product,RxNorm Extension,Extended Release Oral Capsule
nifedipine,36119641,nifedipine 20 MG Extended Release Oral Tablet [Dexipress] Box of 56,Branded Drug Box,RxNorm Extension,Extended Release Oral Tablet
nifedipine,21025338,Nifedipine 20 MG Extended Release Oral Tablet Box of 56 by J M McGill,Marketed Product,RxNorm Extension,Extended Release Oral Tablet
nifedipine,41060902,Nifedipine 20 MG Extended Release Oral Capsule [Tp Mtk] Box of 100,Branded Drug Box,RxNorm Extension,Extended Release Oral Capsule
nifedipine,41134343,Nifedipine 10 MG Extended Release Oral Tablet [Nifecor] Box of 100 by 3M,Marketed Product,RxNorm Extension,Extended Release Oral Tablet
nifedipine,40936230,Nifedipine 20 MG Extended Release Oral Capsule [Coracten] Box of 100,Branded Drug Box,RxNorm Extension,Extended Release Oral Capsule
nifedipine,40884522,Nifedipine 30 MG Extended Release Oral Tablet [Nifedipin Stada] Box of 50 by Stada,Marketed Product,RxNorm Extension,Extended Release Oral Tablet
nifedipine,40725304,Nifedipine 20 MG Extended Release Oral Tablet Box of 56 by Kent,Marketed Product,RxNorm Extension,Extended Release Oral Tablet
nifedipine,40884528,Nifedipine 20 MG Extended Release Oral Capsule [Nifedipat] Box of 100 by Azupharma,Marketed Product,RxNorm Extension,Extended Release Oral Capsule
nifedipine,41289963,Nifedipine 40 MG Extended Release Oral Tablet [Nifedipin Stada] Box of 100 by Stada,Marketed Product,RxNorm Extension,Extended Release Oral Tablet
nifedipine,41186256,Nifedipine 20 MG Extended Release Oral Tablet [Nife Wolff],Branded Drug,RxNorm Extension,Extended Release Oral Tablet
nifedipine,41009159,Nifedipine 10 MG Oral Capsule [Leka] Box of 50 by Woerwag,Marketed Product,RxNorm Extension,Oral Capsule
nifedipine,21152996,Nifedipine 20 MG Extended Release Oral Tablet [Tensipine MR] Box of 56 by Genus,Marketed Product,RxNorm Extension,Extended Release Oral Tablet
nifedipine,43693310,Nifedipine 40 MG Extended Release Oral Tablet [Nifedipin Stada] by Stada,Marketed Product,RxNorm Extension,Extended Release Oral Tablet
nifedipine,44082596,Nifedipine Oral Capsule [Novo-Nifedin],Branded Drug Form,RxNorm Extension,Oral Capsule
nifedipine,43272971,Nifedipine 20 MG Oral Tablet Box of 60 by Terry White Chemists,Marketed Product,RxNorm Extension,Oral Tablet
nifedipine,41217576,Nifedipine 20 MG Extended Release Oral Tablet [Nife-Ct] Box of 100,Branded Drug Box,RxNorm Extension,Extended Release Oral Tablet
nifedipine,41092501,Nifedipine 20 MG Extended Release Oral Tablet [Mtw Nifedipin] Box of 50,Branded Drug Box,RxNorm Extension,Extended Release Oral Tablet
nifedipine,41123682,Nifedipine 5 MG Oral Capsule [Nife Wolff] Box of 100,Branded Drug Box,RxNorm Extension,Oral Capsule
nifedipine,35887771,nifedipine 10 MG Oral Capsule by Medihealth,Marketed Product,RxNorm Extension,Oral Capsule
nifedipine,40853313,Nifedipine 20 MG Extended Release Oral Tablet [Adalat] Box of 30 by Mtk,Marketed Product,RxNorm Extension,Extended Release Oral Tablet
nifedipine,41289988,Nifedipine 5 MG Oral Capsule Box of 30 by Ratiopharm,Marketed Product,RxNorm Extension,Oral Capsule
nifedipine,41165601,Nifedipine 10 MG Oral Capsule [Nifedipin Verla] Box of 50 by Verla,Marketed Product,RxNorm Extension,Oral Capsule
nifedipine,21123320,Nifedipine 60 MG Extended Release Oral Tablet [Slofedipine XL] by Zentiva,Marketed Product,RxNorm Extension,Extended Release Oral Tablet
nifedipine,21093960,Nifedipine 20 MG Extended Release Oral Tablet [Angiopine MR] Box of 56,Branded Drug Box,RxNorm Extension,Extended Release Oral Tablet
nifedipine,21123312,Nifedipine 10 MG Extended Release Oral Tablet Box of 56 by Mawdsley-Brooks,Marketed Product,RxNorm Extension,Extended Release Oral Tablet
nifedipine,21143130,Nifedipine 30 MG Extended Release Oral Tablet by A A H,Marketed Product,RxNorm Extension,Extended Release Oral Tablet
nifedipine,43283770,Nifedipine 20 MG Oral Tablet [Adefin] Box of 60,Branded Drug Box,RxNorm Extension,Oral Tablet
nifedipine,40998693,Nifedipine 10 MG Oral Capsule [Nifecor],Branded Drug,RxNorm Extension,Oral Capsule
nifedipine,40936193,Nifedipine 10 MG Oral Capsule [Nifelat] Box of 20,Branded Drug Box,RxNorm Extension,Oral Capsule
nifedipine,43206504,Nifedipine 10 MG Oral Capsule Box of 30,Clinical Drug Box,RxNorm Extension,Oral Capsule
nifedipine,41258857,Nifedipine 10 MG Oral Tablet [Dignokonstant] Box of 20 by Daiichi Sankyo,Marketed Product,RxNorm Extension,Oral Tablet
labetalol,35887043,labetalol 100 MG Oral Tablet Box of 56 by Medihealth,Marketed Product,RxNorm Extension,Oral Tablet
nifedipine,40904934,Nifedipine 5 MG Oral Capsule [Pidilat] Box of 100,Branded Drug Box,RxNorm Extension,Oral Capsule
nifedipine,40853285,Nifedipine 10 MG Oral Capsule [Adalat] Box of 50 by Aca Mueller,Marketed Product,RxNorm Extension,Oral Capsule
nifedipine,41175197,Nifedipine Oral Tablet [Tp Mpa],Branded Drug Form,RxNorm Extension,Oral Tablet
nifedipine,41060858,Nifedipine 40 MG Oral Tablet [Nifehexal] Box of 30,Branded Drug Box,RxNorm Extension,Oral Tablet
nifedipine,40967336,Nifedipine 60 MG Oral Tablet [Adalat] Box of 30,Branded Drug Box,RxNorm Extension,Oral Tablet
nifedipine,41386337,30 ML Nifedipine 0.667 MG/ML Oral Solution [Corinfar] Box of 1 by TEVA,Marketed Product,RxNorm Extension,Oral Solution
nifedipine,43793424,100 ML Nifedipine 20 MG/ML Oral Solution [Nifedipin-ratiopharm] Box of 100,Quant Branded Box,RxNorm Extension,Oral Solution
labetalol,35897862,labetalol 200 MG Oral Tablet by Accord,Marketed Product,RxNorm Extension,Oral Tablet
nifedipine,35140854,Nifedipine 10 MG Oral Tablet [Casanmil],Branded Drug,RxNorm Extension,Oral Tablet
labetalol,44037127,Labetalol 100 MG Oral Tablet [Apo-Labetalol] by Apotex,Marketed Product,RxNorm Extension,Oral Tablet
nifedipine,41155127,Nifedipine 10 MG Oral Tablet [Nifedipin Verla] Box of 30,Branded Drug Box,RxNorm Extension,Oral Tablet
nifedipine,41029715,Nifedipine 60 MG Oral Tablet [Adalat] Box of 28,Branded Drug Box,RxNorm Extension,Oral Tablet
nifedipine,40863018,Nifedipine Oral Tablet [Nifeclair],Branded Drug Form,RxNorm Extension,Oral Tablet
nifedipine,41217572,Nifedipine 20 MG Oral Tablet [Nifedipin 1a Pharma] Box of 50,Branded Drug Box,RxNorm Extension,Oral Tablet
nifedipine,41186227,Nifedipine 10 MG Oral Tablet [Corotrend] Box of 50,Branded Drug Box,RxNorm Extension,Oral Tablet
labetalol,35755094,Labetalol 200 MG Delayed Release Oral Tablet Box of 56 by Mylan,Marketed Product,RxNorm Extension,Delayed Release Oral Tablet
labetalol,41000213,Labetalol 200 MG Delayed Release Oral Tablet [Trandate] Box of 250,Branded Drug Box,RxNorm Extension,Delayed Release Oral Tablet
nifedipine,35156155,Nifedipine 10 MG/ML Oral Granules [Sepamit],Branded Drug,RxNorm Extension,Oral Granules
labetalol,21076012,Labetalol 200 MG Oral Tablet by Actavis,Marketed Product,RxNorm Extension,Oral Tablet
nifedipine,21153018,Nifedipine 10 MG Extended Release Oral Tablet [Adipin] by Chiesi,Marketed Product,RxNorm Extension,Extended Release Oral Tablet
nifedipine,21143141,Nifedipine 60 MG Extended Release Oral Tablet [Adalat LA] by DE,Marketed Product,RxNorm Extension,Extended Release Oral Tablet
nifedipine,21103911,Nifedipine 20 MG Extended Release Oral Tablet [Adalat] Box of 60 by DE,Marketed Product,RxNorm Extension,Extended Release Oral Tablet
labetalol,21107056,1 ML Labetalol 5 MG/ML Oral Suspension,Quant Clinical Drug,RxNorm Extension,Oral Suspension
nifedipine,41217549,Nifedipine 5 MG Oral Capsule [Corotrend] Box of 1000,Branded Drug Box,RxNorm Extension,Oral Capsule
nifedipine,41040262,Nifedipine 60 MG Extended Release Oral Tablet [Aprical] Box of 50 by Amdipharm,Marketed Product,RxNorm Extension,Extended Release Oral Tablet
nifedipine,21162868,Nifedipine Extended Release Oral Tablet [Hypolar],Branded Drug Form,RxNorm Extension,Extended Release Oral Tablet
nifedipine,21133173,Nifedipine 10 MG Oral Capsule by Co-Pharma,Marketed Product,RxNorm Extension,Oral Capsule
nifedipine,21172613,Nifedipine 10 MG Extended Release Oral Capsule [Coracten SR] Box of 60,Branded Drug Box,RxNorm Extension,Extended Release Oral Capsule
nifedipine,36966404,nifedipine 10 MG Extended Release Oral Capsule Box of 84 by Pharma Strides,Marketed Product,RxNorm Extension,Extended Release Oral Capsule
nifedipine,41102966,Nifedipine 5 MG Oral Capsule Box of 100 by Berlin-Chemie,Marketed Product,RxNorm Extension,Oral Capsule
nifedipine,41060887,Nifedipine 5 MG Oral Capsule [Nifehexal] Box of 50,Branded Drug Box,RxNorm Extension,Oral Capsule
nifedipine,41029750,Nifedipine 20 MG Extended Release Oral Tablet [Duranifin] Box of 98,Branded Drug Box,RxNorm Extension,Extended Release Oral Tablet
nifedipine,21172606,Nifedipine 20 MG Extended Release Oral Tablet [Adalat] by Sigma-Tau,Marketed Product,RxNorm Extension,Extended Release Oral Tablet
nifedipine,40853279,Nifedipine 10 MG Oral Capsule [Nifedipin Heumann] Box of 500 by Heumann,Marketed Product,RxNorm Extension,Oral Capsule
nifedipine,43217493,Nifedipine 20 MG Extended Release Oral Tablet [NIFEDIPINE RPG] Box of 60,Branded Drug Box,RxNorm Extension,Extended Release Oral Tablet
nifedipine,41268648,Nifedipine Extended Release Oral Tablet [Nifedipin Verla],Branded Drug Form,RxNorm Extension,Extended Release Oral Tablet
nifedipine,41123663,Nifedipine 10 MG Extended Release Oral Tablet [Nife Basf],Branded Drug,RxNorm Extension,Extended Release Oral Tablet
nifedipine,40904908,Nifedipine 60 MG Extended Release Oral Tablet [Nifedipin Stada] Box of 50,Branded Drug Box,RxNorm Extension,Extended Release Oral Tablet
nifedipine,40874001,Nifedipine 10 MG Extended Release Oral Tablet [Corotrend] Box of 50,Branded Drug Box,RxNorm Extension,Extended Release Oral Tablet
nifedipine,41197012,Nifedipine 20 MG Extended Release Oral Tablet [Cordicant] Box of 50 by Mundipharma,Marketed Product,RxNorm Extension,Extended Release Oral Tablet
nifedipine,41321295,Nifedipine 20 MG Extended Release Oral Tablet [Dignokonstant] Box of 100 by Daiichi Sankyo,Marketed Product,RxNorm Extension,Extended Release Oral Tablet
nifedipine,41310621,Nifedipine 40 MG Extended Release Oral Tablet [Nifehexal] Box of 50,Branded Drug Box,RxNorm Extension,Extended Release Oral Tablet
nifedipine,41092493,Nifedipine 20 MG Extended Release Oral Tablet [Nifreal] Box of 100,Branded Drug Box,RxNorm Extension,Extended Release Oral Tablet
nifedipine,41092492,Nifedipine 20 MG Extended Release Oral Tablet [Pidilat] Box of 400,Branded Drug Box,RxNorm Extension,Extended Release Oral Tablet
nifedipine,40990869,Nifedipine 20 MG Extended Release Oral Tablet Box of 250,Clinical Drug Box,RxNorm Extension,Extended Release Oral Tablet
nifedipine,40897312,Nifedipine 10 MG Extended Release Oral Tablet Box of 8000,Clinical Drug Box,RxNorm Extension,Extended Release Oral Tablet
nifedipine,44098886,Nifedipine 10 MG Extended Release Oral Tablet [Nu-Nifedipine-Pa],Branded Drug,RxNorm Extension,Extended Release Oral Tablet
nifedipine,21084228,Nifedipine 20 MG Extended Release Oral Tablet [Adalat] by Waymade,Marketed Product,RxNorm Extension,Extended Release Oral Tablet
nifedipine,21074569,Nifedipine 30 MG Extended Release Oral Tablet [Adalat LA],Branded Drug,RxNorm Extension,Extended Release Oral Tablet
nifedipine,21035113,Nifedipine 60 MG Extended Release Oral Tablet [Adipin],Branded Drug,RxNorm Extension,Extended Release Oral Tablet
nifedipine,40874040,Nifedipine 20 MG Extended Release Oral Tablet [Duranifin] Box of 30,Branded Drug Box,RxNorm Extension,Extended Release Oral Tablet
nifedipine,44101510,Nifedipine 5 MG Oral Capsule [Adalat] by Miles,Marketed Product,RxNorm Extension,Oral Capsule
nifedipine,41387640,30 ML Nifedipine 20 MG/ML Oral Solution [Nifecor] Box of 1,Quant Branded Box,RxNorm Extension,Oral Solution
nifedipine,41289987,Nifedipine 5 MG Oral Capsule [Adalat] Box of 84 by Bayer,Marketed Product,RxNorm Extension,Oral Capsule
nifedipine,40946814,Nifedipine 10 MG Oral Capsule [Nife Isis] Box of 100 by Puren,Marketed Product,RxNorm Extension,Oral Capsule
nifedipine,41279338,Nifedipine 10 MG Oral Capsule [Nifedipin Stada] Box of 20,Branded Drug Box,RxNorm Extension,Oral Capsule
nifedipine,41197006,Nifedipine 5 MG Oral Capsule Box of 100 by AbZ-Pharma,Marketed Product,RxNorm Extension,Oral Capsule
nifedipine,40884521,Nifedipine 5 MG Oral Capsule [Cordicant] Box of 20 by Mundipharma,Marketed Product,RxNorm Extension,Oral Capsule
nifedipine,40998706,Nifedipine 10 MG/ML Oral Solution [Dignokonstant],Branded Drug,RxNorm Extension,Oral Solution
nifedipine,35132101,Nifedipine 10 MG Oral Tablet by Tsuruhara Seiyaku,Marketed Product,RxNorm Extension,Oral Tablet
nifedipine,21123323,Nifedipine 5 MG Oral Capsule Box of 84 by Ivax,Marketed Product,RxNorm Extension,Oral Capsule
nifedipine,41206758,Nifedipine Oral Solution [Dignokonstant],Branded Drug Form,RxNorm Extension,Oral Solution
nifedipine,41186188,Nifedipine 40 MG Oral Tablet [Nifedipin Stada] Box of 100,Branded Drug Box,RxNorm Extension,Oral Tablet
nifedipine,41389354,30 ML Nifedipine 20 MG/ML Oral Solution [Pidilat] Box of 5,Quant Branded Box,RxNorm Extension,Oral Solution
nifedipine,41388783,30 ML Nifedipine 20 MG/ML Oral Solution [Nifical],Quant Branded Drug,RxNorm Extension,Oral Solution
labetalol,40835563,Labetalol 200 MG Oral Tablet Box of 2500,Clinical Drug Box,RxNorm Extension,Oral Tablet
labetalol,21154518,Labetalol 200 MG Oral Tablet Box of 56 by Mylan,Marketed Product,RxNorm Extension,Oral Tablet
nifedipine,41155142,Nifedipine 10 MG Oral Tablet [Dignokonstant] Box of 50,Branded Drug Box,RxNorm Extension,Oral Tablet
labetalol,21174115,Labetalol 100 MG Oral Tablet by Actavis,Marketed Product,RxNorm Extension,Oral Tablet
nifedipine,41310624,Nifedipine 40 MG Oral Tablet [Nifedipat] Box of 100,Branded Drug Box,RxNorm Extension,Oral Tablet
nifedipine,41321285,Nifedipine 20 MG Oral Tablet [Nifehexal] Box of 20 by Novartis,Marketed Product,RxNorm Extension,Oral Tablet
nifedipine,35774768,Nifedipine Delayed Release Oral Tablet [Adalat LA],Branded Drug Form,RxNorm Extension,Delayed Release Oral Tablet
labetalol,41053669,Labetalol 200 MG Delayed Release Oral Tablet Box of 1000,Clinical Drug Box,RxNorm Extension,Delayed Release Oral Tablet
nifedipine,35768204,Nifedipine 30 MG Delayed Release Oral Tablet by Ennogen,Marketed Product,RxNorm Extension,Delayed Release Oral Tablet
nifedipine,35755694,Nifedipine 30 MG Delayed Release Oral Tablet by DE,Marketed Product,RxNorm Extension,Delayed Release Oral Tablet
labetalol,21085735,Labetalol 400 MG Oral Tablet by Sandoz,Marketed Product,RxNorm Extension,Oral Tablet
nifedipine,35828158,1000 MG nifedipine 0.01 MG/MG Oral Granules by Tsuruhara,Marketed Product,RxNorm Extension,Oral Granules
nifedipine,41165620,Nifedipine 5 MG Oral Capsule [Adalat] Box of 50 by Eurim-Pharm,Marketed Product,RxNorm Extension,Oral Capsule
nifedipine,40959645,Nifedipine 20 MG Extended Release Oral Tablet Box of 400,Clinical Drug Box,RxNorm Extension,Extended Release Oral Tablet
nifedipine,21097123,1 ML Nifedipine 0.44 MG/ML Oral Suspension,Quant Clinical Drug,RxNorm Extension,Oral Suspension
nifedipine,36277504,Nifedipine 30 MG Extended Release Oral Capsule Box of 98,Clinical Drug Box,RxNorm Extension,Extended Release Oral Capsule
nifedipine,43603235,Nifedipine 60 MG Extended Release Oral Tablet [Nifedipin Basics] by Bayer,Marketed Product,RxNorm Extension,Extended Release Oral Tablet
nifedipine,40987686,Nifedipine Extended Release Oral Capsule [Nifedipin Heumann],Branded Drug Form,RxNorm Extension,Extended Release Oral Capsule
nifedipine,41134368,Nifedipine 20 MG Extended Release Oral Capsule [Nife-Ct] Box of 50 by AbZ-Pharma,Marketed Product,RxNorm Extension,Extended Release Oral Capsule
nifedipine,41186242,Nifedipine 20 MG Extended Release Oral Capsule [Nife Klast],Branded Drug,RxNorm Extension,Extended Release Oral Capsule
nifedipine,43621181,Nifedipine Extended Release Oral Tablet [Nifehexal],Branded Drug Form,RxNorm Extension,Extended Release Oral Tablet
nifedipine,41217579,Nifedipine 20 MG Extended Release Oral Tablet [Nife Abz] Box of 50,Branded Drug Box,RxNorm Extension,Extended Release Oral Tablet
nifedipine,36783393,Nifedipine 60 MG Extended Release Oral Tablet [Adalat] Box of 56 by PI-Pharma,Marketed Product,RxNorm Extension,Extended Release Oral Tablet
nifedipine,41279334,Nifedipine 10 MG Extended Release Oral Tablet [Nifedipin Stada],Branded Drug,RxNorm Extension,Extended Release Oral Tablet
nifedipine,21153028,Nifedipine 30 MG Extended Release Oral Tablet [Adalat LA] by DE,Marketed Product,RxNorm Extension,Extended Release Oral Tablet
nifedipine,41040292,Nifedipine 20 MG Extended Release Oral Tablet [Adalat] Box of 42 by Bayer,Marketed Product,RxNorm Extension,Extended Release Oral Tablet
nifedipine,41040285,Nifedipine 20 MG Extended Release Oral Tablet [Nifedipin Pb] Box of 30 by Docpharm,Marketed Product,RxNorm Extension,Extended Release Oral Tablet
nifedipine,40998682,Nifedipine 10 MG Extended Release Oral Tablet [Nifreal] Box of 100,Branded Drug Box,RxNorm Extension,Extended Release Oral Tablet
nifedipine,40946796,Nifedipine 40 MG Extended Release Oral Tablet [Duranifin] Box of 100 by Mylan,Marketed Product,RxNorm Extension,Extended Release Oral Tablet
nifedipine,40725301,Nifedipine 20 MG Extended Release Oral Tablet [Adalat LA] Box of 14 by Sigma,Marketed Product,RxNorm Extension,Extended Release Oral Tablet
nifedipine,40853263,Nifedipine 40 MG Extended Release Oral Tablet [Nifehexal] Box of 20 by Novartis,Marketed Product,RxNorm Extension,Extended Release Oral Tablet
nifedipine,41248567,Nifedipine 10 MG Oral Capsule [Nifedipin Sandoz] Box of 50,Branded Drug Box,RxNorm Extension,Oral Capsule
nifedipine,21143112,Nifedipine Extended Release Oral Tablet [Kentipine],Branded Drug Form,RxNorm Extension,Extended Release Oral Tablet
nifedipine,21103921,Nifedipine 30 MG Extended Release Oral Tablet [Adanif XL],Branded Drug,RxNorm Extension,Extended Release Oral Tablet
nifedipine,21153022,Nifedipine 10 MG Extended Release Oral Tablet [Kentipine] Box of 56 by Kent,Marketed Product,RxNorm Extension,Extended Release Oral Tablet
nifedipine,41258869,Nifedipine 10 MG Oral Capsule Box of 30 by Ratiopharm,Marketed Product,RxNorm Extension,Oral Capsule
nifedipine,41092482,Nifedipine 5 MG Oral Capsule [Cordicant] Box of 50,Branded Drug Box,RxNorm Extension,Oral Capsule
nifedipine,41071555,Nifedipine 5 MG Oral Capsule [Nife Abz] Box of 100 by AbZ-Pharma,Marketed Product,RxNorm Extension,Oral Capsule
nifedipine,41060892,Nifedipine 5 MG Oral Capsule [Corinfar] Box of 50,Branded Drug Box,RxNorm Extension,Oral Capsule
nifedipine,40915470,Nifedipine 5 MG Oral Capsule [Adalat] Box of 50 by Bayer,Marketed Product,RxNorm Extension,Oral Capsule
nifedipine,41018682,Nifedipine Oral Capsule [Nifecor],Branded Drug Form,RxNorm Extension,Oral Capsule
nifedipine,41060896,Nifedipine 0.667 MG/ML Oral Solution [Nife-Ct],Branded Drug,RxNorm Extension,Oral Solution
nifedipine,40831758,Nifedipine Oral Solution [Corinfar],Branded Drug Form,RxNorm Extension,Oral Solution
nifedipine,41009160,Nifedipine 10 MG Oral Capsule [Duranifin] Box of 30 by Mylan,Marketed Product,RxNorm Extension,Oral Capsule
nifedipine,40946809,Nifedipine 10 MG Oral Capsule [Nifedipin Basics] Box of 50 by Basics,Marketed Product,RxNorm Extension,Oral Capsule
nifedipine,41228076,Nifedipine 5 MG Oral Capsule [Nifeclair] Box of 100 by Hennig,Marketed Product,RxNorm Extension,Oral Capsule
nifedipine,43737071,30 ML Nifedipine 20 MG/ML Oral Solution [Nife-Ct] Box of 30 by AbZ-Pharma,Marketed Product,RxNorm Extension,Oral Solution
nifedipine,40874009,Nifedipine 20 MG/ML Oral Solution [Nifecor],Branded Drug,RxNorm Extension,Oral Solution
nifedipine,21153013,Nifedipine 10 MG Oral Capsule [Adalat] Box of 90,Branded Drug Box,RxNorm Extension,Oral Capsule
nifedipine,21153007,Nifedipine 10 MG Oral Capsule by Mylan,Marketed Product,RxNorm Extension,Oral Capsule
nifedipine,41060879,Nifedipine 10 MG Oral Capsule [Adalate] Box of 300,Branded Drug Box,RxNorm Extension,Oral Capsule
nifedipine,40998708,Nifedipine 5 MG Oral Capsule [Nifedipin Abz],Branded Drug,RxNorm Extension,Oral Capsule
nifedipine,43609762,10000 MG Nifedipine 0.0000499 MG/MG Oral Solution,Quant Clinical Drug,RxNorm Extension,Oral Solution
nifedipine,41060918,Nifedipine 20 MG Oral Tablet [Nife-Ct],Branded Drug,RxNorm Extension,Oral Tablet
nifedipine,40897316,Nifedipine 10 MG Oral Tablet Box of 50,Clinical Drug Box,RxNorm Extension,Oral Tablet
nifedipine,40842829,Nifedipine 20 MG Oral Tablet [Corotrend] Box of 30,Branded Drug Box,RxNorm Extension,Oral Tablet
nifedipine,41387099,30 ML Nifedipine 0.667 MG/ML Oral Solution [Corinfar] Box of 10,Quant Branded Box,RxNorm Extension,Oral Solution
nifedipine,41102958,Nifedipine 10 MG Oral Tablet [Nifehexal] Box of 50 by Novartis,Marketed Product,RxNorm Extension,Oral Tablet
nifedipine,43195630,Nifedipine 20 MG Oral Tablet [NIFEDIPINE MYLAN] Box of 30 by Mylan,Marketed Product,RxNorm Extension,Oral Tablet
nifedipine,41029753,Nifedipine 20 MG Oral Tablet [Corinfar] Box of 50,Branded Drug Box,RxNorm Extension,Oral Tablet
nifedipine,40990870,Nifedipine 20 MG Oral Tablet Box of 100,Clinical Drug Box,RxNorm Extension,Oral Tablet
nifedipine,40874031,Nifedipine 20 MG Oral Tablet [Nifical] Box of 100,Branded Drug Box,RxNorm Extension,Oral Tablet
nifedipine,41186248,Nifedipine 20 MG Oral Tablet [Nifedipin Pb] Box of 30,Branded Drug Box,RxNorm Extension,Oral Tablet
nifedipine,41310682,Nifedipine 20 MG Oral Tablet [Nife Isis] Box of 500,Branded Drug Box,RxNorm Extension,Oral Tablet
nifedipine,43217496,Nifedipine 20 MG Oral Tablet [Adalate] Box of 30,Branded Drug Box,RxNorm Extension,Oral Tablet
nifedipine,40977816,Nifedipine 20 MG Oral Tablet [Pidilat] Box of 100 by Mylan,Marketed Product,RxNorm Extension,Oral Tablet
nifedipine,40915486,Nifedipine 20 MG Oral Tablet [Nifedipin Al] Box of 30 by Aliud,Marketed Product,RxNorm Extension,Oral Tablet
nifedipine,35759816,Nifedipine 30 MG Delayed Release Oral Tablet Box of 28 by Sigma-Tau,Marketed Product,RxNorm Extension,Delayed Release Oral Tablet
nifedipine,43195623,Nifedipine 30 MG Delayed Release Oral Tablet [CHRONADALATE L],Branded Drug,RxNorm Extension,Delayed Release Oral Tablet
nifedipine,2926272,nifedipine 30 MG Extended Release Oral Tablet [ADALAT OROS],Branded Drug,RxNorm Extension,Extended Release Oral Tablet
nifedipine,36119639,nifedipine 20 MG Extended Release Oral Tablet [Dexipress],Branded Drug,RxNorm Extension,Extended Release Oral Tablet
nifedipine,21172618,Nifedipine 30 MG Extended Release Oral Capsule [Coracten XL] Box of 28 by UCB,Marketed Product,RxNorm Extension,Extended Release Oral Capsule
nifedipine,21175692,1 ML Nifedipine 1.5 MG/ML Oral Suspension,Quant Clinical Drug,RxNorm Extension,Oral Suspension
nifedipine,41155161,Nifedipine 20 MG Extended Release Oral Capsule [Nife-Ct] Box of 30,Branded Drug Box,RxNorm Extension,Extended Release Oral Capsule
nifedipine,41112665,Nifedipine Extended Release Oral Capsule [Jedipin],Branded Drug Form,RxNorm Extension,Extended Release Oral Capsule
nifedipine,41102974,Nifedipine 20 MG Extended Release Oral Capsule [Aprical] Box of 1000 by Amdipharm,Marketed Product,RxNorm Extension,Extended Release Oral Capsule
nifedipine,40998719,Nifedipine 20 MG Extended Release Oral Capsule [Nifedipin Al] Box of 100,Branded Drug Box,RxNorm Extension,Extended Release Oral Capsule
nifedipine,36277224,Nifedipine Extended Release Oral Capsule [Hypan],Branded Drug Form,RxNorm Extension,Extended Release Oral Capsule
nifedipine,40998724,Nifedipine 20 MG Extended Release Oral Tablet [Nifelat],Branded Drug,RxNorm Extension,Extended Release Oral Tablet
nifedipine,41060903,Nifedipine 20 MG Extended Release Oral Capsule [Tp Mpa],Branded Drug,RxNorm Extension,Extended Release Oral Capsule
nifedipine,40956436,Nifedipine Extended Release Oral Capsule [Tp Mpa],Branded Drug Form,RxNorm Extension,Extended Release Oral Capsule
nifedipine,21093975,Nifedipine 30 MG Extended Release Oral Tablet [Adipin] Box of 28 by Chiesi,Marketed Product,RxNorm Extension,Extended Release Oral Tablet
nifedipine,41386831,30 ML Nifedipine 0.667 MG/ML Oral Solution [Aprical] Box of 3,Quant Branded Box,RxNorm Extension,Oral Solution
nifedipine,35145284,Nifedipine 20 MG Extended Release Oral Capsule [Sepamit],Branded Drug,RxNorm Extension,Extended Release Oral Capsule
labetalol,44088853,Labetalol 200 MG Oral Tablet [Trandate] by Paladin,Marketed Product,RxNorm Extension,Oral Tablet
nifedipine,41029742,Nifedipine 20 MG Extended Release Oral Capsule [Corotrend],Branded Drug,RxNorm Extension,Extended Release Oral Capsule
nifedipine,21064618,Nifedipine 20 MG Extended Release Oral Capsule [Coracten SR] by Waymade,Marketed Product,RxNorm Extension,Extended Release Oral Capsule
nifedipine,21153014,Nifedipine 10 MG Extended Release Oral Capsule [Coracten SR],Branded Drug,RxNorm Extension,Extended Release Oral Capsule
nifedipine,2064025,nifedipine 10 MG Oral Tablet by Hawon,Marketed Product,RxNorm Extension,Oral Tablet
nifedipine,41310635,Nifedipine 10 MG Extended Release Oral Tablet [Nifreal],Branded Drug,RxNorm Extension,Extended Release Oral Tablet
nifedipine,35132627,Nifedipine 10 MG Extended Release Oral Tablet by Towa,Marketed Product,RxNorm Extension,Extended Release Oral Tablet
nifedipine,41279336,Nifedipine 10 MG Oral Capsule [Pidilat] Box of 400,Branded Drug Box,RxNorm Extension,Oral Capsule
nifedipine,40977793,Nifedipine 10 MG Oral Capsule [Nifedipin Verla] Box of 100 by Verla,Marketed Product,RxNorm Extension,Oral Capsule
nifedipine,40915459,Nifedipine 10 MG Oral Capsule [Adalat] Box of 42 by Bayer,Marketed Product,RxNorm Extension,Oral Capsule
nifedipine,40842802,Nifedipine 5 MG Oral Capsule [Pidilat] Box of 20,Branded Drug Box,RxNorm Extension,Oral Capsule
nifedipine,40998716,Nifedipine 0.667 MG/ML Oral Solution [Nifical] Box of 1,Branded Drug Box,RxNorm Extension,Oral Solution
nifedipine,43675581,Nifedipine 30 MG Extended Release Oral Tablet [Nifedipin Basics] by Bayer,Marketed Product,RxNorm Extension,Extended Release Oral Tablet
nifedipine,2064023,nifedipine 20 MG Oral Tablet [NIPIDINE] by Taejoon,Marketed Product,RxNorm Extension,Oral Tablet
nifedipine,40904954,Nifedipine 20 MG Extended Release Oral Tablet [Nifecor] Box of 20,Branded Drug Box,RxNorm Extension,Extended Release Oral Tablet
nifedipine,41186213,Nifedipine 10 MG Extended Release Oral Tablet [Corinfar] Box of 300,Branded Drug Box,RxNorm Extension,Extended Release Oral Tablet
nifedipine,41155165,Nifedipine 20 MG Extended Release Oral Tablet [Nifreal],Branded Drug,RxNorm Extension,Extended Release Oral Tablet
nifedipine,41186231,Nifedipine 5 MG Oral Capsule [Nifeclair],Branded Drug,RxNorm Extension,Oral Capsule
nifedipine,40725324,Nifedipine 30 MG Extended Release Oral Tablet [Nidef] Box of 28 by Morningside,Marketed Product,RxNorm Extension,Extended Release Oral Tablet
nifedipine,41310692,Nifedipine 20 MG Oral Capsule [Nifehexal] Box of 30,Branded Drug Box,RxNorm Extension,Oral Capsule
nifedipine,44127495,Nifedipine 30 MG Extended Release Oral Tablet by Pro Doc Limitee,Marketed Product,RxNorm Extension,Extended Release Oral Tablet
nifedipine,41040267,Nifedipine 10 MG Oral Capsule [Nife Wolff] Box of 50 by Wolff Bielefeld,Marketed Product,RxNorm Extension,Oral Capsule
nifedipine,41029756,Nifedipine 20 MG Oral Capsule [Adalat] Box of 100,Branded Drug Box,RxNorm Extension,Oral Capsule
nifedipine,21044944,Nifedipine 20 MG Extended Release Oral Tablet [Tensipine MR] by Genus,Marketed Product,RxNorm Extension,Extended Release Oral Tablet
nifedipine,21152993,Nifedipine 20 MG Extended Release Oral Tablet by Sigma-Tau,Marketed Product,RxNorm Extension,Extended Release Oral Tablet
nifedipine,35887768,nifedipine 10 MG Oral Capsule Box of 90 by Medihealth,Marketed Product,RxNorm Extension,Oral Capsule
nifedipine,40725762,Nifedipine 60 MG Extended Release Oral Tablet [Adalat LA] Box of 28 by Necessity Supplies,Marketed Product,RxNorm Extension,Extended Release Oral Tablet
labetalol,21066081,Labetalol 100 MG Oral Tablet [Trandate] by Focus,Marketed Product,RxNorm Extension,Oral Tablet
nifedipine,41102954,Nifedipine 10 MG Oral Capsule [Adalate] Box of 100 by Gruenewald,Marketed Product,RxNorm Extension,Oral Capsule
nifedipine,41123667,Nifedipine 10 MG Oral Capsule [Pidilat] Box of 250,Branded Drug Box,RxNorm Extension,Oral Capsule
nifedipine,40967352,Nifedipine 10 MG Oral Capsule [Nife-Ct] Box of 100,Branded Drug Box,RxNorm Extension,Oral Capsule
nifedipine,41321284,Nifedipine 20 MG Oral Tablet [Nifehexal] Box of 30 by Novartis,Marketed Product,RxNorm Extension,Oral Tablet
nifedipine,41321273,Nifedipine 10 MG Oral Tablet [Corinfar] Box of 30 by TEVA,Marketed Product,RxNorm Extension,Oral Tablet
labetalol,35149322,Labetalol 100 MG Oral Tablet [Resporito],Branded Drug,RxNorm Extension,Oral Tablet
nifedipine,41321293,Nifedipine 20 MG Oral Tablet [Nife Isis] Box of 100 by Puren,Marketed Product,RxNorm Extension,Oral Tablet
nifedipine,40842788,Nifedipine 10 MG Oral Capsule [Nifehexal] Box of 40,Branded Drug Box,RxNorm Extension,Oral Capsule
nifedipine,41186239,Nifedipine 30 MG Oral Tablet [Adalat] Box of 42,Branded Drug Box,RxNorm Extension,Oral Tablet
labetalol,41116419,Labetalol 200 MG Oral Tablet Box of 25,Clinical Drug Box,RxNorm Extension,Oral Tablet
nifedipine,40977784,Nifedipine 60 MG Oral Tablet [Aprical] Box of 100 by Medice,Marketed Product,RxNorm Extension,Oral Tablet
nifedipine,40863014,Nifedipine Oral Tablet [Nifecor],Branded Drug Form,RxNorm Extension,Oral Tablet
labetalol,40727609,Labetalol 200 MG Oral Tablet Box of 56 by Sigma,Marketed Product,RxNorm Extension,Oral Tablet
nifedipine,41009175,Nifedipine 20 MG Oral Tablet [Nife Basf] Box of 50 by Novartis,Marketed Product,RxNorm Extension,Oral Tablet
nifedipine,40977818,Nifedipine 20 MG Oral Tablet [Nifedipin Stada] Box of 50 by Stada,Marketed Product,RxNorm Extension,Oral Tablet
nifedipine,41310675,Nifedipine 20 MG Oral Tablet [Nifreal],Branded Drug,RxNorm Extension,Oral Tablet
labetalol,21154519,Labetalol 400 MG Oral Tablet by Alliance,Marketed Product,RxNorm Extension,Oral Tablet
nifedipine,41155129,Nifedipine 10 MG Oral Tablet [Nifedipin Pb] Box of 100,Branded Drug Box,RxNorm Extension,Oral Tablet
nifedipine,40853271,Nifedipine 10 MG Oral Tablet [Nifedipin Pb] Box of 30 by PB,Marketed Product,RxNorm Extension,Oral Tablet
nifedipine,40853269,Nifedipine 60 MG Oral Tablet [Aprical] Box of 100 by Shire,Marketed Product,RxNorm Extension,Oral Tablet
nifedipine,41217540,Nifedipine 10 MG Oral Tablet [Duranifin],Branded Drug,RxNorm Extension,Oral Tablet
nifedipine,21103907,Nifedipine 20 MG Extended Release Oral Tablet [Slofedipine] by Sterwin Medicines,Marketed Product,RxNorm Extension,Extended Release Oral Tablet
nifedipine,41040290,Nifedipine 20 MG Extended Release Oral Tablet [Cordicant] Box of 100 by Mundipharma,Marketed Product,RxNorm Extension,Extended Release Oral Tablet
labetalol,21115174,Labetalol 40 MG/ML Oral Suspension,Clinical Drug,RxNorm Extension,Oral Suspension
nifedipine,35868156,nifedipine 30 MG Oral Tablet [Xinran],Branded Drug,RxNorm Extension,Oral Tablet
nifedipine,21153035,Nifedipine 60 MG Extended Release Oral Tablet [Adalat LA] by Bayer,Marketed Product,RxNorm Extension,Extended Release Oral Tablet
nifedipine,21074563,Nifedipine 10 MG Extended Release Oral Tablet [Adipin],Branded Drug,RxNorm Extension,Extended Release Oral Tablet
nifedipine,21153012,Nifedipine 10 MG Oral Capsule [Adalat] Box of 50 by Lexon,Marketed Product,RxNorm Extension,Oral Capsule
nifedipine,41228057,Nifedipine 60 MG Extended Release Oral Tablet [Aprical] Box of 98 by Medice,Marketed Product,RxNorm Extension,Extended Release Oral Tablet
nifedipine,41092490,Nifedipine 20 MG Extended Release Oral Capsule [Corotrend] Box of 30,Branded Drug Box,RxNorm Extension,Extended Release Oral Capsule
nifedipine,40987690,Nifedipine Extended Release Oral Tablet [Nifelat],Branded Drug Form,RxNorm Extension,Extended Release Oral Tablet
nifedipine,40936224,Nifedipine 30 MG Extended Release Oral Tablet [Nifedipin Stada] Box of 30,Branded Drug Box,RxNorm Extension,Extended Release Oral Tablet
nifedipine,2926271,nifedipine 30 MG Extended Release Oral Tablet [ADALAT OROS] Box of 30,Branded Drug Box,RxNorm Extension,Extended Release Oral Tablet
nifedipine,36272376,Nifedipine 60 MG Extended Release Oral Capsule Box of 98,Clinical Drug Box,RxNorm Extension,Extended Release Oral Capsule
nifedipine,44101517,Nifedipine 10 MG Oral Capsule by Pro Doc Limitee,Marketed Product,RxNorm Extension,Oral Capsule
nifedipine,43801089,Nifedipine Extended Release Oral Tablet [Nifedipin Stada],Branded Drug Form,RxNorm Extension,Extended Release Oral Tablet
nifedipine,41155136,Nifedipine 10 MG Oral Capsule [Nifedipat] Box of 30,Branded Drug Box,RxNorm Extension,Oral Capsule
nifedipine,41102980,Nifedipine 20 MG Extended Release Oral Tablet [Corinfar] Box of 100 by TEVA,Marketed Product,RxNorm Extension,Extended Release Oral Tablet
nifedipine,36066797,nifedipine 60 MG Extended Release Oral Tablet [Adalat LA] by Mawdsley-Brooks,Marketed Product,RxNorm Extension,Extended Release Oral Tablet
nifedipine,40821383,Nifedipine Extended Release Oral Tablet [Nife Isis],Branded Drug Form,RxNorm Extension,Extended Release Oral Tablet
nifedipine,41310683,Nifedipine 20 MG Extended Release Oral Tablet [Nife Isis] Box of 500,Branded Drug Box,RxNorm Extension,Extended Release Oral Tablet
labetalol,43256170,Labetalol 100 MG Oral Tablet [Presolol] Box of 100,Branded Drug Box,RxNorm Extension,Oral Tablet
nifedipine,43184625,Nifedipine 10 MG Oral Capsule [Adalate] Box of 30,Branded Drug Box,RxNorm Extension,Oral Capsule
nifedipine,41134347,Nifedipine 10 MG Extended Release Oral Tablet Box of 100 by Dexcel-Pharma,Marketed Product,RxNorm Extension,Extended Release Oral Tablet
nifedipine,41123700,Nifedipine 20 MG Extended Release Oral Tablet [Nifical] Box of 20,Branded Drug Box,RxNorm Extension,Extended Release Oral Tablet
nifedipine,41123699,Nifedipine 20 MG Extended Release Oral Tablet [Pidilat] Box of 250,Branded Drug Box,RxNorm Extension,Extended Release Oral Tablet
nifedipine,41040258,Nifedipine 40 MG Extended Release Oral Tablet [Cisday] Box of 100 by Kytta Siegfried,Marketed Product,RxNorm Extension,Extended Release Oral Tablet
nifedipine,41299657,Nifedipine Oral Capsule [Nifedipin Abz],Branded Drug Form,RxNorm Extension,Oral Capsule
nifedipine,41279346,Nifedipine 10 MG Oral Capsule [Duranifin],Branded Drug,RxNorm Extension,Oral Capsule
nifedipine,41186237,Nifedipine 5 MG Oral Capsule [Adalat] Box of 84,Branded Drug Box,RxNorm Extension,Oral Capsule
labetalol,21056254,Labetalol 100 MG Oral Tablet [Trandate] Box of 250 by Focus,Marketed Product,RxNorm Extension,Oral Tablet
nifedipine,21113717,Nifedipine 30 MG Extended Release Oral Tablet [Nimodrel XL],Branded Drug,RxNorm Extension,Extended Release Oral Tablet
nifedipine,21093961,Nifedipine 20 MG Extended Release Oral Tablet [Nifedipress MR] by TEVA,Marketed Product,RxNorm Extension,Extended Release Oral Tablet
nifedipine,21035105,Nifedipine 10 MG Extended Release Oral Tablet [Calchan MR] Box of 56,Branded Drug Box,RxNorm Extension,Extended Release Oral Tablet
nifedipine,40915471,Nifedipine 5 MG Oral Capsule [Adalat] Box of 42 by Bayer,Marketed Product,RxNorm Extension,Oral Capsule
nifedipine,40967341,Nifedipine 10 MG Extended Release Oral Tablet [Nifedipin Basics] Box of 30,Branded Drug Box,RxNorm Extension,Extended Release Oral Tablet
nifedipine,41071574,Nifedipine 20 MG Oral Capsule [Adalat] Box of 50 by Bayer,Marketed Product,RxNorm Extension,Oral Capsule
nifedipine,40977802,Nifedipine 10 MG Oral Capsule Box of 50 by Sanol,Marketed Product,RxNorm Extension,Oral Capsule
labetalol,43277953,Labetalol 200 MG Oral Tablet [Presolol],Branded Drug,RxNorm Extension,Oral Tablet
nifedipine,40998689,Nifedipine 10 MG Oral Capsule [Pidilat] Box of 20,Branded Drug Box,RxNorm Extension,Oral Capsule
nifedipine,41310659,Nifedipine 5 MG Oral Capsule [Corotrend],Branded Drug,RxNorm Extension,Oral Capsule
nifedipine,43206505,Nifedipine 10 MG Oral Capsule [Adalate] Box of 90 by Bayer,Marketed Product,RxNorm Extension,Oral Capsule
labetalol,21144588,Labetalol 200 MG Oral Tablet Box of 56 by A A H,Marketed Product,RxNorm Extension,Oral Tablet
nifedipine,21035096,Nifedipine 10 MG Oral Capsule by Ivax,Marketed Product,RxNorm Extension,Oral Capsule
nifedipine,41279349,Nifedipine 10 MG Oral Tablet [Nife Basf] Box of 50,Branded Drug Box,RxNorm Extension,Oral Tablet
nifedipine,41217581,Nifedipine 20 MG Oral Tablet [Mtw Nifedipin] Box of 50,Branded Drug Box,RxNorm Extension,Oral Tablet
nifedipine,41092468,Nifedipine 10 MG Oral Capsule [Jedipin] Box of 100,Branded Drug Box,RxNorm Extension,Oral Capsule
nifedipine,40874005,Nifedipine 10 MG Oral Capsule [Nife Abz],Branded Drug,RxNorm Extension,Oral Capsule
nifedipine,41279381,Nifedipine 20 MG Oral Tablet [Cordicant] Box of 100,Branded Drug Box,RxNorm Extension,Oral Tablet
nifedipine,41217544,Nifedipine 20 MG/ML Oral Solution [Corinfar] Box of 10,Branded Drug Box,RxNorm Extension,Oral Solution
nifedipine,40956434,Nifedipine Oral Solution [Corotrend],Branded Drug Form,RxNorm Extension,Oral Solution
nifedipine,41178447,Nifedipine 20 MG Oral Tablet Box of 250,Clinical Drug Box,RxNorm Extension,Oral Tablet
nifedipine,41123665,Nifedipine 10 MG Oral Tablet [Corinfar] Box of 8000,Branded Drug Box,RxNorm Extension,Oral Tablet
nifedipine,40904939,Nifedipine 0.667 MG/ML Oral Solution [Nifical],Branded Drug,RxNorm Extension,Oral Solution
nifedipine,40904903,Nifedipine 40 MG Oral Tablet [Nifecor] Box of 20,Branded Drug Box,RxNorm Extension,Oral Tablet
nifedipine,43721483,100 ML Nifedipine 20 MG/ML Oral Solution [Nifedipin-ratiopharm] by Ratiopharm,Marketed Product,RxNorm Extension,Oral Solution
labetalol,21095495,Labetalol 400 MG Oral Tablet by A A H,Marketed Product,RxNorm Extension,Oral Tablet
labetalol,36969770,labetalol 100 MG Oral Tablet Box of 56 by Viatris Healthcare,Marketed Product,RxNorm Extension,Oral Tablet
nifedipine,41209868,Nifedipine 10 MG Oral Tablet Box of 8000,Clinical Drug Box,RxNorm Extension,Oral Tablet
nifedipine,44165785,Nifedipine 20 MG Oral Tablet [Cordicant] Box of 50,Branded Drug Box,RxNorm Extension,Oral Tablet
nifedipine,35768200,Nifedipine 30 MG Delayed Release Oral Tablet [Hypolar] by Sandoz,Marketed Product,RxNorm Extension,Delayed Release Oral Tablet
nifedipine,35759810,Nifedipine 30 MG Delayed Release Oral Tablet [Adalat LA] Box of 28 by Waymade,Marketed Product,RxNorm Extension,Delayed Release Oral Tablet
nifedipine,35754428,Nifedipine 30 MG Delayed Release Oral Tablet [Valni],Branded Drug,RxNorm Extension,Delayed Release Oral Tablet
nifedipine,21133193,Nifedipine 5 MG Oral Capsule Box of 84 by Mylan,Marketed Product,RxNorm Extension,Oral Capsule
nifedipine,21143131,Nifedipine 30 MG Extended Release Oral Tablet Box of 28,Clinical Drug Box,RxNorm Extension,Extended Release Oral Tablet
nifedipine,21025339,Nifedipine 20 MG Extended Release Oral Tablet [Hypolar] Box of 56,Branded Drug Box,RxNorm Extension,Extended Release Oral Tablet
nifedipine,21172621,Nifedipine 60 MG Extended Release Oral Tablet [Nimodrel XL] Box of 28 by Zurich,Marketed Product,RxNorm Extension,Extended Release Oral Tablet
nifedipine,21172603,Nifedipine 20 MG Extended Release Oral Tablet [Nifedipress MR] Box of 56 by Actavis,Marketed Product,RxNorm Extension,Extended Release Oral Tablet
nifedipine,41321252,Nifedipine 40 MG Extended Release Oral Tablet [Nifedipin Sandoz] Box of 50 by Novartis,Marketed Product,RxNorm Extension,Extended Release Oral Tablet
nifedipine,41092462,Nifedipine 10 MG Oral Capsule [Pidilat] Box of 50,Branded Drug Box,RxNorm Extension,Oral Capsule
nifedipine,43151600,Nifedipine 20 MG Extended Release Oral Tablet [NIFEDIPINE RPG] Box of 60 by Ranbaxy,Marketed Product,RxNorm Extension,Extended Release Oral Tablet
nifedipine,35772518,Nifedipine 10 MG Extended Release Oral Capsule [Adalat] by Stephar,Marketed Product,RxNorm Extension,Extended Release Oral Capsule
nifedipine,35766429,Nifedipine 10 MG Extended Release Oral Capsule Box of 90,Clinical Drug Box,RxNorm Extension,Extended Release Oral Capsule
nifedipine,21143121,Nifedipine 20 MG Extended Release Oral Tablet [Adalat LA] by Sigma-Tau,Marketed Product,RxNorm Extension,Extended Release Oral Tablet
nifedipine,41155174,Nifedipine 20 MG Extended Release Oral Tablet [Nife Isis],Branded Drug,RxNorm Extension,Extended Release Oral Tablet
nifedipine,43657432,Nifedipine Extended Release Oral Tablet [Nifedipin Abz],Branded Drug Form,RxNorm Extension,Extended Release Oral Tablet
nifedipine,43675577,Nifedipine 20 MG Extended Release Oral Tablet [Nifedipin Abz],Branded Drug,RxNorm Extension,Extended Release Oral Tablet
nifedipine,43657434,Nifedipine Extended Release Oral Tablet [Nife-Ct],Branded Drug Form,RxNorm Extension,Extended Release Oral Tablet
nifedipine,41134379,Nifedipine 20 MG Extended Release Oral Tablet [Adalat] Box of 100 by Mtk,Marketed Product,RxNorm Extension,Extended Release Oral Tablet
nifedipine,41123678,Nifedipine 5 MG Oral Capsule [Nifehexal] Box of 30,Branded Drug Box,RxNorm Extension,Oral Capsule
nifedipine,40967363,Nifedipine 5 MG Oral Capsule [Nifecor] Box of 100,Branded Drug Box,RxNorm Extension,Oral Capsule
nifedipine,40936212,Nifedipine 5 MG Oral Capsule [Corinfar],Branded Drug,RxNorm Extension,Oral Capsule
nifedipine,21103906,Nifedipine 20 MG Extended Release Oral Tablet [Cardilate MR] by Ivax,Marketed Product,RxNorm Extension,Extended Release Oral Tablet
nifedipine,43621180,Nifedipine Oral Capsule [Nifedipin-ratiopharm],Branded Drug Form,RxNorm Extension,Oral Capsule
nifedipine,43783249,Nifedipine 5 MG Oral Capsule [Nifedipin Pb],Branded Drug,RxNorm Extension,Oral Capsule
nifedipine,41217571,Nifedipine 20 MG Extended Release Oral Tablet [Nifedipin Al] Box of 100,Branded Drug Box,RxNorm Extension,Extended Release Oral Tablet
nifedipine,41155166,Nifedipine 20 MG Extended Release Oral Tablet [Nifedipin Verla],Branded Drug,RxNorm Extension,Extended Release Oral Tablet
nifedipine,40977811,Nifedipine 30 MG Extended Release Oral Tablet [Adalat] Box of 28 by Bayer,Marketed Product,RxNorm Extension,Extended Release Oral Tablet
nifedipine,41092496,Nifedipine 20 MG Extended Release Oral Tablet [Nifedipin Verla] Box of 20,Branded Drug Box,RxNorm Extension,Extended Release Oral Tablet
nifedipine,41155155,Nifedipine 30 MG Extended Release Oral Tablet [Nife-Ct] Box of 50,Branded Drug Box,RxNorm Extension,Extended Release Oral Tablet
nifedipine,41071549,Nifedipine 10 MG Oral Capsule [Adalat] Box of 100 by Orifarm Leverkus,Marketed Product,RxNorm Extension,Oral Capsule
nifedipine,40990865,Nifedipine 10 MG Oral Capsule Box of 1,Clinical Drug Box,RxNorm Extension,Oral Capsule
nifedipine,40915456,Nifedipine 10 MG Oral Capsule [Nifical] Box of 100 by Sanofi,Marketed Product,RxNorm Extension,Oral Capsule
nifedipine,40821802,Nifedipine 20 MG Oral Capsule [Nifehexal] Box of 50,Branded Drug Box,RxNorm Extension,Oral Capsule
nifedipine,21093976,Nifedipine 30 MG Extended Release Oral Tablet [Adalat LA] by Lexon,Marketed Product,RxNorm Extension,Extended Release Oral Tablet
nifedipine,21054772,Nifedipine 10 MG Extended Release Oral Tablet [Kentipine],Branded Drug,RxNorm Extension,Extended Release Oral Tablet
nifedipine,41228072,Nifedipine 10 MG Oral Capsule [Adalat] Box of 50 by Orifarm Leverkus,Marketed Product,RxNorm Extension,Oral Capsule
nifedipine,41060884,Nifedipine 20 MG/ML Oral Solution [Nifical] Box of 1,Branded Drug Box,RxNorm Extension,Oral Solution
nifedipine,41186235,Nifedipine 5 MG Oral Capsule [Jedipin] Box of 50,Branded Drug Box,RxNorm Extension,Oral Capsule
nifedipine,41144254,Nifedipine Oral Capsule [Nifeclair],Branded Drug Form,RxNorm Extension,Oral Capsule
nifedipine,44034189,Nifedipine 5 MG Oral Capsule [Novo-Nifedin],Branded Drug,RxNorm Extension,Oral Capsule
nifedipine,21084230,Nifedipine 10 MG Oral Capsule Box of 84 by Alliance,Marketed Product,RxNorm Extension,Oral Capsule
nifedipine,35151590,Nifedipine 10 MG Oral Capsule [Towarat],Branded Drug,RxNorm Extension,Oral Capsule
nifedipine,41290002,Nifedipine 20 MG Oral Tablet [Corinfar] Box of 30 by TEVA,Marketed Product,RxNorm Extension,Oral Tablet
nifedipine,40897314,Nifedipine 10 MG Oral Capsule Box of 400,Clinical Drug Box,RxNorm Extension,Oral Capsule
nifedipine,41155121,Nifedipine 60 MG Oral Tablet [Nifedipin Stada] Box of 50,Branded Drug Box,RxNorm Extension,Oral Tablet
nifedipine,41102933,Nifedipine 40 MG Oral Tablet [Dignokonstant] Box of 50 by Daiichi Sankyo,Marketed Product,RxNorm Extension,Oral Tablet
nifedipine,40967357,Nifedipine 10 MG Oral Tablet [Corinfar],Branded Drug,RxNorm Extension,Oral Tablet
nifedipine,41416463,100 ML Nifedipine 0.2 MG/ML Oral Solution,Quant Clinical Drug,RxNorm Extension,Oral Solution
nifedipine,41385667,30 ML Nifedipine 0.667 MG/ML Oral Solution [Aprical],Quant Branded Drug,RxNorm Extension,Oral Solution
nifedipine,40925188,Nifedipine Oral Tablet [Nifedipin Verla],Branded Drug Form,RxNorm Extension,Oral Tablet
nifedipine,41197020,Nifedipine 20 MG Oral Tablet [Duranifin] Box of 98 by Mylan,Marketed Product,RxNorm Extension,Oral Tablet
nifedipine,40884495,Nifedipine 40 MG Oral Tablet [Cisday] Box of 20 by Novartis,Marketed Product,RxNorm Extension,Oral Tablet
labetalol,21066077,Labetalol 400 MG Oral Tablet Box of 250,Clinical Drug Box,RxNorm Extension,Oral Tablet
nifedipine,41258899,Nifedipine 20 MG Oral Tablet [Cordicant] Box of 30 by Mundipharma,Marketed Product,RxNorm Extension,Oral Tablet
nifedipine,41217509,Nifedipine 60 MG Oral Tablet [Nifehexal] Box of 30,Branded Drug Box,RxNorm Extension,Oral Tablet
nifedipine,41123676,Nifedipine 10 MG Oral Tablet [Corotrend],Branded Drug,RxNorm Extension,Oral Tablet
nifedipine,40977825,Nifedipine 20 MG Oral Tablet [Adalat] Box of 50 by Mevita,Marketed Product,RxNorm Extension,Oral Tablet
nifedipine,40842776,Nifedipine 40 MG Oral Tablet [Cisday],Branded Drug,RxNorm Extension,Oral Tablet
nifedipine,40874024,Nifedipine 30 MG Oral Tablet [Adalat] Box of 100,Branded Drug Box,RxNorm Extension,Oral Tablet
nifedipine,35751463,Nifedipine 30 MG Delayed Release Oral Tablet [Adalat LA] Box of 28 by Dowelhurst,Marketed Product,RxNorm Extension,Delayed Release Oral Tablet
nifedipine,35762738,Nifedipine 30 MG Delayed Release Oral Tablet [Hypolar] Box of 28,Branded Drug Box,RxNorm Extension,Delayed Release Oral Tablet
nifedipine,2064018,nifedipine 33 MG Extended Release Oral Tablet [NIFEDSOL],Branded Drug,RxNorm Extension,Extended Release Oral Tablet
nifedipine,21113703,Nifedipine 20 MG Extended Release Oral Tablet [Adalat] Box of 60 by Stephar,Marketed Product,RxNorm Extension,Extended Release Oral Tablet
nifedipine,21103924,Nifedipine 60 MG Extended Release Oral Tablet [Neozipine XL],Branded Drug,RxNorm Extension,Extended Release Oral Tablet
nifedipine,21074551,Nifedipine 20 MG Extended Release Oral Tablet [Coroday MR] by Mylan,Marketed Product,RxNorm Extension,Extended Release Oral Tablet
nifedipine,21064631,Nifedipine 30 MG Extended Release Oral Tablet by AM Distributions,Marketed Product,RxNorm Extension,Extended Release Oral Tablet
nifedipine,21044959,Nifedipine 30 MG Extended Release Oral Tablet [Adalat LA] by Waymade,Marketed Product,RxNorm Extension,Extended Release Oral Tablet
nifedipine,21165942,1 ML Nifedipine 5 MG/ML Oral Suspension,Quant Clinical Drug,RxNorm Extension,Oral Suspension
nifedipine,36783384,Nifedipine 40 MG Extended Release Oral Tablet [Hypan],Branded Drug,RxNorm Extension,Extended Release Oral Tablet
nifedipine,41248607,Nifedipine 20 MG Extended Release Oral Tablet [Nife] Box of 100,Branded Drug Box,RxNorm Extension,Extended Release Oral Tablet
nifedipine,41155148,Nifedipine 5 MG Oral Capsule [Nifedipin Heumann] Box of 50,Branded Drug Box,RxNorm Extension,Oral Capsule
nifedipine,41029716,Nifedipine 10 MG Extended Release Oral Tablet [Pidilat] Box of 1000,Branded Drug Box,RxNorm Extension,Extended Release Oral Tablet
nifedipine,42657632,Nifedipine 30 MG Extended Release Oral Capsule Box of 98 by Eurogenerics,Marketed Product,RxNorm Extension,Extended Release Oral Capsule
nifedipine,40884529,Nifedipine 20 MG Extended Release Oral Capsule [Nife Klast] Box of 50 by Linden,Marketed Product,RxNorm Extension,Extended Release Oral Capsule
nifedipine,2926276,nifedipine 20 MG Extended Release Oral Tablet [ADALAT OROS] Box of 30,Branded Drug Box,RxNorm Extension,Extended Release Oral Tablet
nifedipine,36783379,Nifedipine 30 MG Extended Release Oral Tablet [NIFEDIPINE EG] Box of 28 by Eurogenerics,Marketed Product,RxNorm Extension,Extended Release Oral Tablet
nifedipine,43783250,Nifedipine 5 MG Oral Capsule [Nifedipin Pb] by Docpharm,Marketed Product,RxNorm Extension,Oral Capsule
nifedipine,41279368,Nifedipine 20 MG Extended Release Oral Capsule [Jedipin] Box of 50,Branded Drug Box,RxNorm Extension,Extended Release Oral Capsule
nifedipine,41040283,Nifedipine 20 MG Extended Release Oral Capsule [Nifedipin Al] Box of 50 by Aliud,Marketed Product,RxNorm Extension,Extended Release Oral Capsule
nifedipine,43217494,Nifedipine 20 MG Extended Release Oral Tablet [NIFEDIPINE TEVA] Box of 30 by TEVA,Marketed Product,RxNorm Extension,Extended Release Oral Tablet
nifedipine,40967372,Nifedipine 20 MG Extended Release Oral Capsule [Tp Mpa] Box of 50,Branded Drug Box,RxNorm Extension,Extended Release Oral Capsule
nifedipine,35771159,Nifedipine 10 MG Extended Release Oral Capsule [Angiopine],Branded Drug,RxNorm Extension,Extended Release Oral Capsule
nifedipine,35135518,Nifedipine 40 MG Extended Release Oral Tablet [Nifelantern],Branded Drug,RxNorm Extension,Extended Release Oral Tablet
nifedipine,41289965,Nifedipine 60 MG Extended Release Oral Tablet [Nifedipin Stada] Box of 100 by Stada,Marketed Product,RxNorm Extension,Extended Release Oral Tablet
nifedipine,40884546,Nifedipine 20 MG Extended Release Oral Tablet Box of 30 by GDS,Marketed Product,RxNorm Extension,Extended Release Oral Tablet
nifedipine,40967389,Nifedipine 20 MG Oral Capsule [Duranifin] Box of 100,Branded Drug Box,RxNorm Extension,Oral Capsule
nifedipine,40936209,Nifedipine 5 MG Oral Capsule [Duranifin] Box of 25,Branded Drug Box,RxNorm Extension,Oral Capsule
nifedipine,21133180,Nifedipine 10 MG Extended Release Oral Tablet [Cardilate MR] by TEVA,Marketed Product,RxNorm Extension,Extended Release Oral Tablet
nifedipine,21133171,Nifedipine 20 MG Extended Release Oral Tablet [Adalat] Box of 56 by DE,Marketed Product,RxNorm Extension,Extended Release Oral Tablet
nifedipine,40967340,Nifedipine 10 MG Extended Release Oral Tablet [Nifedipin Stada] Box of 100,Branded Drug Box,RxNorm Extension,Extended Release Oral Tablet
nifedipine,40853301,Nifedipine 20 MG Extended Release Oral Tablet [Nifehexal] Box of 100 by Novartis,Marketed Product,RxNorm Extension,Extended Release Oral Tablet
nifedipine,41248608,Nifedipine 20 MG Extended Release Oral Tablet [Nife] Box of 50,Branded Drug Box,RxNorm Extension,Extended Release Oral Tablet
nifedipine,40725314,Nifedipine 10 MG Extended Release Oral Tablet Box of 56 by Kent,Marketed Product,RxNorm Extension,Extended Release Oral Tablet
nifedipine,41310667,Nifedipine 30 MG Extended Release Oral Tablet [Adalat] Box of 400,Branded Drug Box,RxNorm Extension,Extended Release Oral Tablet
nifedipine,41018676,Nifedipine Extended Release Oral Tablet [Tp Mtk],Branded Drug Form,RxNorm Extension,Extended Release Oral Tablet
nifedipine,44114363,Nifedipine 60 MG Extended Release Oral Tablet [Adalat] by Bayer,Marketed Product,RxNorm Extension,Extended Release Oral Tablet
nifedipine,21074545,Nifedipine 20 MG Extended Release Oral Tablet by Cubic,Marketed Product,RxNorm Extension,Extended Release Oral Tablet
nifedipine,40977806,Nifedipine 5 MG Oral Capsule [Nifecor] Box of 50 by Betapharm,Marketed Product,RxNorm Extension,Oral Capsule
nifedipine,40884516,Nifedipine 5 MG Oral Capsule [Pidilat] Box of 50 by Mylan,Marketed Product,RxNorm Extension,Oral Capsule
nifedipine,41092483,Nifedipine 5 MG Oral Capsule [Aprical] Box of 1000,Branded Drug Box,RxNorm Extension,Oral Capsule
nifedipine,40915468,Nifedipine 5 MG Oral Capsule [Aprical] Box of 50 by Medice,Marketed Product,RxNorm Extension,Oral Capsule
nifedipine,41299653,Nifedipine Oral Solution [Nifedipin Stada],Branded Drug Form,RxNorm Extension,Oral Solution
nifedipine,40998713,Nifedipine 5 MG Oral Capsule [Jedipin] Box of 100,Branded Drug Box,RxNorm Extension,Oral Capsule
nifedipine,41186226,Nifedipine 10 MG Oral Tablet [Nifedipin Basics] Box of 20,Branded Drug Box,RxNorm Extension,Oral Tablet
nifedipine,43693299,Nifedipine Oral Solution [Nife-Ct],Branded Drug Form,RxNorm Extension,Oral Solution
labetalol,21095496,Labetalol 20 MG/ML Oral Solution,Clinical Drug,RxNorm Extension,Oral Solution
nifedipine,40853272,Nifedipine 10 MG Oral Tablet [Nifedipin Basics] Box of 30 by Basics,Marketed Product,RxNorm Extension,Oral Tablet
labetalol,35887042,labetalol 200 MG Oral Tablet by Medihealth,Marketed Product,RxNorm Extension,Oral Tablet
nifedipine,41321262,Nifedipine 10 MG Oral Tablet [Corotrend] Box of 100 by Novartis,Marketed Product,RxNorm Extension,Oral Tablet
nifedipine,43272970,Nifedipine 20 MG Oral Tablet by Genrx,Marketed Product,RxNorm Extension,Oral Tablet
nifedipine,41196991,Nifedipine 60 MG Oral Tablet [Nife-Ct] Box of 100 by AbZ-Pharma,Marketed Product,RxNorm Extension,Oral Tablet
nifedipine,41144252,Nifedipine Oral Tablet [Nife Wolff],Branded Drug Form,RxNorm Extension,Oral Tablet
nifedipine,40998676,Nifedipine 40 MG Oral Tablet [Nife Wolff] Box of 100,Branded Drug Box,RxNorm Extension,Oral Tablet
nifedipine,41060924,Nifedipine 20 MG Oral Tablet [Cordicant] Box of 400,Branded Drug Box,RxNorm Extension,Oral Tablet
nifedipine,41029709,Nifedipine 40 MG Oral Tablet [Nife Wolff] Box of 50,Branded Drug Box,RxNorm Extension,Oral Tablet
nifedipine,41115920,Nifedipine 20 MG Oral Tablet Box of 500,Clinical Drug Box,RxNorm Extension,Oral Tablet
labetalol,35762584,Labetalol 200 MG Delayed Release Oral Tablet [Trandate] Box of 56,Branded Drug Box,RxNorm Extension,Delayed Release Oral Tablet
nifedipine,35759817,Nifedipine 30 MG Delayed Release Oral Tablet by Icarus,Marketed Product,RxNorm Extension,Delayed Release Oral Tablet
nifedipine,36267865,Nifedipine 60 MG Extended Release Oral Capsule [NIFEDIPINE EG],Branded Drug,RxNorm Extension,Extended Release Oral Capsule
nifedipine,36066805,nifedipine 10 MG Oral Capsule Box of 90 by Relonchem,Marketed Product,RxNorm Extension,Oral Capsule
nifedipine,41123693,Nifedipine 20 MG Extended Release Oral Capsule [Nife Puren] Box of 100,Branded Drug Box,RxNorm Extension,Extended Release Oral Capsule
nifedipine,41321277,Nifedipine 5 MG Oral Capsule [Corotrend] Box of 100 by Novartis,Marketed Product,RxNorm Extension,Oral Capsule
nifedipine,41228088,Nifedipine 20 MG Extended Release Oral Tablet [Nifehexal] Box of 50 by Novartis,Marketed Product,RxNorm Extension,Extended Release Oral Tablet
nifedipine,43855334,Nifedipine Extended Release Oral Capsule [Nifedipin-ratiopharm],Branded Drug Form,RxNorm Extension,Extended Release Oral Capsule
nifedipine,41092459,Nifedipine 10 MG Extended Release Oral Tablet [Corotrend] Box of 100,Branded Drug Box,RxNorm Extension,Extended Release Oral Tablet
nifedipine,41060912,Nifedipine 20 MG Extended Release Oral Tablet [Nifedipin Basics] Box of 30,Branded Drug Box,RxNorm Extension,Extended Release Oral Tablet
nifedipine,40853294,Nifedipine 20 MG Extended Release Oral Capsule [Nife-Ct] Box of 30 by AbZ-Pharma,Marketed Product,RxNorm Extension,Extended Release Oral Capsule
nifedipine,43603237,Nifedipine 10 MG Extended Release Oral Tablet [Nifical] by Winthrop,Marketed Product,RxNorm Extension,Extended Release Oral Tablet
nifedipine,41155178,Nifedipine 20 MG Extended Release Oral Tablet [Jutadilat],Branded Drug,RxNorm Extension,Extended Release Oral Tablet
nifedipine,41310653,Nifedipine 5 MG Oral Capsule [Nifedipin Verla],Branded Drug,RxNorm Extension,Oral Capsule
nifedipine,41248575,Nifedipine 20 MG/ML Oral Solution [Corotrend],Branded Drug,RxNorm Extension,Oral Solution
nifedipine,41217574,Nifedipine 20 MG Extended Release Oral Tablet [Nifecor] Box of 30,Branded Drug Box,RxNorm Extension,Extended Release Oral Tablet
nifedipine,41040264,Nifedipine 10 MG Extended Release Oral Tablet [Nifedipin Stada] Box of 20 by Stada,Marketed Product,RxNorm Extension,Extended Release Oral Tablet
nifedipine,40884504,Nifedipine 10 MG Extended Release Oral Tablet [Corotrend] Box of 50 by Novartis,Marketed Product,RxNorm Extension,Extended Release Oral Tablet
nifedipine,35150600,Nifedipine 10 MG Extended Release Oral Tablet [Siopelmin-L],Branded Drug,RxNorm Extension,Extended Release Oral Tablet
nifedipine,43217495,Nifedipine 20 MG Extended Release Oral Tablet [NIFEDIPINE TEVA] Box of 180,Branded Drug Box,RxNorm Extension,Extended Release Oral Tablet
nifedipine,43747146,Nifedipine 5 MG Oral Capsule [Nifedipin Stada],Branded Drug,RxNorm Extension,Oral Capsule
nifedipine,41197007,Nifedipine 30 MG Extended Release Oral Tablet [Adalat] Box of 30 by Bayer,Marketed Product,RxNorm Extension,Extended Release Oral Tablet
nifedipine,41186214,Nifedipine 10 MG Extended Release Oral Tablet [Adalat] Box of 50,Branded Drug Box,RxNorm Extension,Extended Release Oral Tablet
nifedipine,40936247,Nifedipine 20 MG Extended Release Oral Tablet [Corinfar] Box of 300,Branded Drug Box,RxNorm Extension,Extended Release Oral Tablet
nifedipine,40866134,Nifedipine 10 MG Extended Release Oral Tablet Box of 2000,Clinical Drug Box,RxNorm Extension,Extended Release Oral Tablet
nifedipine,40863015,Nifedipine Extended Release Oral Tablet [Nife Abz],Branded Drug Form,RxNorm Extension,Extended Release Oral Tablet
nifedipine,41321270,Nifedipine 10 MG Oral Capsule [Aprical] Box of 30 by Medice,Marketed Product,RxNorm Extension,Oral Capsule
nifedipine,44095553,Nifedipine Extended Release Oral Tablet [Nu-Nifedipine-Pa],Branded Drug Form,RxNorm Extension,Extended Release Oral Tablet
nifedipine,41123680,Nifedipine 5 MG Oral Capsule [Nifecor] Box of 30,Branded Drug Box,RxNorm Extension,Oral Capsule
nifedipine,21074567,Nifedipine 30 MG Extended Release Oral Tablet Box of 28 by Icarus,Marketed Product,RxNorm Extension,Extended Release Oral Tablet
nifedipine,21035101,Nifedipine 10 MG Extended Release Oral Tablet Box of 56 by AM Distributions,Marketed Product,RxNorm Extension,Extended Release Oral Tablet
nifedipine,21153021,Nifedipine 10 MG Extended Release Oral Tablet [Nifedipress MR] Box of 56 by Dexcel-Pharma,Marketed Product,RxNorm Extension,Extended Release Oral Tablet
nifedipine,21153019,Nifedipine 10 MG Extended Release Oral Tablet [Adipin] Box of 56 by Chiesi,Marketed Product,RxNorm Extension,Extended Release Oral Tablet
nifedipine,44075649,Nifedipine 10 MG Oral Capsule [Taro-Nifedipine] by Taro,Marketed Product,RxNorm Extension,Oral Capsule
nifedipine,40725325,Nifedipine 30 MG Extended Release Oral Tablet [Nidef] Box of 28,Branded Drug Box,RxNorm Extension,Extended Release Oral Tablet
nifedipine,40821181,Nifedipine 5 MG Oral Capsule [Leka] Box of 30,Branded Drug Box,RxNorm Extension,Oral Capsule
nifedipine,41279337,Nifedipine 10 MG Oral Capsule [Nifical] Box of 100,Branded Drug Box,RxNorm Extension,Oral Capsule
nifedipine,41165607,Nifedipine 10 MG Oral Capsule [Adalat] Box of 100 by Pharma Sued West,Marketed Product,RxNorm Extension,Oral Capsule
nifedipine,40915467,Nifedipine 5 MG Oral Capsule [Corinfar] Box of 30 by TEVA,Marketed Product,RxNorm Extension,Oral Capsule
nifedipine,40928321,Nifedipine 10 MG Oral Capsule Box of 250,Clinical Drug Box,RxNorm Extension,Oral Capsule
nifedipine,41123684,Nifedipine 5 MG Oral Capsule [Nife Basf],Branded Drug,RxNorm Extension,Oral Capsule
nifedipine,41102953,Nifedipine 10 MG Oral Capsule [Aprical] Box of 50 by Shire,Marketed Product,RxNorm Extension,Oral Capsule
nifedipine,21064625,Nifedipine 10 MG Oral Capsule by Waymade,Marketed Product,RxNorm Extension,Oral Capsule
nifedipine,21113723,Nifedipine 5 MG Oral Capsule by Ivax,Marketed Product,RxNorm Extension,Oral Capsule
nifedipine,40725311,Nifedipine 10 MG Oral Capsule [Adalat] by Sigma,Marketed Product,RxNorm Extension,Oral Capsule
nifedipine,41197018,Nifedipine 20 MG Oral Tablet [Nife-Ct] Box of 100 by AbZ-Pharma,Marketed Product,RxNorm Extension,Oral Tablet
nifedipine,41384951,30 ML Nifedipine 0.667 MG/ML Oral Solution Box of 20,Quant Clinical Box,RxNorm Extension,Oral Solution
nifedipine,40842821,Nifedipine 20 MG Oral Tablet [Nifedipin Verla] Box of 100,Branded Drug Box,RxNorm Extension,Oral Tablet
labetalol,40727623,Labetalol 50 MG Oral Tablet [Trandate] Box of 56 by RPH,Marketed Product,RxNorm Extension,Oral Tablet
nifedipine,41386222,30 ML Nifedipine 20 MG/ML Oral Solution [Corotrend],Quant Branded Drug,RxNorm Extension,Oral Solution
nifedipine,41186253,Nifedipine 20 MG Oral Tablet [Nifedipin Abz],Branded Drug,RxNorm Extension,Oral Tablet
nifedipine,43278428,Nifedipine 20 MG Oral Tablet [Nyefax] Box of 60,Branded Drug Box,RxNorm Extension,Oral Tablet
nifedipine,41228063,Nifedipine 10 MG Oral Tablet Box of 30 by Dexcel-Pharma,Marketed Product,RxNorm Extension,Oral Tablet
nifedipine,41271687,Nifedipine 60 MG Oral Tablet Box of 400,Clinical Drug Box,RxNorm Extension,Oral Tablet
nifedipine,43195627,Nifedipine 20 MG Oral Tablet Box of 30,Clinical Drug Box,RxNorm Extension,Oral Tablet
nifedipine,40998683,Nifedipine 10 MG Oral Tablet [Nifreal] Box of 50,Branded Drug Box,RxNorm Extension,Oral Tablet
labetalol,40727616,Labetalol 400 MG Oral Tablet [Trandate] Box of 250 by RPH,Marketed Product,RxNorm Extension,Oral Tablet
nifedipine,41165628,Nifedipine 20 MG Oral Tablet [Nifecor] Box of 50 by Betapharm,Marketed Product,RxNorm Extension,Oral Tablet
nifedipine,41084661,Nifedipine 10 MG Oral Tablet Box of 300,Clinical Drug Box,RxNorm Extension,Oral Tablet
nifedipine,41217503,Nifedipine 40 MG Oral Tablet [Nifehexal] Box of 20,Branded Drug Box,RxNorm Extension,Oral Tablet
nifedipine,40936231,Nifedipine 20 MG Oral Tablet [Pidilat],Branded Drug,RxNorm Extension,Oral Tablet
nifedipine,40884501,Nifedipine 10 MG Oral Tablet [Nifedipin Pb] Box of 100 by PB,Marketed Product,RxNorm Extension,Oral Tablet
nifedipine,35770756,Nifedipine 30 MG Delayed Release Oral Tablet Box of 28,Clinical Drug Box,RxNorm Extension,Delayed Release Oral Tablet
nifedipine,35758538,Nifedipine 30 MG Delayed Release Oral Tablet [Adanif XL],Branded Drug,RxNorm Extension,Delayed Release Oral Tablet
nifedipine,43151590,Nifedipine 30 MG Delayed Release Oral Tablet [CHRONADALATE L] Box of 100,Branded Drug Box,RxNorm Extension,Delayed Release Oral Tablet
nifedipine,40915463,Nifedipine 5 MG Oral Capsule [Pidilat] Box of 100 by Mylan,Marketed Product,RxNorm Extension,Oral Capsule
nifedipine,40725332,Nifedipine 5 MG Oral Capsule by Sigma,Marketed Product,RxNorm Extension,Oral Capsule
nifedipine,2926270,nifedipine 60 MG Extended Release Oral Tablet by APO,Marketed Product,RxNorm Extension,Extended Release Oral Tablet
nifedipine,35868173,nifedipine Oral Tablet [Naxintong],Branded Drug Form,RxNorm Extension,Oral Tablet
nifedipine,41279367,Nifedipine 20 MG Extended Release Oral Capsule [Nifedipin Stada] Box of 20,Branded Drug Box,RxNorm Extension,Extended Release Oral Capsule
nifedipine,21143143,Nifedipine 5 MG Oral Capsule by Co-Pharma,Marketed Product,RxNorm Extension,Oral Capsule
nifedipine,43034957,Nifedipine 30 MG Extended Release Oral Tablet Box of 30 by Arrow,Marketed Product,RxNorm Extension,Extended Release Oral Tablet
nifedipine,41186197,Nifedipine 60 MG Extended Release Oral Tablet [Nifehexal] Box of 50,Branded Drug Box,RxNorm Extension,Extended Release Oral Tablet
nifedipine,41175200,Nifedipine Extended Release Oral Tablet [Nifedipin Ksk],Branded Drug Form,RxNorm Extension,Extended Release Oral Tablet
nifedipine,41248593,Nifedipine 20 MG Extended Release Oral Capsule [Nife Puren],Branded Drug,RxNorm Extension,Extended Release Oral Capsule
nifedipine,35743119,Nifedipine 10 MG Extended Release Oral Capsule [Adalat] Box of 100 by Stephar,Marketed Product,RxNorm Extension,Extended Release Oral Capsule
nifedipine,36926805,nifedipine 10 MG Extended Release Oral Capsule by Viatris Healthcare,Marketed Product,RxNorm Extension,Extended Release Oral Capsule
nifedipine,41102973,Nifedipine 20 MG Extended Release Oral Capsule [Corotrend] Box of 100 by Kytta Siegfried,Marketed Product,RxNorm Extension,Extended Release Oral Capsule
nifedipine,41155116,Nifedipine 40 MG Extended Release Oral Tablet [Nife Wolff],Branded Drug,RxNorm Extension,Extended Release Oral Tablet
nifedipine,21035118,Nifedipine 40 MG Extended Release Oral Tablet by Ennogen,Marketed Product,RxNorm Extension,Extended Release Oral Tablet
nifedipine,44088517,Nifedipine 10 MG Oral Capsule [Nu-Nifed] by Nu-Pharm,Marketed Product,RxNorm Extension,Oral Capsule
nifedipine,41102985,Nifedipine 20 MG Extended Release Oral Tablet Box of 100 by GDS,Marketed Product,RxNorm Extension,Extended Release Oral Tablet
nifedipine,41155132,Nifedipine 10 MG Extended Release Oral Tablet [Adalat] Box of 30,Branded Drug Box,RxNorm Extension,Extended Release Oral Tablet
nifedipine,43162769,Nifedipine 20 MG Oral Tablet [NIFEDIPINE MYLAN] Box of 30,Branded Drug Box,RxNorm Extension,Oral Tablet
nifedipine,41092447,Nifedipine 40 MG Extended Release Oral Tablet [Nifedipin Sandoz] Box of 50,Branded Drug Box,RxNorm Extension,Extended Release Oral Tablet
nifedipine,41197003,Nifedipine 5 MG Oral Capsule [Jedipin] Box of 30 by Jenapharm,Marketed Product,RxNorm Extension,Oral Capsule
nifedipine,41092502,Nifedipine 20 MG Extended Release Oral Tablet [Corotrend] Box of 100,Branded Drug Box,RxNorm Extension,Extended Release Oral Tablet
nifedipine,41271690,Nifedipine 5 MG Oral Capsule Box of 30,Clinical Drug Box,RxNorm Extension,Oral Capsule
nifedipine,41081420,Nifedipine Oral Capsule [Nife Puren],Branded Drug Form,RxNorm Extension,Oral Capsule
nifedipine,36419770,Nifedipine 50 MG Extended Release Oral Tablet [Corinfar] Box of 50,Branded Drug Box,RxNorm Extension,Extended Release Oral Tablet
nifedipine,21103909,Nifedipine 20 MG Extended Release Oral Tablet [Adalat] by DE,Marketed Product,RxNorm Extension,Extended Release Oral Tablet
nifedipine,21153032,Nifedipine 60 MG Extended Release Oral Tablet [Adipin] Box of 28,Branded Drug Box,RxNorm Extension,Extended Release Oral Tablet
nifedipine,41071562,Nifedipine 20 MG Extended Release Oral Tablet [Nifedipin Stada] Box of 100 by Stada,Marketed Product,RxNorm Extension,Extended Release Oral Tablet
nifedipine,41040271,Nifedipine 10 MG Oral Capsule [Corotrend] Box of 100 by Novartis,Marketed Product,RxNorm Extension,Oral Capsule
nifedipine,40998715,Nifedipine 5 MG Oral Capsule [Aprical] Box of 30,Branded Drug Box,RxNorm Extension,Oral Capsule
labetalol,36812324,Labetalol 100 MG Oral Tablet by Tillomed,Marketed Product,RxNorm Extension,Oral Tablet
nifedipine,41258868,Nifedipine 10 MG Oral Capsule [Adalat] Box of 50 by A+S Unicare,Marketed Product,RxNorm Extension,Oral Capsule
nifedipine,41217526,Nifedipine 10 MG Oral Capsule [Nifedipin Stada] Box of 50,Branded Drug Box,RxNorm Extension,Oral Capsule
nifedipine,41248616,Nifedipine 20 MG Oral Capsule [Pidilat] Box of 20,Branded Drug Box,RxNorm Extension,Oral Capsule
nifedipine,41228080,Nifedipine 5 MG Oral Capsule [Aprical] Box of 100 by Medice,Marketed Product,RxNorm Extension,Oral Capsule
nifedipine,41186232,Nifedipine 5 MG Oral Capsule [Nife Puren] Box of 100,Branded Drug Box,RxNorm Extension,Oral Capsule
nifedipine,40853282,Nifedipine 10 MG Oral Capsule [Corotrend] Box of 30 by Novartis,Marketed Product,RxNorm Extension,Oral Capsule
nifedipine,41060873,Nifedipine 10 MG Oral Capsule [Nifedipin Stada] Box of 100,Branded Drug Box,RxNorm Extension,Oral Capsule
nifedipine,41186246,Nifedipine 20 MG Oral Tablet [Nifreal] Box of 50,Branded Drug Box,RxNorm Extension,Oral Tablet
nifedipine,43845126,30 ML Nifedipine 20 MG/ML Oral Solution [Nifehexal] by Hexal,Marketed Product,RxNorm Extension,Oral Solution
nifedipine,41385968,30 ML Nifedipine 0.667 MG/ML Oral Solution [Cordicant],Quant Branded Drug,RxNorm Extension,Oral Solution
nifedipine,41009148,Nifedipine 60 MG Oral Tablet Box of 100 by Ratiopharm,Marketed Product,RxNorm Extension,Oral Tablet
nifedipine,40946842,Nifedipine 20 MG Oral Tablet [Adalat] Box of 100 by Eurim-Pharm,Marketed Product,RxNorm Extension,Oral Tablet
labetalol,21105359,Labetalol 1 MG/ML Oral Solution,Clinical Drug,RxNorm Extension,Oral Solution
labetalol,40727618,Labetalol 400 MG Oral Tablet [Trandate] by RPH,Marketed Product,RxNorm Extension,Oral Tablet
labetalol,36935299,labetalol 200 MG Oral Tablet by Viatris Healthcare,Marketed Product,RxNorm Extension,Oral Tablet
nifedipine,40873994,Nifedipine 10 MG Oral Tablet [Pidilat],Branded Drug,RxNorm Extension,Oral Tablet
nifedipine,40842830,Nifedipine 20 MG Oral Tablet [Corinfar] Box of 100,Branded Drug Box,RxNorm Extension,Oral Tablet
labetalol,40727613,Labetalol 100 MG Oral Tablet [Trandate] by RPH,Marketed Product,RxNorm Extension,Oral Tablet
nifedipine,41321257,Nifedipine 10 MG Oral Tablet [Pidilat] Box of 20 by Mylan,Marketed Product,RxNorm Extension,Oral Tablet
labetalol,35153913,Labetalol 50 MG Oral Tablet [Resporito],Branded Drug,RxNorm Extension,Oral Tablet
nifedipine,40998705,Nifedipine 10 MG Oral Tablet [Corotrend] Box of 30,Branded Drug Box,RxNorm Extension,Oral Tablet
nifedipine,41196987,Nifedipine 40 MG Oral Tablet [Dignokonstant] Box of 20 by Daiichi Sankyo,Marketed Product,RxNorm Extension,Oral Tablet
nifedipine,41123653,Nifedipine 40 MG Oral Tablet [Corinfar] Box of 50,Branded Drug Box,RxNorm Extension,Oral Tablet
nifedipine,40936226,Nifedipine 50 MG Oral Tablet [Corinfar] Box of 250,Branded Drug Box,RxNorm Extension,Oral Tablet
nifedipine,40967356,Nifedipine 10 MG Oral Tablet [Duranifin] Box of 50,Branded Drug Box,RxNorm Extension,Oral Tablet
nifedipine,40928320,Nifedipine 10 MG Oral Tablet Box of 400,Clinical Drug Box,RxNorm Extension,Oral Tablet
nifedipine,41165593,Nifedipine 40 MG Oral Tablet [Duranifin] Box of 100 by Mylan,Marketed Product,RxNorm Extension,Oral Tablet
nifedipine,41217513,Nifedipine 60 MG Oral Tablet [Aprical] Box of 49,Branded Drug Box,RxNorm Extension,Oral Tablet
labetalol,40897810,Labetalol 200 MG Delayed Release Oral Tablet Box of 50,Clinical Drug Box,RxNorm Extension,Delayed Release Oral Tablet
labetalol,41250092,Labetalol 200 MG Delayed Release Oral Tablet [Trandate] Box of 1000,Branded Drug Box,RxNorm Extension,Delayed Release Oral Tablet
nifedipine,35772531,Nifedipine 30 MG Delayed Release Oral Tablet Box of 28 by Ethigen,Marketed Product,RxNorm Extension,Delayed Release Oral Tablet
nifedipine,35759812,Nifedipine 30 MG Delayed Release Oral Tablet [Adalat LA] by Sigma-Tau,Marketed Product,RxNorm Extension,Delayed Release Oral Tablet
nifedipine,21153025,Nifedipine 30 MG Extended Release Oral Tablet by Sigma-Tau,Marketed Product,RxNorm Extension,Extended Release Oral Tablet
nifedipine,21103920,Nifedipine 30 MG Extended Release Oral Tablet Box of 28 by Ethigen,Marketed Product,RxNorm Extension,Extended Release Oral Tablet
nifedipine,41115919,Nifedipine 20 MG Extended Release Oral Capsule Box of 30,Clinical Drug Box,RxNorm Extension,Extended Release Oral Capsule
nifedipine,41040284,Nifedipine 20 MG Extended Release Oral Capsule [Jedipin] Box of 100 by Jenapharm,Marketed Product,RxNorm Extension,Extended Release Oral Capsule
nifedipine,41389357,30 ML Nifedipine 10 MG/ML Oral Solution [Dignokonstant] Box of 1,Quant Branded Box,RxNorm Extension,Oral Solution
nifedipine,41165639,Nifedipine 20 MG Extended Release Oral Tablet [Adalat] Box of 100 by Alpha Med,Marketed Product,RxNorm Extension,Extended Release Oral Tablet
nifedipine,40946844,Nifedipine 20 MG Extended Release Oral Tablet [Adalat] Box of 50 by Eurim-Pharm,Marketed Product,RxNorm Extension,Extended Release Oral Tablet
nifedipine,40873989,Nifedipine 40 MG Extended Release Oral Tablet [Nife Wolff] Box of 50,Branded Drug Box,RxNorm Extension,Extended Release Oral Tablet
nifedipine,40998692,Nifedipine 10 MG Oral Capsule [Nifedipat] Box of 100,Branded Drug Box,RxNorm Extension,Oral Capsule
nifedipine,21084244,Nifedipine 5 MG/ML Oral Suspension,Clinical Drug,RxNorm Extension,Oral Suspension
nifedipine,21133170,Nifedipine 20 MG Extended Release Oral Tablet [Adalat LA] Box of 14,Branded Drug Box,RxNorm Extension,Extended Release Oral Tablet
nifedipine,43801095,Nifedipine 10 MG Extended Release Oral Capsule [Nif Ten] by Astrazeneca,Marketed Product,RxNorm Extension,Extended Release Oral Capsule
nifedipine,41092445,Nifedipine 40 MG Extended Release Oral Tablet [Nifedipin Stada] Box of 50,Branded Drug Box,RxNorm Extension,Extended Release Oral Tablet
nifedipine,43034956,Nifedipine 30 MG Extended Release Oral Tablet Box of 30 by Sandoz,Marketed Product,RxNorm Extension,Extended Release Oral Tablet
nifedipine,43034954,Nifedipine 30 MG Extended Release Oral Tablet Box of 30 by Ranbaxy,Marketed Product,RxNorm Extension,Extended Release Oral Tablet
nifedipine,41217517,Nifedipine 10 MG Extended Release Oral Tablet [Nifical] Box of 100,Branded Drug Box,RxNorm Extension,Extended Release Oral Tablet
nifedipine,41060898,Nifedipine 30 MG Extended Release Oral Tablet [Nife-Ct] Box of 100,Branded Drug Box,RxNorm Extension,Extended Release Oral Tablet
nifedipine,41040277,Nifedipine 5 MG Oral Capsule [Nifedipin Pb] Box of 30 by PB,Marketed Product,RxNorm Extension,Oral Capsule
nifedipine,21093969,Nifedipine 10 MG Extended Release Oral Tablet Box of 56 by DE,Marketed Product,RxNorm Extension,Extended Release Oral Tablet
nifedipine,43140584,Nifedipine 30 MG Extended Release Oral Tablet [NIFEDIPINE EG] Box of 30 by Eurogenerics,Marketed Product,RxNorm Extension,Extended Release Oral Tablet
nifedipine,44111668,Nifedipine 10 MG Oral Capsule [Novo-Nifedin],Branded Drug,RxNorm Extension,Oral Capsule
labetalol,21124772,Labetalol 20 MG/ML Oral Suspension,Clinical Drug,RxNorm Extension,Oral Suspension
nifedipine,43801097,Nifedipine 10 MG Oral Capsule [Nifedipin-ratiopharm],Branded Drug,RxNorm Extension,Oral Capsule
nifedipine,40998680,Nifedipine 60 MG Extended Release Oral Tablet [Nife-Ct] Box of 30,Branded Drug Box,RxNorm Extension,Extended Release Oral Tablet
nifedipine,40842783,Nifedipine 10 MG Extended Release Oral Tablet [Nifedipin Stada] Box of 500,Branded Drug Box,RxNorm Extension,Extended Release Oral Tablet
labetalol,21144589,Labetalol 400 MG Oral Tablet by Mylan,Marketed Product,RxNorm Extension,Oral Tablet
nifedipine,41155182,Nifedipine 20 MG Oral Capsule [Aprical],Branded Drug,RxNorm Extension,Oral Capsule
nifedipine,41009186,Nifedipine 20 MG Extended Release Oral Tablet Box of 50 by Novartis,Marketed Product,RxNorm Extension,Extended Release Oral Tablet
nifedipine,36066810,nifedipine 5 MG Oral Capsule Box of 90 by Relonchem,Marketed Product,RxNorm Extension,Oral Capsule
nifedipine,41123685,Nifedipine 5 MG Oral Capsule [Cordicant] Box of 20,Branded Drug Box,RxNorm Extension,Oral Capsule
nifedipine,21143129,Nifedipine 30 MG Extended Release Oral Tablet by Icarus,Marketed Product,RxNorm Extension,Extended Release Oral Tablet
nifedipine,40842808,Nifedipine 5 MG Oral Capsule [Leka] Box of 100,Branded Drug Box,RxNorm Extension,Oral Capsule
nifedipine,40842805,Nifedipine 5 MG Oral Capsule [Nifedipin Stada] Box of 50,Branded Drug Box,RxNorm Extension,Oral Capsule
nifedipine,21064622,Nifedipine 20 MG Extended Release Oral Tablet Box of 60,Clinical Drug Box,RxNorm Extension,Extended Release Oral Tablet
nifedipine,40904969,Nifedipine 20 MG Extended Release Oral Tablet [Adalat] Box of 50,Branded Drug Box,RxNorm Extension,Extended Release Oral Tablet
nifedipine,40725333,Nifedipine Extended Release Oral Tablet [Nidef],Branded Drug Form,RxNorm Extension,Extended Release Oral Tablet
nifedipine,43639370,Nifedipine 10 MG Oral Capsule [Nifedipin Stada] by Stada,Marketed Product,RxNorm Extension,Oral Capsule
nifedipine,41060877,Nifedipine 10 MG Oral Capsule [Jedipin] Box of 30,Branded Drug Box,RxNorm Extension,Oral Capsule
nifedipine,41228067,Nifedipine 10 MG Oral Capsule [Nifeclair] Box of 20 by Hennig,Marketed Product,RxNorm Extension,Oral Capsule
nifedipine,41248576,Nifedipine 20 MG/ML Oral Solution [Aprical],Branded Drug,RxNorm Extension,Oral Solution
nifedipine,41147415,Nifedipine 0.2 MG/ML Oral Solution,Clinical Drug,RxNorm Extension,Oral Solution
nifedipine,43590111,1 ML Nifedipine 20 MG/ML Oral Solution [Nifedipin-ratiopharm],Quant Branded Drug,RxNorm Extension,Oral Solution
nifedipine,40884547,Nifedipine 20 MG Oral Capsule [Pidilat] Box of 20 by Mylan,Marketed Product,RxNorm Extension,Oral Capsule
nifedipine,41186244,Nifedipine 20 MG Oral Tablet [Pidilat] Box of 1000,Branded Drug Box,RxNorm Extension,Oral Tablet
nifedipine,41165641,Nifedipine 20 MG Oral Tablet Box of 30 by Acis,Marketed Product,RxNorm Extension,Oral Tablet
nifedipine,41386828,30 ML Nifedipine 20 MG/ML Oral Solution [Corinfar] Box of 1,Quant Branded Box,RxNorm Extension,Oral Solution
labetalol,40897808,Labetalol 400 MG Oral Tablet Box of 100,Clinical Drug Box,RxNorm Extension,Oral Tablet
nifedipine,43267484,Nifedipine 20 MG Oral Tablet [Nifehexal],Branded Drug,RxNorm Extension,Oral Tablet
nifedipine,41134362,Nifedipine 30 MG Oral Tablet [Nifedipin Basics] Box of 50 by Basics,Marketed Product,RxNorm Extension,Oral Tablet
labetalol,21056252,Labetalol 100 MG Oral Tablet Box of 56 by Mylan,Marketed Product,RxNorm Extension,Oral Tablet
nifedipine,40987695,Nifedipine Oral Tablet [Nife Abz],Branded Drug Form,RxNorm Extension,Oral Tablet
labetalol,21036625,Labetalol 200 MG Oral Tablet by Kent,Marketed Product,RxNorm Extension,Oral Tablet
labetalol,40991427,Labetalol 100 MG Oral Tablet Box of 1000,Clinical Drug Box,RxNorm Extension,Oral Tablet
labetalol,35763416,Labetalol 200 MG Delayed Release Oral Tablet by Sigma-Tau,Marketed Product,RxNorm Extension,Delayed Release Oral Tablet
nifedipine,36119642,nifedipine 20 MG Extended Release Oral Tablet [Dexipress] Box of 56 by Dexcel-Pharma,Marketed Product,RxNorm Extension,Extended Release Oral Tablet
nifedipine,783884,Nifedipine 30 MG Extended Release Oral Capsule [Adalat] Box of 28 by PI-Pharma,Marketed Product,RxNorm Extension,Extended Release Oral Capsule
nifedipine,21172612,Nifedipine 10 MG Oral Capsule [Adalat] Box of 100 by Stephar,Marketed Product,RxNorm Extension,Oral Capsule
nifedipine,36066799,nifedipine 30 MG Extended Release Oral Tablet [Adalat LA] Box of 28 by CST,Marketed Product,RxNorm Extension,Extended Release Oral Tablet
nifedipine,21162871,Nifedipine 20 MG Extended Release Oral Tablet by J M McGill,Marketed Product,RxNorm Extension,Extended Release Oral Tablet
nifedipine,21029934,100 ML Nifedipine 1 MG/ML Oral Suspension,Quant Clinical Drug,RxNorm Extension,Oral Suspension
nifedipine,41258860,Nifedipine 10 MG Oral Capsule [Nifedipin Sandoz] Box of 100 by Novartis,Marketed Product,RxNorm Extension,Oral Capsule
nifedipine,41310678,Nifedipine 20 MG Extended Release Oral Tablet [Nifehexal] Box of 20,Branded Drug Box,RxNorm Extension,Extended Release Oral Tablet
nifedipine,36263553,Nifedipine 60 MG Extended Release Oral Capsule [Adalat] Box of 56 by Bayer,Marketed Product,RxNorm Extension,Extended Release Oral Capsule
nifedipine,41009181,Nifedipine 20 MG Extended Release Oral Tablet [Cordicant] Box of 30 by Mundipharma,Marketed Product,RxNorm Extension,Extended Release Oral Tablet
nifedipine,41092466,Nifedipine 10 MG Oral Capsule [Nifedipin Heumann] Box of 50,Branded Drug Box,RxNorm Extension,Oral Capsule
nifedipine,44036757,Nifedipine 20 MG Extended Release Oral Tablet by Pro Doc Limitee,Marketed Product,RxNorm Extension,Extended Release Oral Tablet
nifedipine,40842818,Nifedipine 20 MG Extended Release Oral Capsule [Nifedipin Al] Box of 50,Branded Drug Box,RxNorm Extension,Extended Release Oral Capsule
nifedipine,41384909,30 ML Nifedipine 20 MG/ML Oral Solution [Nifedipin Stada] Box of 1,Quant Branded Box,RxNorm Extension,Oral Solution
nifedipine,44062931,Nifedipine 60 MG Extended Release Oral Tablet by Pro Doc Limitee,Marketed Product,RxNorm Extension,Extended Release Oral Tablet
nifedipine,43294647,Nifedipine 30 MG Extended Release Oral Tablet [Nifedipine Xr] by Apotex,Marketed Product,RxNorm Extension,Extended Release Oral Tablet
nifedipine,44073031,Nifedipine 5 MG Oral Capsule [Pms-Nifedipine],Branded Drug,RxNorm Extension,Oral Capsule
nifedipine,44095555,Nifedipine Oral Capsule [Taro-Nifedipine],Branded Drug Form,RxNorm Extension,Oral Capsule
nifedipine,21093973,Nifedipine 30 MG Extended Release Oral Capsule Box of 28,Clinical Drug Box,RxNorm Extension,Extended Release Oral Capsule
nifedipine,41329543,1 ML Nifedipine 20 MG/ML Oral Solution Box of 1,Quant Clinical Box,RxNorm Extension,Oral Solution
nifedipine,41279357,Nifedipine 0.667 MG/ML Oral Solution [Corotrend],Branded Drug,RxNorm Extension,Oral Solution
nifedipine,41060923,Nifedipine 20 MG Extended Release Oral Tablet [Corinfar] Box of 30,Branded Drug Box,RxNorm Extension,Extended Release Oral Tablet
nifedipine,21172604,Nifedipine 20 MG Extended Release Oral Tablet [Adalat LA] by Waymade,Marketed Product,RxNorm Extension,Extended Release Oral Tablet
nifedipine,40725329,Nifedipine 5 MG Oral Capsule Box of 84 by Strides Shasun,Marketed Product,RxNorm Extension,Oral Capsule
nifedipine,36934695,nifedipine 5 MG Oral Capsule by Pharma Strides,Marketed Product,RxNorm Extension,Oral Capsule
nifedipine,41321287,Nifedipine 20 MG Extended Release Oral Tablet [Nifedipin Basics] Box of 50 by Basics,Marketed Product,RxNorm Extension,Extended Release Oral Tablet
nifedipine,43278424,Nifedipine Oral Tablet [Adefin],Branded Drug Form,RxNorm Extension,Oral Tablet
nifedipine,41060916,Nifedipine 20 MG Extended Release Oral Tablet [Nifecor] Box of 100,Branded Drug Box,RxNorm Extension,Extended Release Oral Tablet
nifedipine,41289981,Nifedipine 10 MG Oral Capsule [Adalat] Box of 50 by Eurim-Pharm,Marketed Product,RxNorm Extension,Oral Capsule
nifedipine,41258876,Nifedipine 5 MG Oral Capsule [Nifedipat] Box of 100 by Azupharma,Marketed Product,RxNorm Extension,Oral Capsule
nifedipine,41155128,Nifedipine 10 MG Extended Release Oral Tablet [Nifedipin Verla] Box of 20,Branded Drug Box,RxNorm Extension,Extended Release Oral Tablet
nifedipine,21172615,Nifedipine 10 MG Extended Release Oral Tablet Box of 56 by Cubic,Marketed Product,RxNorm Extension,Extended Release Oral Tablet
nifedipine,21162890,Nifedipine 30 MG Extended Release Oral Tablet [Adalat LA] Box of 28 by Lexon,Marketed Product,RxNorm Extension,Extended Release Oral Tablet
nifedipine,40967355,Nifedipine 10 MG Oral Capsule [Adalat] Box of 84,Branded Drug Box,RxNorm Extension,Oral Capsule
labetalol,21026829,Labetalol 200 MG Oral Tablet Box of 56 by Kent,Marketed Product,RxNorm Extension,Oral Tablet
nifedipine,21074561,Nifedipine 10 MG Extended Release Oral Tablet Box of 56 by Icarus,Marketed Product,RxNorm Extension,Extended Release Oral Tablet
nifedipine,21162877,Nifedipine 20 MG Extended Release Oral Tablet [Adalat LA] by Dowelhurst,Marketed Product,RxNorm Extension,Extended Release Oral Tablet
nifedipine,43217487,Nifedipine 10 MG Oral Capsule [Adalate] Box of 90,Branded Drug Box,RxNorm Extension,Oral Capsule
nifedipine,41217547,Nifedipine 5 MG Oral Capsule [Nife Abz] Box of 100,Branded Drug Box,RxNorm Extension,Oral Capsule
nifedipine,41186236,Nifedipine 5 MG Oral Capsule [Jedipin],Branded Drug,RxNorm Extension,Oral Capsule
nifedipine,41165617,Nifedipine 5 MG Oral Capsule [Nife Wolff] Box of 50 by Wolff Bielefeld,Marketed Product,RxNorm Extension,Oral Capsule
nifedipine,40866141,Nifedipine 20 MG Oral Capsule Box of 50,Clinical Drug Box,RxNorm Extension,Oral Capsule
nifedipine,41279350,Nifedipine 20 MG/ML Oral Solution [Nifehexal] Box of 1,Branded Drug Box,RxNorm Extension,Oral Solution
nifedipine,40967353,Nifedipine 10 MG Oral Capsule [Nife-Ct],Branded Drug,RxNorm Extension,Oral Capsule
nifedipine,41102961,Nifedipine 5 MG Oral Capsule [Nifedipat] Box of 50 by Azupharma,Marketed Product,RxNorm Extension,Oral Capsule
nifedipine,41155138,Nifedipine 10 MG Oral Capsule [Nife Puren],Branded Drug,RxNorm Extension,Oral Capsule
nifedipine,41310679,Nifedipine 20 MG Oral Tablet [Nifedipin Stada],Branded Drug,RxNorm Extension,Oral Tablet
nifedipine,41060932,Nifedipine 20 MG Oral Capsule [Adalat] Box of 30,Branded Drug Box,RxNorm Extension,Oral Capsule
nifedipine,41197014,Nifedipine 20 MG Oral Tablet [Nifedipin 1a Pharma] Box of 50 by 1 A,Marketed Product,RxNorm Extension,Oral Tablet
nifedipine,41102984,Nifedipine 20 MG Oral Tablet [Adalat] Box of 30 by Bayer,Marketed Product,RxNorm Extension,Oral Tablet
nifedipine,41060929,Nifedipine 20 MG Oral Tablet [Adalat] Box of 300,Branded Drug Box,RxNorm Extension,Oral Tablet
nifedipine,40959643,Nifedipine 0.667 MG/ML Oral Solution Box of 20,Clinical Drug Box,RxNorm Extension,Oral Solution
nifedipine,41040282,Nifedipine 30 MG Oral Tablet [Nifedipin Stada] Box of 50 by Stada,Marketed Product,RxNorm Extension,Oral Tablet
nifedipine,40897318,Nifedipine 30 MG Oral Tablet Box of 100,Clinical Drug Box,RxNorm Extension,Oral Tablet
nifedipine,41029732,Nifedipine 10 MG Oral Tablet [Nifeclair] Box of 100,Branded Drug Box,RxNorm Extension,Oral Tablet
nifedipine,40987693,Nifedipine Oral Tablet [Nifedipin Al],Branded Drug Form,RxNorm Extension,Oral Tablet
nifedipine,40959638,Nifedipine 60 MG Oral Tablet Box of 49,Clinical Drug Box,RxNorm Extension,Oral Tablet
nifedipine,41290009,Nifedipine 20 MG Oral Tablet [Adalat] Box of 50 by Eurim-Pharm,Marketed Product,RxNorm Extension,Oral Tablet
labetalol,35141130,Labetalol 50 MG Oral Tablet by Towa,Marketed Product,RxNorm Extension,Oral Tablet
nifedipine,40884535,Nifedipine 20 MG Oral Tablet [Nife Isis] Box of 50 by Puren,Marketed Product,RxNorm Extension,Oral Tablet
nifedipine,41197023,Nifedipine 20 MG Oral Tablet [Adalate] Box of 100 by Gruenewald,Marketed Product,RxNorm Extension,Oral Tablet
nifedipine,43829179,100 MG Nifedipine 0.0499 MG/MG Oral Solution [Bukonif-5] by Dr. Kurt Burghart,Marketed Product,RxNorm Extension,Oral Solution
nifedipine,41009178,Nifedipine 20 MG Oral Tablet [Dignokonstant] Box of 50 by Daiichi Sankyo,Marketed Product,RxNorm Extension,Oral Tablet
labetalol,44125090,Labetalol 200 MG Oral Tablet [Apo-Labetalol],Branded Drug,RxNorm Extension,Oral Tablet
nifedipine,41217539,Nifedipine 10 MG Oral Tablet [Nifeclair] Box of 50,Branded Drug Box,RxNorm Extension,Oral Tablet
nifedipine,44069765,Nifedipine Oral Tablet [Apo-Nifed],Branded Drug Form,RxNorm Extension,Oral Tablet
nifedipine,35759813,Nifedipine 30 MG Delayed Release Oral Tablet [Slofedipine XL] Box of 28 by Zentiva,Marketed Product,RxNorm Extension,Delayed Release Oral Tablet
nifedipine,35772528,Nifedipine 30 MG Delayed Release Oral Tablet [Adalat LA] by Bayer,Marketed Product,RxNorm Extension,Delayed Release Oral Tablet
nifedipine,35747325,Nifedipine 30 MG Delayed Release Oral Tablet [Nimodrel XL] Box of 28 by Zurich,Marketed Product,RxNorm Extension,Delayed Release Oral Tablet
nifedipine,21162886,Nifedipine 30 MG Extended Release Oral Tablet Box of 28 by DE,Marketed Product,RxNorm Extension,Extended Release Oral Tablet
nifedipine,21143135,Nifedipine 30 MG Extended Release Oral Tablet [Adalat LA] by Bayer,Marketed Product,RxNorm Extension,Extended Release Oral Tablet
nifedipine,21035106,Nifedipine 30 MG Extended Release Oral Tablet by Ethigen,Marketed Product,RxNorm Extension,Extended Release Oral Tablet
nifedipine,41310669,Nifedipine 20 MG Extended Release Oral Capsule [Nifedipin Sandoz] Box of 50,Branded Drug Box,RxNorm Extension,Extended Release Oral Capsule
nifedipine,35831258,nifedipine 0.01 MG/MG Oral Granules,Clinical Drug,RxNorm Extension,Oral Granules
nifedipine,35887774,nifedipine 5 MG Oral Capsule by Strides,Marketed Product,RxNorm Extension,Oral Capsule
nifedipine,41389474,30 ML Nifedipine 0.667 MG/ML Oral Solution [Aprical] Box of 3 by Shire,Marketed Product,RxNorm Extension,Oral Solution
nifedipine,43711226,Nifedipine 60 MG Extended Release Oral Tablet [Nifehexal],Branded Drug,RxNorm Extension,Extended Release Oral Tablet
nifedipine,40725331,Nifedipine 5 MG Oral Capsule by Strides Shasun,Marketed Product,RxNorm Extension,Oral Capsule
nifedipine,41387209,30 ML Nifedipine 0.667 MG/ML Oral Solution [Nifehexal] Box of 1 by Novartis,Marketed Product,RxNorm Extension,Oral Solution
nifedipine,41155162,Nifedipine 20 MG Extended Release Oral Capsule [Aprical] Box of 200,Branded Drug Box,RxNorm Extension,Extended Release Oral Capsule
nifedipine,40831759,Nifedipine Extended Release Oral Capsule [Nife Puren],Branded Drug Form,RxNorm Extension,Extended Release Oral Capsule
nifedipine,43289207,Nifedipine Extended Release Oral Tablet [Addos],Branded Drug Form,RxNorm Extension,Extended Release Oral Tablet
nifedipine,35152871,Nifedipine 20 MG Extended Release Oral Tablet by Towa,Marketed Product,RxNorm Extension,Extended Release Oral Tablet
nifedipine,21172619,Nifedipine 30 MG Extended Release Oral Tablet [Valni],Branded Drug,RxNorm Extension,Extended Release Oral Tablet
nifedipine,21143119,Nifedipine 20 MG Extended Release Oral Tablet [Adipin] by Chiesi,Marketed Product,RxNorm Extension,Extended Release Oral Tablet
nifedipine,41123654,Nifedipine 40 MG Extended Release Oral Tablet [Corinfar] Box of 20,Branded Drug Box,RxNorm Extension,Extended Release Oral Tablet
nifedipine,40874002,Nifedipine 10 MG Extended Release Oral Tablet [Corosten] Box of 100,Branded Drug Box,RxNorm Extension,Extended Release Oral Tablet
nifedipine,41071560,Nifedipine 20 MG Extended Release Oral Capsule [Aprical] Box of 50 by Shire,Marketed Product,RxNorm Extension,Extended Release Oral Capsule
nifedipine,41268646,Nifedipine Extended Release Oral Capsule [Aprical],Branded Drug Form,RxNorm Extension,Extended Release Oral Capsule
nifedipine,43267491,Nifedipine 60 MG Extended Release Oral Tablet [Nifedipine Xr],Branded Drug,RxNorm Extension,Extended Release Oral Tablet
nifedipine,43693301,Nifedipine Extended Release Oral Tablet [Nifedipin Basics],Branded Drug Form,RxNorm Extension,Extended Release Oral Tablet
nifedipine,44101511,Nifedipine 5 MG Oral Capsule by Schein,Marketed Product,RxNorm Extension,Oral Capsule
nifedipine,41217519,Nifedipine 10 MG Extended Release Oral Tablet [Nifical],Branded Drug,RxNorm Extension,Extended Release Oral Tablet
nifedipine,40998696,Nifedipine 10 MG Oral Capsule [Nife Klast] Box of 30,Branded Drug Box,RxNorm Extension,Oral Capsule
nifedipine,35147887,Nifedipine Extended Release Oral Tablet [Nifelantern],Branded Drug Form,RxNorm Extension,Extended Release Oral Tablet
nifedipine,41302814,Nifedipine 20 MG Extended Release Oral Tablet Box of 42,Clinical Drug Box,RxNorm Extension,Extended Release Oral Tablet
nifedipine,41186247,Nifedipine 20 MG Extended Release Oral Tablet [Nifehexal] Box of 50,Branded Drug Box,RxNorm Extension,Extended Release Oral Tablet
nifedipine,41165627,Nifedipine 20 MG Extended Release Oral Tablet [Nifedipin Al] Box of 30 by Aliud,Marketed Product,RxNorm Extension,Extended Release Oral Tablet
nifedipine,40874041,Nifedipine 20 MG Extended Release Oral Tablet [Corotrend] Box of 30,Branded Drug Box,RxNorm Extension,Extended Release Oral Tablet
nifedipine,41388218,30 ML Nifedipine 20 MG/ML Oral Solution [Nifreal],Quant Branded Drug,RxNorm Extension,Oral Solution
nifedipine,43261979,Nifedipine 20 MG Oral Tablet Box of 60 by Chemmart,Marketed Product,RxNorm Extension,Oral Tablet
nifedipine,41321298,Nifedipine 20 MG Extended Release Oral Tablet [Adalat] Box of 50 by Mevita,Marketed Product,RxNorm Extension,Extended Release Oral Tablet
nifedipine,41029744,Nifedipine 20 MG Extended Release Oral Tablet [Nifehexal] Box of 30,Branded Drug Box,RxNorm Extension,Extended Release Oral Tablet
nifedipine,40946805,Nifedipine 10 MG Extended Release Oral Tablet [Nifecor] Box of 20 by 3M,Marketed Product,RxNorm Extension,Extended Release Oral Tablet
nifedipine,41279380,Nifedipine 20 MG Extended Release Oral Tablet [Dignokonstant] Box of 20,Branded Drug Box,RxNorm Extension,Extended Release Oral Tablet
nifedipine,41134380,Nifedipine 20 MG Extended Release Oral Tablet [Adalat] Box of 100 by Eurim-Pharm,Marketed Product,RxNorm Extension,Extended Release Oral Tablet
nifedipine,41102983,Nifedipine 20 MG Extended Release Oral Tablet [Adalat] Box of 50 by Emra-Med,Marketed Product,RxNorm Extension,Extended Release Oral Tablet
nifedipine,40946832,Nifedipine 20 MG Extended Release Oral Tablet [Nifehexal] Box of 400 by Novartis,Marketed Product,RxNorm Extension,Extended Release Oral Tablet
labetalol,21066073,Labetalol 200 MG Oral Tablet Box of 56 by Sandoz,Marketed Product,RxNorm Extension,Oral Tablet
nifedipine,43151596,Nifedipine 30 MG Extended Release Oral Tablet [NIFEDIPINE MYLAN] Box of 90 by Mylan,Marketed Product,RxNorm Extension,Extended Release Oral Tablet
nifedipine,40977792,Nifedipine 10 MG Oral Capsule [Nifehexal] Box of 50 by Novartis,Marketed Product,RxNorm Extension,Oral Capsule
nifedipine,21093986,Nifedipine 40 MG Extended Release Oral Tablet [Fortipine LA] Box of 30 by AMCo,Marketed Product,RxNorm Extension,Extended Release Oral Tablet
nifedipine,21025351,Nifedipine 30 MG Extended Release Oral Tablet [Adalat LA] Box of 28 by Waymade,Marketed Product,RxNorm Extension,Extended Release Oral Tablet
nifedipine,44114366,Nifedipine 10 MG Oral Capsule by AA,Marketed Product,RxNorm Extension,Oral Capsule
nifedipine,36963653,nifedipine 5 MG Oral Capsule Box of 90 by A A H,Marketed Product,RxNorm Extension,Oral Capsule
nifedipine,41248587,Nifedipine 0.667 MG/ML Oral Solution [Nife-Ct] Box of 1,Branded Drug Box,RxNorm Extension,Oral Solution
nifedipine,41155183,Nifedipine 20 MG Oral Capsule [Adalat] Box of 50,Branded Drug Box,RxNorm Extension,Oral Capsule
nifedipine,41248571,Nifedipine 10 MG Oral Capsule [Corinfar] Box of 30,Branded Drug Box,RxNorm Extension,Oral Capsule
nifedipine,41321265,Nifedipine 10 MG Oral Capsule [Nifedipin Pb] Box of 100 by Docpharm,Marketed Product,RxNorm Extension,Oral Capsule
nifedipine,41060872,Nifedipine 10 MG Oral Capsule [Nifedipin Verla] Box of 20,Branded Drug Box,RxNorm Extension,Oral Capsule
nifedipine,40977795,Nifedipine 10 MG Oral Capsule [Duranifin] Box of 500 by Mylan,Marketed Product,RxNorm Extension,Oral Capsule
nifedipine,41389360,30 ML Nifedipine 0.667 MG/ML Oral Solution [Corotrend] Box of 1,Quant Branded Box,RxNorm Extension,Oral Solution
nifedipine,36066812,nifedipine 5 MG Oral Capsule Box of 90 by CST,Marketed Product,RxNorm Extension,Oral Capsule
nifedipine,41155145,Nifedipine 20 MG/ML Oral Solution [Aprical] Box of 3,Branded Drug Box,RxNorm Extension,Oral Solution
nifedipine,40884542,Nifedipine 20 MG Oral Tablet [Adalat] Box of 50 by Beragena,Marketed Product,RxNorm Extension,Oral Tablet
labetalol,36946964,labetalol 400 MG Oral Tablet by Viatris Healthcare,Marketed Product,RxNorm Extension,Oral Tablet
labetalol,21076013,Labetalol 200 MG Oral Tablet Box of 56 by Sigma-Tau,Marketed Product,RxNorm Extension,Oral Tablet
nifedipine,44088513,Nifedipine 20 MG Oral Tablet [Adalat] by Miles,Marketed Product,RxNorm Extension,Oral Tablet
nifedipine,43289208,Nifedipine 20 MG Oral Tablet by Terry White Chemists,Marketed Product,RxNorm Extension,Oral Tablet
nifedipine,43283768,Nifedipine 10 MG Oral Tablet [Adefin],Branded Drug,RxNorm Extension,Oral Tablet
labetalol,41280901,Labetalol 200 MG Oral Tablet [Trandate] Box of 2500,Branded Drug Box,RxNorm Extension,Oral Tablet
nifedipine,41071573,Nifedipine 20 MG Oral Tablet Box of 30 by GDS,Marketed Product,RxNorm Extension,Oral Tablet
labetalol,21026830,Labetalol 200 MG Oral Tablet [Trandate] Box of 56,Branded Drug Box,RxNorm Extension,Oral Tablet
nifedipine,40853314,Nifedipine 20 MG Oral Tablet [Adalat] Box of 30 by Kohlpharma,Marketed Product,RxNorm Extension,Oral Tablet
nifedipine,41279376,Nifedipine 20 MG Oral Tablet [Nifeclair] Box of 20,Branded Drug Box,RxNorm Extension,Oral Tablet
nifedipine,41228061,Nifedipine 10 MG Oral Tablet [Corotrend] Box of 30 by Novartis,Marketed Product,RxNorm Extension,Oral Tablet
nifedipine,41060909,Nifedipine 20 MG Oral Tablet [Nifehexal] Box of 400,Branded Drug Box,RxNorm Extension,Oral Tablet
nifedipine,40904909,Nifedipine 60 MG Oral Tablet [Aprical] Box of 50,Branded Drug Box,RxNorm Extension,Oral Tablet
nifedipine,40946798,Nifedipine 40 MG Oral Tablet [Cisday] Box of 50 by Kytta Siegfried,Marketed Product,RxNorm Extension,Oral Tablet
nifedipine,41102976,Nifedipine 20 MG Oral Tablet [Nifical] Box of 100 by Sanofi,Marketed Product,RxNorm Extension,Oral Tablet
nifedipine,41134364,Nifedipine 30 MG Oral Tablet Box of 100 by Ratiopharm,Marketed Product,RxNorm Extension,Oral Tablet
nifedipine,35751472,Nifedipine 30 MG Delayed Release Oral Tablet by Colorama,Marketed Product,RxNorm Extension,Delayed Release Oral Tablet
nifedipine,43217489,Nifedipine 30 MG Delayed Release Oral Tablet Box of 90,Clinical Drug Box,RxNorm Extension,Delayed Release Oral Tablet
labetalol,35759213,Labetalol 200 MG Delayed Release Oral Tablet Box of 56 by A A H,Marketed Product,RxNorm Extension,Delayed Release Oral Tablet
labetalol,41210419,Labetalol 200 MG Delayed Release Oral Tablet Box of 2500,Clinical Drug Box,RxNorm Extension,Delayed Release Oral Tablet
nifedipine,21113715,Nifedipine 30 MG Extended Release Oral Capsule [Coracten XL] by UCB,Marketed Product,RxNorm Extension,Extended Release Oral Capsule
nifedipine,21162893,Nifedipine 60 MG Extended Release Oral Tablet [Nimodrel XL] Box of 28,Branded Drug Box,RxNorm Extension,Extended Release Oral Tablet
nifedipine,35140175,1010 MG Nifedipine 0.02 MG/MG Oral Granules,Quant Clinical Drug,RxNorm Extension,Oral Granules
nifedipine,41123715,Nifedipine 20 MG Oral Capsule [Aprical] Box of 50,Branded Drug Box,RxNorm Extension,Oral Capsule
nifedipine,41040269,Nifedipine 10 MG Oral Capsule [Nife-Ct] Box of 100 by AbZ-Pharma,Marketed Product,RxNorm Extension,Oral Capsule
nifedipine,40904971,Nifedipine 20 MG Oral Capsule [Nifedipin Stada] Box of 100,Branded Drug Box,RxNorm Extension,Oral Capsule
nifedipine,40863013,Nifedipine Extended Release Oral Capsule [Nifedipat],Branded Drug Form,RxNorm Extension,Extended Release Oral Capsule
nifedipine,41258856,Nifedipine 10 MG Extended Release Oral Tablet [Nifecor] Box of 50 by 3M,Marketed Product,RxNorm Extension,Extended Release Oral Tablet
nifedipine,41123713,Nifedipine 20 MG Extended Release Oral Tablet [Adalat] Box of 42,Branded Drug Box,RxNorm Extension,Extended Release Oral Tablet
nifedipine,40990868,Nifedipine 20 MG Extended Release Oral Capsule Box of 20,Clinical Drug Box,RxNorm Extension,Extended Release Oral Capsule
nifedipine,41102968,Nifedipine 30 MG Extended Release Oral Tablet [Nifedipin Basics] Box of 100 by Basics,Marketed Product,RxNorm Extension,Extended Release Oral Tablet
nifedipine,41310670,Nifedipine 20 MG Extended Release Oral Capsule [Aprical],Branded Drug,RxNorm Extension,Extended Release Oral Capsule
nifedipine,41258884,Nifedipine 20 MG Extended Release Oral Capsule [Aprical] Box of 50 by Medice,Marketed Product,RxNorm Extension,Extended Release Oral Capsule
nifedipine,43267487,Nifedipine 30 MG Extended Release Oral Tablet [Adefin] Box of 30,Branded Drug Box,RxNorm Extension,Extended Release Oral Tablet
nifedipine,44101512,Nifedipine 60 MG Extended Release Oral Tablet [Pms-Nifedipine] by Pharmascience,Marketed Product,RxNorm Extension,Extended Release Oral Tablet
nifedipine,36272915,Nifedipine 60 MG Extended Release Oral Capsule [Adalat],Branded Drug,RxNorm Extension,Extended Release Oral Capsule
nifedipine,35747319,Nifedipine 10 MG Extended Release Oral Capsule [Adalat] by Dowelhurst,Marketed Product,RxNorm Extension,Extended Release Oral Capsule
nifedipine,21054757,Nifedipine Extended Release Oral Capsule [Coracten SR],Branded Drug Form,RxNorm Extension,Extended Release Oral Capsule
nifedipine,41258879,Nifedipine 30 MG Extended Release Oral Tablet [Nifedipin Basics] Box of 50 by Basics,Marketed Product,RxNorm Extension,Extended Release Oral Tablet
nifedipine,40874028,Nifedipine 20 MG Extended Release Oral Capsule [Nife Klast] Box of 30,Branded Drug Box,RxNorm Extension,Extended Release Oral Capsule
nifedipine,41060870,Nifedipine 10 MG Oral Capsule [Pidilat] Box of 500,Branded Drug Box,RxNorm Extension,Oral Capsule
nifedipine,21035093,Nifedipine 20 MG Extended Release Oral Tablet [Adalat LA] Box of 28 by DE,Marketed Product,RxNorm Extension,Extended Release Oral Tablet
labetalol,21056248,Labetalol 15 MG/ML Oral Suspension,Clinical Drug,RxNorm Extension,Oral Suspension
nifedipine,41217580,Nifedipine 20 MG Extended Release Oral Tablet [Mtw Nifedipin] Box of 100,Branded Drug Box,RxNorm Extension,Extended Release Oral Tablet
nifedipine,41071568,Nifedipine 20 MG Extended Release Oral Tablet [Duranifin] Box of 100 by Mylan,Marketed Product,RxNorm Extension,Extended Release Oral Tablet
nifedipine,40884490,Nifedipine 40 MG Extended Release Oral Tablet [Nifedipin Sandoz] Box of 20 by Novartis,Marketed Product,RxNorm Extension,Extended Release Oral Tablet
nifedipine,41178446,Nifedipine 20 MG Extended Release Oral Tablet Box of 2000,Clinical Drug Box,RxNorm Extension,Extended Release Oral Tablet
nifedipine,43256669,Nifedipine Extended Release Oral Tablet [Adefin],Branded Drug Form,RxNorm Extension,Extended Release Oral Tablet
nifedipine,41165602,Nifedipine 10 MG Oral Capsule [Nifedipin Heumann] Box of 30 by Heumann,Marketed Product,RxNorm Extension,Oral Capsule
nifedipine,21133190,Nifedipine 60 MG Extended Release Oral Tablet [Nimodrel XL],Branded Drug,RxNorm Extension,Extended Release Oral Tablet
nifedipine,21123303,Nifedipine 20 MG Extended Release Oral Tablet Box of 56 by Pharma-z,Marketed Product,RxNorm Extension,Extended Release Oral Tablet
nifedipine,21084220,Nifedipine Extended Release Oral Tablet [Nifopress MR],Branded Drug Form,RxNorm Extension,Extended Release Oral Tablet
nifedipine,35135445,Nifedipine 40 MG Extended Release Oral Tablet by Towa,Marketed Product,RxNorm Extension,Extended Release Oral Tablet
nifedipine,40987689,Nifedipine Extended Release Oral Tablet [Nifical],Branded Drug Form,RxNorm Extension,Extended Release Oral Tablet
nifedipine,41310654,Nifedipine 5 MG Oral Capsule [Nifedipin Pb] Box of 100,Branded Drug Box,RxNorm Extension,Oral Capsule
nifedipine,41040266,Nifedipine 10 MG Oral Capsule [Nifehexal] Box of 30 by Novartis,Marketed Product,RxNorm Extension,Oral Capsule
nifedipine,41386989,30 ML Nifedipine 20 MG/ML Oral Solution Box of 5,Quant Clinical Box,RxNorm Extension,Oral Solution
nifedipine,40936213,Nifedipine 5 MG Oral Capsule [Adalat] Box of 100,Branded Drug Box,RxNorm Extension,Oral Capsule
nifedipine,41237635,Nifedipine Oral Solution [Nifical],Branded Drug Form,RxNorm Extension,Oral Solution
nifedipine,41029729,Nifedipine 10 MG Oral Capsule [Adalat] Box of 2000,Branded Drug Box,RxNorm Extension,Oral Capsule
nifedipine,41248577,Nifedipine 5 MG Oral Capsule [Nifelat] Box of 100,Branded Drug Box,RxNorm Extension,Oral Capsule
nifedipine,40936207,Nifedipine 5 MG Oral Capsule [Jutadilat] Box of 100,Branded Drug Box,RxNorm Extension,Oral Capsule
nifedipine,41060876,Nifedipine 10 MG Oral Capsule [Jutadilat] Box of 100,Branded Drug Box,RxNorm Extension,Oral Capsule
nifedipine,41248609,Nifedipine 20 MG Oral Tablet [Duranifin] Box of 50,Branded Drug Box,RxNorm Extension,Oral Tablet
nifedipine,41155163,Nifedipine 20 MG Oral Tablet [Pidilat] Box of 100,Branded Drug Box,RxNorm Extension,Oral Tablet
nifedipine,40987691,Nifedipine Oral Tablet [Nifedipin Sandoz],Branded Drug Form,RxNorm Extension,Oral Tablet
nifedipine,40853264,Nifedipine 40 MG Oral Tablet [Corinfar] Box of 50 by TEVA,Marketed Product,RxNorm Extension,Oral Tablet
nifedipine,41279374,Nifedipine 20 MG Oral Tablet [Nifedipin Verla] Box of 50,Branded Drug Box,RxNorm Extension,Oral Tablet
nifedipine,40853270,Nifedipine 10 MG Oral Tablet [Pidilat] Box of 100 by Mylan,Marketed Product,RxNorm Extension,Oral Tablet
nifedipine,40853265,Nifedipine 40 MG Oral Tablet [Corinfar] Box of 20 by TEVA,Marketed Product,RxNorm Extension,Oral Tablet
labetalol,41094063,Labetalol 400 MG Oral Tablet [Trandate] Box of 25,Branded Drug Box,RxNorm Extension,Oral Tablet
nifedipine,41092452,Nifedipine 60 MG Oral Tablet [Adalat] Box of 400,Branded Drug Box,RxNorm Extension,Oral Tablet
nifedipine,40915488,Nifedipine 20 MG Oral Tablet [Nife Wolff] Box of 30 by Wolff Bielefeld,Marketed Product,RxNorm Extension,Oral Tablet
nifedipine,40904932,Nifedipine 10 MG Oral Tablet [Corinfar] Box of 30,Branded Drug Box,RxNorm Extension,Oral Tablet
nifedipine,41186255,Nifedipine 20 MG Oral Tablet [Nifecor] Box of 100,Branded Drug Box,RxNorm Extension,Oral Tablet
nifedipine,41147416,Nifedipine 30 MG Oral Tablet Box of 98,Clinical Drug Box,RxNorm Extension,Oral Tablet
nifedipine,40884545,Nifedipine 20 MG Oral Tablet Box of 50 by Dexcel-Pharma,Marketed Product,RxNorm Extension,Oral Tablet
labetalol,36276602,Labetalol 200 MG Delayed Release Oral Tablet [Trandate] Box of 75 by Aspen,Marketed Product,RxNorm Extension,Delayed Release Oral Tablet
nifedipine,35772532,Nifedipine 30 MG Delayed Release Oral Tablet by Ethigen,Marketed Product,RxNorm Extension,Delayed Release Oral Tablet
nifedipine,36812150,Nifedipine 30 MG Extended Release Oral Tablet [Adanif XL] by AMCo,Marketed Product,RxNorm Extension,Extended Release Oral Tablet
nifedipine,21113693,Nifedipine 20 MG Extended Release Oral Tablet Box of 28,Clinical Drug Box,RxNorm Extension,Extended Release Oral Tablet
nifedipine,35747320,Nifedipine 10 MG Extended Release Oral Capsule by Boots,Marketed Product,RxNorm Extension,Extended Release Oral Capsule
nifedipine,21113700,Nifedipine 20 MG Extended Release Oral Tablet [Adalat LA] by Bayer,Marketed Product,RxNorm Extension,Extended Release Oral Tablet
nifedipine,21044942,Nifedipine 20 MG Extended Release Oral Tablet Box of 56 by Sigma-Tau,Marketed Product,RxNorm Extension,Extended Release Oral Tablet
nifedipine,35887752,nifedipine 30 MG Extended Release Oral Tablet by Morningside,Marketed Product,RxNorm Extension,Extended Release Oral Tablet
nifedipine,41165608,Nifedipine 10 MG Oral Capsule [Adalat] Box of 50 by Beragena,Marketed Product,RxNorm Extension,Oral Capsule
nifedipine,40853321,Nifedipine 20 MG Oral Capsule [Aprical] Box of 30 by Medice,Marketed Product,RxNorm Extension,Oral Capsule
nifedipine,43162762,Nifedipine 30 MG Extended Release Oral Tablet Box of 90,Clinical Drug Box,RxNorm Extension,Extended Release Oral Tablet
nifedipine,36927318,nifedipine 10 MG Extended Release Oral Capsule Box of 90 by A A H,Marketed Product,RxNorm Extension,Extended Release Oral Capsule
nifedipine,43765080,Nifedipine 20 MG Extended Release Oral Capsule [Nifedipin Stada] by Stada,Marketed Product,RxNorm Extension,Extended Release Oral Capsule
nifedipine,41385479,30 ML Nifedipine 10 MG/ML Oral Solution [Dignokonstant] Box of 1 by Daiichi Sankyo,Marketed Product,RxNorm Extension,Oral Solution
nifedipine,36267864,Nifedipine 60 MG Extended Release Oral Capsule [NIFEDIPINE EG] Box of 98,Branded Drug Box,RxNorm Extension,Extended Release Oral Capsule
nifedipine,40842819,Nifedipine 20 MG Extended Release Oral Capsule [Nifedipat] Box of 50,Branded Drug Box,RxNorm Extension,Extended Release Oral Capsule
nifedipine,41049945,Nifedipine Extended Release Oral Capsule [Nifedipin Sandoz],Branded Drug Form,RxNorm Extension,Extended Release Oral Capsule
nifedipine,43603239,Nifedipine 10 MG Extended Release Oral Tablet [Nifedipin Atid],Branded Drug,RxNorm Extension,Extended Release Oral Tablet
nifedipine,43639367,Nifedipine 20 MG Extended Release Oral Tablet [Nifedipin Atid] by Dexcel-Pharma,Marketed Product,RxNorm Extension,Extended Release Oral Tablet
nifedipine,41258847,Nifedipine 40 MG Extended Release Oral Tablet [Dignokonstant] Box of 100 by Daiichi Sankyo,Marketed Product,RxNorm Extension,Extended Release Oral Tablet
nifedipine,36783385,Nifedipine 40 MG Extended Release Oral Tablet Box of 56,Clinical Drug Box,RxNorm Extension,Extended Release Oral Tablet
nifedipine,41217537,Nifedipine 10 MG Oral Capsule [Adalat] Box of 400,Branded Drug Box,RxNorm Extension,Oral Capsule
nifedipine,41258896,Nifedipine 20 MG Extended Release Oral Tablet [Corotrend] Box of 100 by Kytta Siegfried,Marketed Product,RxNorm Extension,Extended Release Oral Tablet
labetalol,21095498,Labetalol 5 MG/ML Oral Suspension,Clinical Drug,RxNorm Extension,Oral Suspension
nifedipine,41165591,Nifedipine 40 MG Extended Release Oral Tablet [Nifedipin Sandoz] Box of 100 by Novartis,Marketed Product,RxNorm Extension,Extended Release Oral Tablet
nifedipine,40904904,Nifedipine 40 MG Extended Release Oral Tablet [Dignokonstant] Box of 100,Branded Drug Box,RxNorm Extension,Extended Release Oral Tablet
nifedipine,41155122,Nifedipine 60 MG Extended Release Oral Tablet [Nifedipin Stada] Box of 30,Branded Drug Box,RxNorm Extension,Extended Release Oral Tablet
nifedipine,43801092,Nifedipine 20 MG Oral Capsule [Nifehexal] by Hexal,Marketed Product,RxNorm Extension,Oral Capsule
nifedipine,41009165,Nifedipine 5 MG Oral Capsule [Nifeclair] Box of 20 by Hennig,Marketed Product,RxNorm Extension,Oral Capsule
nifedipine,21064633,Nifedipine 30 MG Extended Release Oral Tablet [Nimodrel XL] by Zurich,Marketed Product,RxNorm Extension,Extended Release Oral Tablet
nifedipine,43837369,Nifedipine Oral Solution [Bukonif-5],Branded Drug Form,RxNorm Extension,Oral Solution
nifedipine,21153005,Nifedipine 20 MG Extended Release Oral Tablet [Adalat LA] Box of 28 by Lexon,Marketed Product,RxNorm Extension,Extended Release Oral Tablet
nifedipine,21113707,Nifedipine 10 MG Extended Release Oral Tablet by Mawdsley-Brooks,Marketed Product,RxNorm Extension,Extended Release Oral Tablet
nifedipine,40884507,Nifedipine 10 MG Oral Capsule [Nife Abz] Box of 100 by AbZ-Pharma,Marketed Product,RxNorm Extension,Oral Capsule
nifedipine,41144248,Nifedipine Oral Solution [Pidilat],Branded Drug Form,RxNorm Extension,Oral Solution
nifedipine,41271689,Nifedipine 10 MG Oral Capsule Box of 500,Clinical Drug Box,RxNorm Extension,Oral Capsule
nifedipine,41021845,Nifedipine 0.667 MG/ML Oral Solution Box of 5,Clinical Drug Box,RxNorm Extension,Oral Solution
nifedipine,40977799,Nifedipine 10 MG Oral Capsule [Adalat] Box of 30 by Mtk,Marketed Product,RxNorm Extension,Oral Capsule
nifedipine,41217508,Nifedipine 40 MG Oral Tablet [Dignokonstant] Box of 50,Branded Drug Box,RxNorm Extension,Oral Tablet
nifedipine,41092453,Nifedipine 10 MG Oral Tablet [Pidilat] Box of 100,Branded Drug Box,RxNorm Extension,Oral Tablet
nifedipine,41147411,Nifedipine 60 MG Oral Tablet Box of 98,Clinical Drug Box,RxNorm Extension,Oral Tablet
nifedipine,41081422,Nifedipine Oral Tablet [Dignokonstant],Branded Drug Form,RxNorm Extension,Oral Tablet
labetalol,41062420,Labetalol 100 MG Oral Tablet [Trandate] Box of 2500,Branded Drug Box,RxNorm Extension,Oral Tablet
nifedipine,40998675,Nifedipine 40 MG Oral Tablet [Nifedipat],Branded Drug,RxNorm Extension,Oral Tablet
nifedipine,41389355,30 ML Nifedipine 20 MG/ML Oral Solution [Nifecor],Quant Branded Drug,RxNorm Extension,Oral Solution
nifedipine,36939237,30 ML nifedipine 20 MG/ML Oral Solution by Drug Tariff Special Order,Marketed Product,RxNorm Extension,Oral Solution
nifedipine,40904929,Nifedipine 10 MG Oral Tablet [Nifeclair],Branded Drug,RxNorm Extension,Oral Tablet
nifedipine,41299654,Nifedipine Oral Tablet [Nifreal],Branded Drug Form,RxNorm Extension,Oral Tablet
nifedipine,40884512,Nifedipine 10 MG Oral Tablet [Nifical] Box of 20 by Sanofi,Marketed Product,RxNorm Extension,Oral Tablet
labetalol,40727622,Labetalol 400 MG Oral Tablet by Sigma,Marketed Product,RxNorm Extension,Oral Tablet
nifedipine,40842777,Nifedipine 60 MG Oral Tablet [Nife-Ct] Box of 100,Branded Drug Box,RxNorm Extension,Oral Tablet
nifedipine,40959640,Nifedipine 10 MG Oral Tablet Box of 2000,Clinical Drug Box,RxNorm Extension,Oral Tablet
nifedipine,41147417,Nifedipine 30 MG Oral Tablet Box of 30,Clinical Drug Box,RxNorm Extension,Oral Tablet
nifedipine,35753780,Nifedipine Delayed Release Oral Tablet [Hypolar],Branded Drug Form,RxNorm Extension,Delayed Release Oral Tablet
nifedipine,35747323,Nifedipine 30 MG Delayed Release Oral Tablet [Adalat LA] by Mawdsley-Brooks,Marketed Product,RxNorm Extension,Delayed Release Oral Tablet
labetalol,35759214,Labetalol 200 MG Delayed Release Oral Tablet Box of 56 by DE,Marketed Product,RxNorm Extension,Delayed Release Oral Tablet
nifedipine,41279341,Nifedipine 10 MG Oral Capsule [Nife Wolff] Box of 100,Branded Drug Box,RxNorm Extension,Oral Capsule
nifedipine,36272914,Nifedipine 30 MG Extended Release Oral Capsule [Adalat] Box of 28,Branded Drug Box,RxNorm Extension,Extended Release Oral Capsule
nifedipine,36266268,Nifedipine 30 MG Extended Release Oral Capsule [Adalat] Box of 28 by Bayer,Marketed Product,RxNorm Extension,Extended Release Oral Capsule
nifedipine,41123683,Nifedipine 5 MG Oral Capsule [Nife-Ct],Branded Drug,RxNorm Extension,Oral Capsule
nifedipine,40946803,Nifedipine 10 MG Extended Release Oral Tablet [Nifedipin Stada] Box of 100 by Stada,Marketed Product,RxNorm Extension,Extended Release Oral Tablet
nifedipine,36419769,Nifedipine 50 MG Extended Release Oral Tablet [Corinfar] Box of 100,Branded Drug Box,RxNorm Extension,Extended Release Oral Tablet
nifedipine,44101515,Nifedipine 30 MG Extended Release Oral Tablet by Sivem,Marketed Product,RxNorm Extension,Extended Release Oral Tablet
nifedipine,21025355,Nifedipine 5 MG Oral Capsule Box of 84 by Actavis,Marketed Product,RxNorm Extension,Oral Capsule
nifedipine,41196996,Nifedipine 10 MG Extended Release Oral Tablet [Nifedipin Pb] Box of 100 by PB,Marketed Product,RxNorm Extension,Extended Release Oral Tablet
nifedipine,43184632,Nifedipine 20 MG Extended Release Oral Tablet [NIFEDIPINE RPG] Box of 30,Branded Drug Box,RxNorm Extension,Extended Release Oral Tablet
labetalol,21026828,Labetalol Oral Suspension,Clinical Drug Form,RxNorm Extension,Oral Suspension
nifedipine,35150386,Nifedipine 20 MG Extended Release Oral Tablet by Sanwa Kagaku,Marketed Product,RxNorm Extension,Extended Release Oral Tablet
nifedipine,35887739,nifedipine 60 MG Extended Release Oral Tablet Box of 28 by Morningside,Marketed Product,RxNorm Extension,Extended Release Oral Tablet
nifedipine,41092446,Nifedipine 40 MG Extended Release Oral Tablet [Nifedipin Sandoz] Box of 100,Branded Drug Box,RxNorm Extension,Extended Release Oral Tablet
nifedipine,41053097,Nifedipine 30 MG Extended Release Oral Tablet Box of 50,Clinical Drug Box,RxNorm Extension,Extended Release Oral Tablet
nifedipine,41009145,Nifedipine 60 MG Extended Release Oral Tablet [Aprical] Box of 100 by Shire,Marketed Product,RxNorm Extension,Extended Release Oral Tablet
nifedipine,21035083,Nifedipine 20 MG Extended Release Oral Tablet Box of 56 by Colorama,Marketed Product,RxNorm Extension,Extended Release Oral Tablet
nifedipine,21116699,1 ML Nifedipine 4 MG/ML Oral Suspension,Quant Clinical Drug,RxNorm Extension,Oral Suspension
nifedipine,44030840,Nifedipine Oral Capsule [Dom-Nifedipine],Branded Drug Form,RxNorm Extension,Oral Capsule
nifedipine,41081416,Nifedipine Extended Release Oral Tablet [Duranifin],Branded Drug Form,RxNorm Extension,Extended Release Oral Tablet
nifedipine,40967362,Nifedipine 5 MG Oral Capsule [Nifedipat] Box of 30,Branded Drug Box,RxNorm Extension,Oral Capsule
nifedipine,40904937,Nifedipine 5 MG Oral Capsule [Duranifin],Branded Drug,RxNorm Extension,Oral Capsule
nifedipine,21143126,Nifedipine 10 MG Oral Capsule Box of 84 by Kent,Marketed Product,RxNorm Extension,Oral Capsule
nifedipine,21054762,Nifedipine 20 MG Extended Release Oral Tablet [Valni],Branded Drug,RxNorm Extension,Extended Release Oral Tablet
nifedipine,21172599,Nifedipine 20 MG Extended Release Oral Tablet Box of 56 by Niche,Marketed Product,RxNorm Extension,Extended Release Oral Tablet
nifedipine,21093985,Nifedipine 40 MG Extended Release Oral Tablet [Fortipine LA] by AMCo,Marketed Product,RxNorm Extension,Extended Release Oral Tablet
nifedipine,21084223,Nifedipine 20 MG Extended Release Oral Tablet Box of 56 by Mawdsley-Brooks,Marketed Product,RxNorm Extension,Extended Release Oral Tablet
labetalol,21056253,Labetalol 100 MG Oral Tablet Box of 250,Clinical Drug Box,RxNorm Extension,Oral Tablet
nifedipine,40835002,Nifedipine 10 MG Oral Capsule Box of 1800,Clinical Drug Box,RxNorm Extension,Oral Capsule
nifedipine,41186233,Nifedipine 5 MG Oral Capsule [Nife Basf] Box of 100,Branded Drug Box,RxNorm Extension,Oral Capsule
nifedipine,40967367,Nifedipine 5 MG Oral Capsule [Aprical] Box of 50,Branded Drug Box,RxNorm Extension,Oral Capsule
nifedipine,41165618,Nifedipine 5 MG Oral Capsule [Nife Basf] Box of 50 by Novartis,Marketed Product,RxNorm Extension,Oral Capsule
nifedipine,41049948,Nifedipine Oral Capsule [Nifical],Branded Drug Form,RxNorm Extension,Oral Capsule
nifedipine,41290007,Nifedipine 20 MG Oral Tablet [Adalat] Box of 50 by Mtk,Marketed Product,RxNorm Extension,Oral Tablet
nifedipine,41258897,Nifedipine 20 MG Oral Tablet [Corotrend] Box of 50 by Kytta Siegfried,Marketed Product,RxNorm Extension,Oral Tablet
nifedipine,40990867,Nifedipine 0.667 MG/ML Oral Solution,Clinical Drug,RxNorm Extension,Oral Solution
nifedipine,40853281,Nifedipine 10 MG Oral Capsule [Corotrend] Box of 100 by Kytta Siegfried,Marketed Product,RxNorm Extension,Oral Capsule
nifedipine,41271694,Nifedipine 50 MG Oral Tablet,Clinical Drug,RxNorm Extension,Oral Tablet
nifedipine,41155164,Nifedipine 20 MG Oral Tablet [Nifsigma],Branded Drug,RxNorm Extension,Oral Tablet
nifedipine,40915494,Nifedipine 20 MG Oral Tablet Box of 50 by Novartis,Marketed Product,RxNorm Extension,Oral Tablet
nifedipine,40987688,Nifedipine Oral Tablet [Tp Mtk],Branded Drug Form,RxNorm Extension,Oral Tablet
nifedipine,40946828,Nifedipine 50 MG Oral Tablet [Corinfar] Box of 50 by TEVA,Marketed Product,RxNorm Extension,Oral Tablet
labetalol,44101887,Labetalol 200 MG Oral Tablet [Trandate] by Glaxosmithkline,Marketed Product,RxNorm Extension,Oral Tablet
labetalol,43277951,Labetalol Oral Tablet [Presolol],Branded Drug Form,RxNorm Extension,Oral Tablet
labetalol,36968993,labetalol 100 MG Oral Tablet by Viatris Healthcare,Marketed Product,RxNorm Extension,Oral Tablet
labetalol,21056251,Labetalol 100 MG Oral Tablet by Waymade,Marketed Product,RxNorm Extension,Oral Tablet
nifedipine,40998684,Nifedipine 10 MG Oral Tablet [Nifedipin Verla] Box of 50,Branded Drug Box,RxNorm Extension,Oral Tablet
nifedipine,41310665,Nifedipine 30 MG Oral Tablet [Nifedipin Stada] Box of 50,Branded Drug Box,RxNorm Extension,Oral Tablet
nifedipine,41258892,Nifedipine 20 MG Oral Tablet [Nifeclair] Box of 20 by Hennig,Marketed Product,RxNorm Extension,Oral Tablet
nifedipine,43184626,Nifedipine 30 MG Delayed Release Oral Tablet [CHRONADALATE L] Box of 30,Branded Drug Box,RxNorm Extension,Delayed Release Oral Tablet
nifedipine,35766193,Nifedipine Delayed Release Oral Tablet [Adipin],Branded Drug Form,RxNorm Extension,Delayed Release Oral Tablet
nifedipine,43140581,Nifedipine Delayed Release Oral Tablet [CHRONADALATE L],Branded Drug Form,RxNorm Extension,Delayed Release Oral Tablet
nifedipine,35143524,1000 MG Nifedipine 0.02 MG/MG Oral Granules,Quant Clinical Drug,RxNorm Extension,Oral Granules
nifedipine,41186241,Nifedipine 20 MG Extended Release Oral Capsule [Nifedipin Heumann] Box of 500,Branded Drug Box,RxNorm Extension,Extended Release Oral Capsule
nifedipine,21035082,Nifedipine 20 MG Extended Release Oral Tablet Box of 14,Clinical Drug Box,RxNorm Extension,Extended Release Oral Tablet
nifedipine,36813870,Nifedipine 30 MG Extended Release Oral Tablet [Adanif XL] Box of 28 by AMCo,Marketed Product,RxNorm Extension,Extended Release Oral Tablet
nifedipine,35751458,Nifedipine 10 MG Extended Release Oral Capsule [Angiopine] Box of 84 by Ashbourne,Marketed Product,RxNorm Extension,Extended Release Oral Capsule
nifedipine,43711227,Nifedipine 20 MG Extended Release Oral Capsule [Nifedipin-ratiopharm],Branded Drug,RxNorm Extension,Extended Release Oral Capsule
nifedipine,21133172,Nifedipine 20 MG Extended Release Oral Tablet [Adalat] Box of 100 by Waymade,Marketed Product,RxNorm Extension,Extended Release Oral Tablet
nifedipine,43837374,Nifedipine 20 MG Extended Release Oral Capsule [Nif Ten] by Astrazeneca,Marketed Product,RxNorm Extension,Extended Release Oral Capsule
nifedipine,41197022,Nifedipine 20 MG Extended Release Oral Tablet [Corotrend] Box of 30 by Novartis,Marketed Product,RxNorm Extension,Extended Release Oral Tablet
nifedipine,41029720,Nifedipine 10 MG Extended Release Oral Tablet [Nifedipin Verla],Branded Drug,RxNorm Extension,Extended Release Oral Tablet
nifedipine,40866135,Nifedipine 10 MG Extended Release Oral Tablet Box of 1000,Clinical Drug Box,RxNorm Extension,Extended Release Oral Tablet
nifedipine,40842779,Nifedipine 60 MG Extended Release Oral Tablet [Aprical] Box of 100,Branded Drug Box,RxNorm Extension,Extended Release Oral Tablet
nifedipine,41258881,Nifedipine 30 MG Extended Release Oral Tablet [Nife-Ct] Box of 30 by AbZ-Pharma,Marketed Product,RxNorm Extension,Extended Release Oral Tablet
nifedipine,35887740,nifedipine 60 MG Extended Release Oral Tablet by Morningside,Marketed Product,RxNorm Extension,Extended Release Oral Tablet
nifedipine,41060886,Nifedipine 5 MG Oral Capsule [Pidilat] Box of 250,Branded Drug Box,RxNorm Extension,Oral Capsule
nifedipine,35146820,Nifedipine 40 MG Extended Release Oral Tablet [Adalat],Branded Drug,RxNorm Extension,Extended Release Oral Tablet
nifedipine,41196994,Nifedipine 60 MG Extended Release Oral Tablet [Aprical] Box of 50 by Medice,Marketed Product,RxNorm Extension,Extended Release Oral Tablet
nifedipine,41197017,Nifedipine 20 MG Extended Release Oral Tablet [Nife Isis] Box of 30 by Puren,Marketed Product,RxNorm Extension,Extended Release Oral Tablet
nifedipine,41029755,Nifedipine 20 MG Extended Release Oral Tablet [Adalat] Box of 300,Branded Drug Box,RxNorm Extension,Extended Release Oral Tablet
nifedipine,40998730,Nifedipine 20 MG Extended Release Oral Tablet [Nife 1a Pharma] Box of 50,Branded Drug Box,RxNorm Extension,Extended Release Oral Tablet
nifedipine,41289971,Nifedipine 60 MG Extended Release Oral Tablet [Aprical] Box of 28 by Medice,Marketed Product,RxNorm Extension,Extended Release Oral Tablet
nifedipine,41248583,Nifedipine 5 MG Oral Capsule [Nife Puren],Branded Drug,RxNorm Extension,Oral Capsule
nifedipine,41009144,Nifedipine 60 MG Extended Release Oral Tablet [Nife-Ct] Box of 100 by AbZ-Pharma,Marketed Product,RxNorm Extension,Extended Release Oral Tablet
nifedipine,41302810,Nifedipine 10 MG Oral Capsule Box of 300,Clinical Drug Box,RxNorm Extension,Oral Capsule
nifedipine,21035091,Nifedipine 20 MG Extended Release Oral Tablet [Calchan MR] by Ranbaxy,Marketed Product,RxNorm Extension,Extended Release Oral Tablet
nifedipine,21133185,Nifedipine 30 MG Extended Release Oral Tablet Box of 28 by Ennogen,Marketed Product,RxNorm Extension,Extended Release Oral Tablet
nifedipine,40866140,Nifedipine 20 MG Extended Release Oral Tablet Box of 1000,Clinical Drug Box,RxNorm Extension,Extended Release Oral Tablet
nifedipine,41386082,30 ML Nifedipine 0.667 MG/ML Oral Solution [Nifedipin Stada] Box of 1 by Stada,Marketed Product,RxNorm Extension,Oral Solution
labetalol,36261157,Labetalol 100 MG Oral Tablet [Trandate] Box of 75 by Aspen,Marketed Product,RxNorm Extension,Oral Tablet
nifedipine,41060880,Nifedipine 10 MG Oral Capsule [Adalate] Box of 100,Branded Drug Box,RxNorm Extension,Oral Capsule
nifedipine,40853318,Nifedipine 20 MG Oral Capsule [Nifehexal] Box of 50 by Novartis,Marketed Product,RxNorm Extension,Oral Capsule
nifedipine,41386829,30 ML Nifedipine 0.667 MG/ML Oral Solution [Nife-Ct],Quant Branded Drug,RxNorm Extension,Oral Solution
nifedipine,21093983,Nifedipine 5 MG Oral Capsule [Adalat] Box of 90 by Bayer,Marketed Product,RxNorm Extension,Oral Capsule
nifedipine,40904917,Nifedipine 10 MG Oral Tablet [Pidilat] Box of 50,Branded Drug Box,RxNorm Extension,Oral Tablet
labetalol,40844406,Labetalol 200 MG Oral Tablet [Trandate] Box of 1000,Branded Drug Box,RxNorm Extension,Oral Tablet
nifedipine,40904955,Nifedipine 20 MG Oral Tablet [Nifeclair] Box of 50,Branded Drug Box,RxNorm Extension,Oral Tablet
labetalol,21028538,1 ML Labetalol 5 MG/ML Oral Solution,Quant Clinical Drug,RxNorm Extension,Oral Solution
nifedipine,41178438,Nifedipine 40 MG Oral Tablet Box of 50,Clinical Drug Box,RxNorm Extension,Oral Tablet
labetalol,40875608,Labetalol 200 MG Oral Tablet [Trandate] Box of 500,Branded Drug Box,RxNorm Extension,Oral Tablet
labetalol,21046496,Labetalol 400 MG Oral Tablet Box of 56 by A A H,Marketed Product,RxNorm Extension,Oral Tablet
nifedipine,41248615,Nifedipine 20 MG Oral Tablet [Adalat] Box of 500,Branded Drug Box,RxNorm Extension,Oral Tablet
nifedipine,40915490,Nifedipine 20 MG Oral Tablet [Adalat] Box of 100 by Opti,Marketed Product,RxNorm Extension,Oral Tablet
nifedipine,40977780,Nifedipine 40 MG Oral Tablet [Nifehexal] Box of 50 by Novartis,Marketed Product,RxNorm Extension,Oral Tablet
nifedipine,41217582,Nifedipine 20 MG Oral Tablet [Jutadilat] Box of 50,Branded Drug Box,RxNorm Extension,Oral Tablet
nifedipine,43261978,Nifedipine 20 MG Oral Tablet by Chemmart,Marketed Product,RxNorm Extension,Oral Tablet
nifedipine,41289964,Nifedipine 40 MG Oral Tablet [Cisday] Box of 20 by Kytta Siegfried,Marketed Product,RxNorm Extension,Oral Tablet
nifedipine,41197002,Nifedipine 10 MG Oral Tablet [Adalat] Box of 100 by Bayer,Marketed Product,RxNorm Extension,Oral Tablet
nifedipine,35759815,Nifedipine 30 MG Delayed Release Oral Tablet Box of 28 by A A H,Marketed Product,RxNorm Extension,Delayed Release Oral Tablet
nifedipine,21133179,Nifedipine 10 MG Extended Release Oral Tablet [Angiopine MR] Box of 56,Branded Drug Box,RxNorm Extension,Extended Release Oral Tablet
nifedipine,41389361,30 ML Nifedipine 0.667 MG/ML Oral Solution [Corotrend],Quant Branded Drug,RxNorm Extension,Oral Solution
nifedipine,41388221,30 ML Nifedipine 0.667 MG/ML Oral Solution [Nifedipin Stada],Quant Branded Drug,RxNorm Extension,Oral Solution
nifedipine,44101513,Nifedipine 60 MG Extended Release Oral Tablet [Adalat] by Miles,Marketed Product,RxNorm Extension,Extended Release Oral Tablet
nifedipine,35772517,Nifedipine 10 MG Extended Release Oral Capsule [Angiopine] by Ashbourne,Marketed Product,RxNorm Extension,Extended Release Oral Capsule
labetalol,21146290,1 ML Labetalol 15 MG/ML Oral Suspension,Quant Clinical Drug,RxNorm Extension,Oral Suspension
labetalol,44050294,Labetalol 100 MG Oral Tablet [Trandate] by Paladin,Marketed Product,RxNorm Extension,Oral Tablet
nifedipine,43801100,Nifedipine 10 MG Extended Release Oral Tablet [Nifedipin Pb] by Chem Affairs Deutschland,Marketed Product,RxNorm Extension,Extended Release Oral Tablet
nifedipine,35155017,Nifedipine 10 MG Extended Release Oral Tablet [Casanmil],Branded Drug,RxNorm Extension,Extended Release Oral Tablet
nifedipine,41240866,Nifedipine 20 MG Extended Release Oral Capsule Box of 500,Clinical Drug Box,RxNorm Extension,Extended Release Oral Capsule
nifedipine,36066798,nifedipine 60 MG Extended Release Oral Tablet [Adalat LA] by Pilsco,Marketed Product,RxNorm Extension,Extended Release Oral Tablet
nifedipine,41228073,Nifedipine 10 MG Oral Capsule Box of 100 by GDS,Marketed Product,RxNorm Extension,Oral Capsule
nifedipine,41228056,Nifedipine 60 MG Extended Release Oral Tablet [Aprical] Box of 98 by Shire,Marketed Product,RxNorm Extension,Extended Release Oral Tablet
nifedipine,40998698,Nifedipine 10 MG Oral Capsule [Duranifin] Box of 100,Branded Drug Box,RxNorm Extension,Oral Capsule
nifedipine,40967390,Nifedipine 20 MG Oral Capsule [Aprical] Box of 30,Branded Drug Box,RxNorm Extension,Oral Capsule
nifedipine,41060926,Nifedipine 20 MG Extended Release Oral Tablet [Cordicant],Branded Drug,RxNorm Extension,Extended Release Oral Tablet
nifedipine,43657443,Nifedipine 10 MG Oral Capsule [Nifedipin Stada],Branded Drug,RxNorm Extension,Oral Capsule
nifedipine,41123666,Nifedipine 10 MG Extended Release Oral Tablet [Corinfar] Box of 50,Branded Drug Box,RxNorm Extension,Extended Release Oral Tablet
nifedipine,41060910,Nifedipine 20 MG Extended Release Oral Tablet [Nifedipin Stada] Box of 100,Branded Drug Box,RxNorm Extension,Extended Release Oral Tablet
nifedipine,41206760,Nifedipine Oral Capsule [Nifedipin Verla],Branded Drug Form,RxNorm Extension,Oral Capsule
nifedipine,40873999,Nifedipine 10 MG Extended Release Oral Tablet [Nife Basf] Box of 50,Branded Drug Box,RxNorm Extension,Extended Release Oral Tablet
nifedipine,40904924,Nifedipine 10 MG Oral Capsule [Nifedipin Verla] Box of 100,Branded Drug Box,RxNorm Extension,Oral Capsule
nifedipine,21054761,Nifedipine 20 MG Extended Release Oral Tablet Box of 56 by Ennogen,Marketed Product,RxNorm Extension,Extended Release Oral Tablet
nifedipine,21054763,Nifedipine 20 MG Extended Release Oral Tablet [Adalat] Box of 56 by Mawdsley-Brooks,Marketed Product,RxNorm Extension,Extended Release Oral Tablet
nifedipine,41071538,Nifedipine 40 MG Extended Release Oral Tablet [Nifecor] Box of 50 by 3M,Marketed Product,RxNorm Extension,Extended Release Oral Tablet
nifedipine,43657444,Nifedipine 10 MG Oral Capsule [Nifedipin Pb],Branded Drug,RxNorm Extension,Oral Capsule
labetalol,21105360,Labetalol 100 MG Oral Tablet Box of 56 by DE,Marketed Product,RxNorm Extension,Oral Tablet
nifedipine,41386511,30 ML Nifedipine 20 MG/ML Oral Solution [Aprical],Quant Branded Drug,RxNorm Extension,Oral Solution
nifedipine,41385245,30 ML Nifedipine 0.667 MG/ML Oral Solution Box of 10,Quant Clinical Box,RxNorm Extension,Oral Solution
nifedipine,40853284,Nifedipine 10 MG Oral Capsule [Adalat] Box of 100 by Mtk,Marketed Product,RxNorm Extension,Oral Capsule
nifedipine,41081421,Nifedipine Oral Capsule [Aprical],Branded Drug Form,RxNorm Extension,Oral Capsule
nifedipine,41258905,Nifedipine 20 MG Oral Capsule Box of 50 by Ratiopharm,Marketed Product,RxNorm Extension,Oral Capsule
labetalol,35160069,Labetalol 100 MG Oral Tablet by Towa,Marketed Product,RxNorm Extension,Oral Tablet
nifedipine,40874015,Nifedipine 5 MG Oral Capsule [Nifeclair] Box of 50,Branded Drug Box,RxNorm Extension,Oral Capsule
nifedipine,41321269,Nifedipine 10 MG Oral Capsule [Corinfar] Box of 50 by TEVA,Marketed Product,RxNorm Extension,Oral Capsule
nifedipine,41165606,Nifedipine 10 MG Oral Capsule [Aprical] Box of 100 by Medice,Marketed Product,RxNorm Extension,Oral Capsule
nifedipine,41279351,Nifedipine 20 MG/ML Oral Solution [Cordicant] Box of 1,Branded Drug Box,RxNorm Extension,Oral Solution
nifedipine,41155152,Nifedipine 0.667 MG/ML Oral Solution [Corinfar],Branded Drug,RxNorm Extension,Oral Solution
nifedipine,40915485,Nifedipine 20 MG Oral Tablet [Nifedipin Basics] Box of 50 by Basics,Marketed Product,RxNorm Extension,Oral Tablet
labetalol,21046501,Labetalol 100 MG Oral Tablet Box of 56 by Mawdsley-Brooks,Marketed Product,RxNorm Extension,Oral Tablet
nifedipine,44088516,Nifedipine 10 MG Oral Tablet [Apo-Nifed] by Apotex,Marketed Product,RxNorm Extension,Oral Tablet
labetalol,40727612,Labetalol 100 MG Oral Tablet [Trandate] Box of 56 by RPH,Marketed Product,RxNorm Extension,Oral Tablet
nifedipine,41217511,Nifedipine 60 MG Oral Tablet [Nifedipin Basics] Box of 50,Branded Drug Box,RxNorm Extension,Oral Tablet
labetalol,41053670,Labetalol 200 MG Oral Tablet Box of 50,Clinical Drug Box,RxNorm Extension,Oral Tablet
nifedipine,40967378,Nifedipine 20 MG Oral Tablet [Nifedipin Basics] Box of 30,Branded Drug Box,RxNorm Extension,Oral Tablet
nifedipine,41290008,Nifedipine 20 MG Oral Tablet [Adalat] Box of 50 by Gruenewald,Marketed Product,RxNorm Extension,Oral Tablet
nifedipine,40904899,Nifedipine 40 MG Oral Tablet [Nifehexal] Box of 100,Branded Drug Box,RxNorm Extension,Oral Tablet
nifedipine,41081415,Nifedipine Oral Tablet [Mtw Nifedipin],Branded Drug Form,RxNorm Extension,Oral Tablet
nifedipine,40915451,Nifedipine 40 MG Oral Tablet [Cordicant] Box of 20 by Mundipharma,Marketed Product,RxNorm Extension,Oral Tablet
nifedipine,35772527,Nifedipine 30 MG Delayed Release Oral Tablet [Adalat LA] by Waymade,Marketed Product,RxNorm Extension,Delayed Release Oral Tablet
nifedipine,43162761,Nifedipine 30 MG Delayed Release Oral Tablet [CHRONADALATE L] Box of 100 by Bayer,Marketed Product,RxNorm Extension,Delayed Release Oral Tablet
nifedipine,35755693,Nifedipine 30 MG Delayed Release Oral Tablet Box of 28 by Colorama,Marketed Product,RxNorm Extension,Delayed Release Oral Tablet
nifedipine,43206506,Nifedipine 30 MG Delayed Release Oral Tablet [CHRONADALATE L] Box of 30 by Bayer,Marketed Product,RxNorm Extension,Delayed Release Oral Tablet
nifedipine,21133162,Nifedipine Oral Suspension,Clinical Drug Form,RxNorm Extension,Oral Suspension
nifedipine,21162884,Nifedipine 10 MG Extended Release Oral Tablet [Hypolar],Branded Drug,RxNorm Extension,Extended Release Oral Tablet
nifedipine,21054771,Nifedipine 10 MG Extended Release Oral Tablet Box of 56 by Alliance,Marketed Product,RxNorm Extension,Extended Release Oral Tablet
nifedipine,35831268,nifedipine 10 MG Extended Release Oral Tablet by Sawai,Marketed Product,RxNorm Extension,Extended Release Oral Tablet
nifedipine,40977810,Nifedipine 30 MG Extended Release Oral Tablet [Adalat] Box of 98 by Bayer,Marketed Product,RxNorm Extension,Extended Release Oral Tablet
nifedipine,40904912,Nifedipine 60 MG Extended Release Oral Tablet [Adalat] Box of 50,Branded Drug Box,RxNorm Extension,Extended Release Oral Tablet
nifedipine,35759806,Nifedipine 10 MG Extended Release Oral Capsule [Adalat] Box of 50 by DE,Marketed Product,RxNorm Extension,Extended Release Oral Capsule
nifedipine,41071559,Nifedipine 20 MG Extended Release Oral Capsule [Nife Puren] Box of 20 by Puren,Marketed Product,RxNorm Extension,Extended Release Oral Capsule
nifedipine,21044941,Nifedipine 20 MG Extended Release Oral Tablet Box of 56,Clinical Drug Box,RxNorm Extension,Extended Release Oral Tablet
nifedipine,42657629,Nifedipine 60 MG Extended Release Oral Capsule Box of 56 by Eurogenerics,Marketed Product,RxNorm Extension,Extended Release Oral Capsule
nifedipine,41217560,Nifedipine 20 MG Extended Release Oral Capsule [Am Nifedipin],Branded Drug,RxNorm Extension,Extended Release Oral Capsule
nifedipine,43272967,Nifedipine Extended Release Oral Tablet [Nifedipine Xr],Branded Drug Form,RxNorm Extension,Extended Release Oral Tablet
nifedipine,41009169,Nifedipine 20 MG Extended Release Oral Capsule Box of 100 by Ratiopharm,Marketed Product,RxNorm Extension,Extended Release Oral Capsule
nifedipine,41248597,Nifedipine 20 MG Extended Release Oral Capsule [Aprical] Box of 30,Branded Drug Box,RxNorm Extension,Extended Release Oral Capsule
nifedipine,40959644,Nifedipine 20 MG Extended Release Oral Capsule Box of 1000,Clinical Drug Box,RxNorm Extension,Extended Release Oral Capsule
nifedipine,36261874,Nifedipine Extended Release Oral Capsule [NIFEDIPINE EG],Branded Drug Form,RxNorm Extension,Extended Release Oral Capsule
nifedipine,43657445,Nifedipine 10 MG Extended Release Oral Tablet [Nifehexal] by Hexal,Marketed Product,RxNorm Extension,Extended Release Oral Tablet
nifedipine,41186200,Nifedipine 60 MG Extended Release Oral Tablet [Aprical] Box of 49,Branded Drug Box,RxNorm Extension,Extended Release Oral Tablet
nifedipine,36066795,nifedipine 60 MG Extended Release Oral Tablet [Adalat LA] Box of 28 by Mawdsley-Brooks,Marketed Product,RxNorm Extension,Extended Release Oral Tablet
nifedipine,41206762,Nifedipine Oral Capsule [Nife Basf],Branded Drug Form,RxNorm Extension,Oral Capsule
nifedipine,41175202,Nifedipine Extended Release Oral Tablet [Nife 1a Pharma],Branded Drug Form,RxNorm Extension,Extended Release Oral Tablet
nifedipine,40936195,Nifedipine 10 MG Oral Capsule [Nifedipin Al],Branded Drug,RxNorm Extension,Oral Capsule
nifedipine,40853320,Nifedipine 20 MG Oral Capsule [Duranifin] Box of 30 by Mylan,Marketed Product,RxNorm Extension,Oral Capsule
nifedipine,21035100,Nifedipine 10 MG Extended Release Oral Tablet by Sigma-Tau,Marketed Product,RxNorm Extension,Extended Release Oral Tablet
nifedipine,41123705,Nifedipine 20 MG Extended Release Oral Tablet [Nifeclair] Box of 50,Branded Drug Box,RxNorm Extension,Extended Release Oral Tablet
nifedipine,41310637,Nifedipine 10 MG Extended Release Oral Tablet [Nifehexal] Box of 50,Branded Drug Box,RxNorm Extension,Extended Release Oral Tablet
nifedipine,41217518,Nifedipine 10 MG Extended Release Oral Tablet [Nifical] Box of 50,Branded Drug Box,RxNorm Extension,Extended Release Oral Tablet
nifedipine,41134338,Nifedipine 40 MG Extended Release Oral Tablet [Duranifin] Box of 50 by Mylan,Marketed Product,RxNorm Extension,Extended Release Oral Tablet
nifedipine,40998688,Nifedipine 10 MG Extended Release Oral Tablet [Corinfar] Box of 8000,Branded Drug Box,RxNorm Extension,Extended Release Oral Tablet
nifedipine,41310640,Nifedipine 10 MG Extended Release Oral Tablet [Duranifin] Box of 50,Branded Drug Box,RxNorm Extension,Extended Release Oral Tablet
nifedipine,41279377,Nifedipine 20 MG Extended Release Oral Tablet [Nife Wolff] Box of 30,Branded Drug Box,RxNorm Extension,Extended Release Oral Tablet
nifedipine,41186190,Nifedipine 40 MG Extended Release Oral Tablet [Nifedipin Sandoz] Box of 20,Branded Drug Box,RxNorm Extension,Extended Release Oral Tablet
nifedipine,41178441,Nifedipine 10 MG Extended Release Oral Tablet Box of 500,Clinical Drug Box,RxNorm Extension,Extended Release Oral Tablet
nifedipine,21172598,Nifedipine 20 MG Extended Release Oral Tablet by Niche,Marketed Product,RxNorm Extension,Extended Release Oral Tablet
nifedipine,21162878,Nifedipine 20 MG Extended Release Oral Tablet [Adalat LA] Box of 28 by Bayer,Marketed Product,RxNorm Extension,Extended Release Oral Tablet
nifedipine,41029739,Nifedipine 5 MG Oral Capsule [Duranifin] Box of 100,Branded Drug Box,RxNorm Extension,Oral Capsule
nifedipine,41387496,30 ML Nifedipine 0.667 MG/ML Oral Solution [Nife-Ct] Box of 1 by AbZ-Pharma,Marketed Product,RxNorm Extension,Oral Solution
nifedipine,40977808,Nifedipine 5 MG Oral Capsule [Jedipin] Box of 50 by Jenapharm,Marketed Product,RxNorm Extension,Oral Capsule
nifedipine,40904925,Nifedipine 10 MG Oral Capsule [Nifedipin Heumann] Box of 30,Branded Drug Box,RxNorm Extension,Oral Capsule
nifedipine,40725308,Nifedipine 10 MG Oral Capsule [Adalat] Box of 50 by Necessity Supplies,Marketed Product,RxNorm Extension,Oral Capsule
nifedipine,40874010,Nifedipine 20 MG/ML Oral Solution [Nife-Ct] Box of 1,Branded Drug Box,RxNorm Extension,Oral Solution
nifedipine,41258865,Nifedipine 10 MG Oral Capsule [Duranifin] Box of 100 by Mylan,Marketed Product,RxNorm Extension,Oral Capsule
nifedipine,41321299,Nifedipine 20 MG Oral Tablet Box of 100 by Ratiopharm,Marketed Product,RxNorm Extension,Oral Tablet
nifedipine,43837372,Nifedipine 20 MG/ML Oral Solution [Nife-Ct],Branded Drug,RxNorm Extension,Oral Solution
nifedipine,21025342,Nifedipine 10 MG Oral Capsule by Alliance,Marketed Product,RxNorm Extension,Oral Capsule
nifedipine,43585195,Nifedipine 20 MG/ML Oral Solution [Nife-Ct] Box of 30,Branded Drug Box,RxNorm Extension,Oral Solution
nifedipine,21044966,Nifedipine 5 MG Oral Capsule by Actavis,Marketed Product,RxNorm Extension,Oral Capsule
nifedipine,40998691,Nifedipine 10 MG Oral Capsule [Nifedipin Abz],Branded Drug,RxNorm Extension,Oral Capsule
nifedipine,43801088,Nifedipine Oral Solution [Nifehexal],Branded Drug Form,RxNorm Extension,Oral Solution
nifedipine,43621191,Nifedipine 0.0499 MG/MG Oral Solution,Clinical Drug,RxNorm Extension,Oral Solution
nifedipine,40946847,Nifedipine 20 MG Oral Tablet Box of 50 by Ratiopharm,Marketed Product,RxNorm Extension,Oral Tablet
nifedipine,40853307,Nifedipine 20 MG Oral Tablet [Nifeclair] Box of 50 by Hennig,Marketed Product,RxNorm Extension,Oral Tablet
nifedipine,43757537,100 ML Nifedipine 20 MG/ML Oral Solution [Nifedipin-ratiopharm] Box of 100 by Ratiopharm,Marketed Product,RxNorm Extension,Oral Solution
nifedipine,43808993,30 ML Nifedipine 20 MG/ML Oral Solution [Nifical] by Winthrop,Marketed Product,RxNorm Extension,Oral Solution
nifedipine,41060861,Nifedipine 40 MG Oral Tablet [Cisday] Box of 20,Branded Drug Box,RxNorm Extension,Oral Tablet
nifedipine,40866132,Nifedipine 40 MG Oral Tablet Box of 250,Clinical Drug Box,RxNorm Extension,Oral Tablet
nifedipine,41123674,Nifedipine 10 MG Oral Tablet [Dignokonstant] Box of 25,Branded Drug Box,RxNorm Extension,Oral Tablet
nifedipine,40874035,Nifedipine 20 MG Oral Tablet [Nifedipin 1a Pharma] Box of 100,Branded Drug Box,RxNorm Extension,Oral Tablet
nifedipine,41060911,Nifedipine 20 MG Oral Tablet [Nifedipin Stada] Box of 50,Branded Drug Box,RxNorm Extension,Oral Tablet
nifedipine,41092455,Nifedipine 10 MG Oral Tablet [Nifedipin Stada] Box of 500,Branded Drug Box,RxNorm Extension,Oral Tablet
labetalol,43163211,Labetalol 200 MG Delayed Release Oral Tablet [Trandate] Box of 30,Branded Drug Box,RxNorm Extension,Delayed Release Oral Tablet
nifedipine,36783391,Nifedipine 60 MG Extended Release Oral Tablet [Adalat] Box of 56 by Bayer,Marketed Product,RxNorm Extension,Extended Release Oral Tablet
nifedipine,35146294,Nifedipine 40 MG Extended Release Oral Tablet by Nichi-Iko,Marketed Product,RxNorm Extension,Extended Release Oral Tablet
nifedipine,35743120,Nifedipine 10 MG Extended Release Oral Capsule [Adalat] Box of 50 by Dowelhurst,Marketed Product,RxNorm Extension,Extended Release Oral Capsule
nifedipine,41053094,Nifedipine 5 MG Oral Capsule Box of 500,Clinical Drug Box,RxNorm Extension,Oral Capsule
nifedipine,41310671,Nifedipine 20 MG Extended Release Oral Capsule [Am Nifedipin] Box of 30,Branded Drug Box,RxNorm Extension,Extended Release Oral Capsule
nifedipine,21133188,Nifedipine 0.4 MG/ML Oral Suspension,Clinical Drug,RxNorm Extension,Oral Suspension
nifedipine,35159826,Nifedipine 20 MG Extended Release Oral Tablet [Casanmil],Branded Drug,RxNorm Extension,Extended Release Oral Tablet
nifedipine,21113724,Nifedipine 5 MG Oral Capsule Box of 84 by Co-Pharma,Marketed Product,RxNorm Extension,Oral Capsule
nifedipine,43783254,Nifedipine 20 MG Extended Release Oral Tablet [Nifedipin 1a Pharma] by 1 A,Marketed Product,RxNorm Extension,Extended Release Oral Tablet
nifedipine,41009170,Nifedipine 20 MG Extended Release Oral Capsule Box of 30 by Ratiopharm,Marketed Product,RxNorm Extension,Extended Release Oral Capsule
nifedipine,35129547,Nifedipine 10 MG Extended Release Oral Tablet by Zensei,Marketed Product,RxNorm Extension,Extended Release Oral Tablet
nifedipine,40904967,Nifedipine 20 MG Extended Release Oral Tablet [Cordicant] Box of 400,Branded Drug Box,RxNorm Extension,Extended Release Oral Tablet
nifedipine,44036759,Nifedipine 10 MG Oral Capsule by Prempharm,Marketed Product,RxNorm Extension,Oral Capsule
nifedipine,40894192,Nifedipine Extended Release Oral Capsule [Corotrend],Branded Drug Form,RxNorm Extension,Extended Release Oral Capsule
nifedipine,44114364,Nifedipine 30 MG Extended Release Oral Tablet [Pms-Nifedipine] by Pharmascience,Marketed Product,RxNorm Extension,Extended Release Oral Tablet
nifedipine,41134374,Nifedipine 20 MG Extended Release Oral Tablet [Nifecor] Box of 50 by 3M,Marketed Product,RxNorm Extension,Extended Release Oral Tablet
nifedipine,41165635,Nifedipine 20 MG Extended Release Oral Tablet [Dignokonstant] Box of 50 by Daiichi Sankyo,Marketed Product,RxNorm Extension,Extended Release Oral Tablet
nifedipine,41134384,Nifedipine 20 MG Extended Release Oral Tablet Box of 100 by Dexcel-Pharma,Marketed Product,RxNorm Extension,Extended Release Oral Tablet
nifedipine,40946811,Nifedipine 10 MG Oral Capsule [Nifedipin Abz] Box of 100 by AbZ-Pharma,Marketed Product,RxNorm Extension,Oral Capsule
nifedipine,42935145,Nifedipine 60 MG Extended Release Oral Tablet [ADALAT OROS],Branded Drug,RxNorm Extension,Extended Release Oral Tablet
nifedipine,40990872,Nifedipine 20 MG Extended Release Oral Tablet Box of 98,Clinical Drug Box,RxNorm Extension,Extended Release Oral Tablet
nifedipine,40936239,Nifedipine 20 MG Extended Release Oral Tablet [Nifedipin Pb] Box of 100,Branded Drug Box,RxNorm Extension,Extended Release Oral Tablet
nifedipine,40853298,Nifedipine 20 MG Extended Release Oral Tablet [Pidilat] Box of 100 by Mylan,Marketed Product,RxNorm Extension,Extended Release Oral Tablet
nifedipine,41123660,Nifedipine 10 MG Extended Release Oral Tablet [Nifedipin Stada] Box of 50,Branded Drug Box,RxNorm Extension,Extended Release Oral Tablet
nifedipine,43793423,100 ML Nifedipine 20 MG/ML Oral Solution Box of 100,Quant Clinical Box,RxNorm Extension,Oral Solution
nifedipine,41228068,Nifedipine 10 MG Oral Capsule [Nife Puren] Box of 50 by Puren,Marketed Product,RxNorm Extension,Oral Capsule
nifedipine,40853274,Nifedipine 10 MG Extended Release Oral Tablet [Corotrend] Box of 30 by Kytta Siegfried,Marketed Product,RxNorm Extension,Extended Release Oral Tablet
nifedipine,41248551,Nifedipine 40 MG Extended Release Oral Tablet [Nifedipat] Box of 100,Branded Drug Box,RxNorm Extension,Extended Release Oral Tablet
nifedipine,41228060,Nifedipine 10 MG Extended Release Oral Tablet [Duranifin] Box of 100 by Mylan,Marketed Product,RxNorm Extension,Extended Release Oral Tablet
nifedipine,44060243,Nifedipine 60 MG Extended Release Oral Tablet [Pms-Nifedipine],Branded Drug,RxNorm Extension,Extended Release Oral Tablet
nifedipine,21054774,Nifedipine 30 MG Extended Release Oral Tablet Box of 28 by AM Distributions,Marketed Product,RxNorm Extension,Extended Release Oral Tablet
nifedipine,21153017,Nifedipine 10 MG Extended Release Oral Tablet [Angiopine MR] by Ashbourne,Marketed Product,RxNorm Extension,Extended Release Oral Tablet
nifedipine,21064623,Nifedipine 20 MG Extended Release Oral Tablet [Kentipine] Box of 56,Branded Drug Box,RxNorm Extension,Extended Release Oral Tablet
nifedipine,41389057,30 ML Nifedipine 0.667 MG/ML Oral Solution [Corinfar] Box of 1,Quant Branded Box,RxNorm Extension,Oral Solution
nifedipine,41217535,Nifedipine 10 MG Oral Capsule [Nife Wolff] Box of 30,Branded Drug Box,RxNorm Extension,Oral Capsule
nifedipine,41186220,Nifedipine 10 MG Oral Capsule [Nifedipin Heumann] Box of 100,Branded Drug Box,RxNorm Extension,Oral Capsule
nifedipine,40946815,Nifedipine 10 MG Oral Capsule [Adalat] Box of 100 by Beragena,Marketed Product,RxNorm Extension,Oral Capsule
nifedipine,21035116,Nifedipine 5 MG Oral Capsule by A A H,Marketed Product,RxNorm Extension,Oral Capsule
nifedipine,40725313,Nifedipine 10 MG Oral Capsule by Strides Shasun,Marketed Product,RxNorm Extension,Oral Capsule
nifedipine,41084663,Nifedipine 0.667 MG/ML Oral Solution Box of 10,Clinical Drug Box,RxNorm Extension,Oral Solution
nifedipine,41021846,Nifedipine 0.667 MG/ML Oral Solution Box of 3,Clinical Drug Box,RxNorm Extension,Oral Solution
nifedipine,41217570,Nifedipine 20 MG Oral Tablet [Nifedipin Ksk] Box of 20,Branded Drug Box,RxNorm Extension,Oral Tablet
nifedipine,41155115,Nifedipine 40 MG Oral Tablet [Nifedipin Stada],Branded Drug,RxNorm Extension,Oral Tablet
nifedipine,41029711,Nifedipine 40 MG Oral Tablet [Cordicant] Box of 20,Branded Drug Box,RxNorm Extension,Oral Tablet
nifedipine,40842817,Nifedipine 50 MG Oral Tablet [Corinfar] Box of 20,Branded Drug Box,RxNorm Extension,Oral Tablet
nifedipine,41029735,Nifedipine 10 MG Oral Tablet [Adalat] Box of 50,Branded Drug Box,RxNorm Extension,Oral Tablet
nifedipine,40915449,Nifedipine 40 MG Oral Tablet [Corinfar] Box of 100 by TEVA,Marketed Product,RxNorm Extension,Oral Tablet
labetalol,21066074,Labetalol 200 MG Oral Tablet [Trandate] Box of 250,Branded Drug Box,RxNorm Extension,Oral Tablet
nifedipine,40998685,Nifedipine 10 MG Oral Tablet [Nifecor],Branded Drug,RxNorm Extension,Oral Tablet
nifedipine,40835007,Nifedipine 20 MG Oral Tablet Box of 300,Clinical Drug Box,RxNorm Extension,Oral Tablet
labetalol,21066076,Labetalol 400 MG Oral Tablet Box of 56 by Kent,Marketed Product,RxNorm Extension,Oral Tablet
nifedipine,40967337,Nifedipine 10 MG Oral Tablet [Tp Mtk] Box of 100,Branded Drug Box,RxNorm Extension,Oral Tablet
nifedipine,40915487,Nifedipine 20 MG Oral Tablet [Nifecor] Box of 20 by 3M,Marketed Product,RxNorm Extension,Oral Tablet
nifedipine,35758536,Nifedipine 30 MG Delayed Release Oral Tablet [Slofedipine XL] Box of 28,Branded Drug Box,RxNorm Extension,Delayed Release Oral Tablet
labetalol,41241363,Labetalol 200 MG Delayed Release Oral Tablet Box of 100,Clinical Drug Box,RxNorm Extension,Delayed Release Oral Tablet
labetalol,40928895,Labetalol 200 MG Delayed Release Oral Tablet Box of 500,Clinical Drug Box,RxNorm Extension,Delayed Release Oral Tablet
nifedipine,35758539,Nifedipine 30 MG Delayed Release Oral Tablet [Hypolar],Branded Drug,RxNorm Extension,Delayed Release Oral Tablet
nifedipine,21172620,Nifedipine 30 MG Extended Release Oral Tablet [Adalat LA] Box of 28,Branded Drug Box,RxNorm Extension,Extended Release Oral Tablet
nifedipine,41228085,Nifedipine 20 MG Extended Release Oral Capsule [Nife-Ct] Box of 100 by AbZ-Pharma,Marketed Product,RxNorm Extension,Extended Release Oral Capsule
nifedipine,36419771,Nifedipine 50 MG Extended Release Oral Tablet [Corinfar] Box of 30,Branded Drug Box,RxNorm Extension,Extended Release Oral Tablet
nifedipine,41310677,Nifedipine 20 MG Extended Release Oral Tablet [Nifehexal] Box of 100,Branded Drug Box,RxNorm Extension,Extended Release Oral Tablet
nifedipine,41186208,Nifedipine 10 MG Extended Release Oral Tablet [Nifecor] Box of 50,Branded Drug Box,RxNorm Extension,Extended Release Oral Tablet
nifedipine,36262711,Nifedipine 40 MG Extended Release Oral Capsule [Hypan] Box of 56,Branded Drug Box,RxNorm Extension,Extended Release Oral Capsule
nifedipine,40831763,Nifedipine Extended Release Oral Tablet [Corotrend],Branded Drug Form,RxNorm Extension,Extended Release Oral Tablet
nifedipine,35151496,1 ML Nifedipine 10 MG/ML Oral Granules by Tsuruhara Seiyaku,Marketed Product,RxNorm Extension,Oral Granules
nifedipine,41155160,Nifedipine 20 MG Extended Release Oral Capsule [Nifedipin Heumann] Box of 50,Branded Drug Box,RxNorm Extension,Extended Release Oral Capsule
nifedipine,21093971,Nifedipine 10 MG Extended Release Oral Tablet [Nifedipress MR] Box of 56,Branded Drug Box,RxNorm Extension,Extended Release Oral Tablet
nifedipine,21054775,Nifedipine 30 MG Extended Release Oral Tablet [Neozipine XL],Branded Drug,RxNorm Extension,Extended Release Oral Tablet
nifedipine,43034961,Nifedipine 20 MG Extended Release Oral Tablet Box of 60 by Ranbaxy,Marketed Product,RxNorm Extension,Extended Release Oral Tablet
nifedipine,40967358,Nifedipine 20 MG/ML Oral Solution [Nifecor] Box of 1,Branded Drug Box,RxNorm Extension,Oral Solution
nifedipine,41102970,Nifedipine 20 MG Extended Release Oral Capsule [Nife Klast] Box of 100 by Linden,Marketed Product,RxNorm Extension,Extended Release Oral Capsule
nifedipine,41102938,Nifedipine 60 MG Extended Release Oral Tablet [Adalat] Box of 50 by Bayer,Marketed Product,RxNorm Extension,Extended Release Oral Tablet
nifedipine,40835003,Nifedipine 20 MG/ML Oral Solution Box of 1,Clinical Drug Box,RxNorm Extension,Oral Solution
nifedipine,41134367,Nifedipine 20 MG Extended Release Oral Capsule [Nifedipin Al] Box of 100 by Aliud,Marketed Product,RxNorm Extension,Extended Release Oral Capsule
nifedipine,40725323,Nifedipine 30 MG Extended Release Oral Tablet by Sigma,Marketed Product,RxNorm Extension,Extended Release Oral Tablet
labetalol,21175770,1 ML Labetalol 1 MG/ML Oral Suspension,Quant Clinical Drug,RxNorm Extension,Oral Suspension
nifedipine,43729181,Nifedipine 20 MG Extended Release Oral Tablet [Nifedipin Al] by Aliud,Marketed Product,RxNorm Extension,Extended Release Oral Tablet
nifedipine,43657431,Nifedipine Oral Capsule [Nifedipin Pb],Branded Drug Form,RxNorm Extension,Oral Capsule
nifedipine,41155126,Nifedipine 10 MG Extended Release Oral Tablet [Nifehexal] Box of 30,Branded Drug Box,RxNorm Extension,Extended Release Oral Tablet
nifedipine,41279360,Nifedipine 30 MG Extended Release Oral Tablet [Nifedipin Stada] Box of 50,Branded Drug Box,RxNorm Extension,Extended Release Oral Tablet
nifedipine,41134360,Nifedipine 5 MG Oral Capsule [Nifedipin Al] Box of 100 by Aliud,Marketed Product,RxNorm Extension,Oral Capsule
nifedipine,41123681,Nifedipine 5 MG Oral Capsule [Nifeclair] Box of 100,Branded Drug Box,RxNorm Extension,Oral Capsule
nifedipine,43289210,Nifedipine 20 MG Oral Tablet [Nyefax],Branded Drug,RxNorm Extension,Oral Tablet
nifedipine,41186258,Nifedipine 20 MG Extended Release Oral Tablet [Nife Abz],Branded Drug,RxNorm Extension,Extended Release Oral Tablet
nifedipine,40842778,Nifedipine 60 MG Extended Release Oral Tablet [Nife-Ct],Branded Drug,RxNorm Extension,Extended Release Oral Tablet
nifedipine,43151589,Nifedipine 10 MG Oral Capsule [Adalate] Box of 30 by Bayer,Marketed Product,RxNorm Extension,Oral Capsule
nifedipine,41102982,Nifedipine 20 MG Extended Release Oral Tablet [Adalat] Box of 100 by Emra-Med,Marketed Product,RxNorm Extension,Extended Release Oral Tablet
nifedipine,41289999,Nifedipine 20 MG Extended Release Oral Tablet [Nifedipin Basics] Box of 30 by Basics,Marketed Product,RxNorm Extension,Extended Release Oral Tablet
nifedipine,41186207,Nifedipine 10 MG Extended Release Oral Tablet [Nifedipin Basics] Box of 100,Branded Drug Box,RxNorm Extension,Extended Release Oral Tablet
nifedipine,40884540,Nifedipine 20 MG Extended Release Oral Tablet [Adalat] Box of 50 by Gruenewald,Marketed Product,RxNorm Extension,Extended Release Oral Tablet
nifedipine,41248569,Nifedipine 10 MG Oral Capsule [Nifecor] Box of 100,Branded Drug Box,RxNorm Extension,Oral Capsule
nifedipine,41155180,Nifedipine 20 MG Oral Capsule [Pidilat] Box of 50,Branded Drug Box,RxNorm Extension,Oral Capsule
nifedipine,21035107,Nifedipine 30 MG Extended Release Oral Tablet Box of 28 by A A H,Marketed Product,RxNorm Extension,Extended Release Oral Tablet
nifedipine,40967349,Nifedipine 10 MG Oral Capsule [Nifedipin Basics] Box of 100,Branded Drug Box,RxNorm Extension,Oral Capsule
nifedipine,21093977,Nifedipine 30 MG Extended Release Oral Tablet [Adalat LA] Box of 14,Branded Drug Box,RxNorm Extension,Extended Release Oral Tablet
nifedipine,21074564,Nifedipine 10 MG Extended Release Oral Tablet [Kentipine] by Kent,Marketed Product,RxNorm Extension,Extended Release Oral Tablet
nifedipine,21035084,Nifedipine 20 MG Extended Release Oral Tablet Box of 56 by DE,Marketed Product,RxNorm Extension,Extended Release Oral Tablet
nifedipine,21074554,Nifedipine 20 MG Extended Release Oral Tablet [Adalat] by Dowelhurst,Marketed Product,RxNorm Extension,Extended Release Oral Tablet
nifedipine,41186221,Nifedipine 10 MG Oral Capsule [Nifecor] Box of 50,Branded Drug Box,RxNorm Extension,Oral Capsule
labetalol,43277952,Labetalol 100 MG Oral Tablet [Trandate] Box of 100,Branded Drug Box,RxNorm Extension,Oral Tablet
nifedipine,41092506,Nifedipine 20 MG Oral Capsule [Nifedipin Stada] Box of 50,Branded Drug Box,RxNorm Extension,Oral Capsule
nifedipine,40853283,Nifedipine 10 MG Oral Capsule [Corinfar] Box of 30 by TEVA,Marketed Product,RxNorm Extension,Oral Capsule
nifedipine,41217528,Nifedipine 10 MG Oral Capsule [Nifedipin Heumann] Box of 500,Branded Drug Box,RxNorm Extension,Oral Capsule
nifedipine,40842798,Nifedipine 20 MG/ML Oral Solution [Pidilat],Branded Drug,RxNorm Extension,Oral Solution
nifedipine,41279329,Nifedipine 40 MG Oral Tablet [Cordicant] Box of 100,Branded Drug Box,RxNorm Extension,Oral Tablet
nifedipine,21172611,Nifedipine 10 MG Oral Capsule [Adalat] Box of 90 by Bayer,Marketed Product,RxNorm Extension,Oral Capsule
nifedipine,41092481,Nifedipine 5 MG Oral Capsule [Nifecor] Box of 50,Branded Drug Box,RxNorm Extension,Oral Capsule
nifedipine,43721124,100 MG Nifedipine 0.0499 MG/MG Oral Solution [Bukonif-5],Quant Branded Drug,RxNorm Extension,Oral Solution
nifedipine,40946841,Nifedipine 20 MG Oral Tablet [Adalat] Box of 100 by Mtk,Marketed Product,RxNorm Extension,Oral Tablet
nifedipine,41289966,Nifedipine 60 MG Oral Tablet [Nifedipin Basics] Box of 50 by Basics,Marketed Product,RxNorm Extension,Oral Tablet
nifedipine,40936244,Nifedipine 20 MG Oral Tablet [Nife 1a Pharma] Box of 100,Branded Drug Box,RxNorm Extension,Oral Tablet
nifedipine,40904927,Nifedipine 10 MG Oral Tablet [Nifical] Box of 100,Branded Drug Box,RxNorm Extension,Oral Tablet
nifedipine,41134385,Nifedipine 20 MG Oral Tablet Box of 50 by GDS,Marketed Product,RxNorm Extension,Oral Tablet
nifedipine,35831266,nifedipine 10 MG Oral Tablet by Tsuruhara,Marketed Product,RxNorm Extension,Oral Tablet
labetalol,21115173,Labetalol 400 MG Oral Tablet [Trandate] Box of 250 by Focus,Marketed Product,RxNorm Extension,Oral Tablet
nifedipine,40977785,Nifedipine 60 MG Oral Tablet [Aprical] Box of 100 by Amdipharm,Marketed Product,RxNorm Extension,Oral Tablet
nifedipine,40967371,Nifedipine 50 MG Oral Tablet [Corinfar] Box of 100,Branded Drug Box,RxNorm Extension,Oral Tablet
nifedipine,43267483,Nifedipine 20 MG Oral Tablet [Nypine],Branded Drug,RxNorm Extension,Oral Tablet
nifedipine,40977804,Nifedipine 10 MG Oral Tablet [Corinfar] Box of 300 by TEVA,Marketed Product,RxNorm Extension,Oral Tablet
nifedipine,43173762,Nifedipine 30 MG Delayed Release Oral Tablet [CHRONADALATE L] Box of 90 by Bayer,Marketed Product,RxNorm Extension,Delayed Release Oral Tablet
nifedipine,35751467,Nifedipine 30 MG Delayed Release Oral Tablet [Adipin] Box of 28 by Chiesi,Marketed Product,RxNorm Extension,Delayed Release Oral Tablet
nifedipine,35762740,Nifedipine 30 MG Delayed Release Oral Tablet [Neozipine XL],Branded Drug,RxNorm Extension,Delayed Release Oral Tablet
labetalol,43152102,Labetalol 200 MG Delayed Release Oral Tablet [Trandate] Box of 180 by Aspen,Marketed Product,RxNorm Extension,Delayed Release Oral Tablet
nifedipine,21153033,Nifedipine 60 MG Extended Release Oral Tablet [Adanif XL],Branded Drug,RxNorm Extension,Extended Release Oral Tablet
nifedipine,21153026,Nifedipine 30 MG Extended Release Oral Tablet [Adipin],Branded Drug,RxNorm Extension,Extended Release Oral Tablet
nifedipine,41186259,Nifedipine 20 MG Extended Release Oral Tablet [Nife],Branded Drug,RxNorm Extension,Extended Release Oral Tablet
nifedipine,40946816,Nifedipine 10 MG Oral Capsule [Adalat] Box of 100 by Ae-Media,Marketed Product,RxNorm Extension,Oral Capsule
nifedipine,21143142,Nifedipine 1.5 MG/ML Oral Suspension,Clinical Drug,RxNorm Extension,Oral Suspension
nifedipine,40725312,Nifedipine 10 MG Oral Capsule Box of 84 by Strides Shasun,Marketed Product,RxNorm Extension,Oral Capsule
nifedipine,40967375,Nifedipine 20 MG Extended Release Oral Capsule [Am Nifedipin] Box of 50,Branded Drug Box,RxNorm Extension,Extended Release Oral Capsule
nifedipine,43783255,Nifedipine 20 MG Extended Release Oral Tablet [Nifeclair] by Chem Affairs Deutschland,Marketed Product,RxNorm Extension,Extended Release Oral Tablet
nifedipine,21133175,Nifedipine 10 MG Oral Capsule [Adalat] by Mawdsley-Brooks,Marketed Product,RxNorm Extension,Oral Capsule
nifedipine,41115918,Nifedipine 20 MG Extended Release Oral Capsule Box of 100,Clinical Drug Box,RxNorm Extension,Extended Release Oral Capsule
nifedipine,43801093,Nifedipine 20 MG Extended Release Oral Tablet [Nifeclair],Branded Drug,RxNorm Extension,Extended Release Oral Tablet
nifedipine,43256671,Nifedipine 60 MG Extended Release Oral Tablet [Adefin] Box of 30,Branded Drug Box,RxNorm Extension,Extended Release Oral Tablet
nifedipine,41165596,Nifedipine 60 MG Extended Release Oral Tablet [Adalat] Box of 30 by Bayer,Marketed Product,RxNorm Extension,Extended Release Oral Tablet
nifedipine,35778072,1 ML Nifedipine 1 MG/ML Oral Suspension by Drug Tariff Special Order,Marketed Product,RxNorm Extension,Oral Suspension
labetalol,36813794,Labetalol 100 MG Oral Tablet Box of 56 by Tillomed,Marketed Product,RxNorm Extension,Oral Tablet
nifedipine,41029754,Nifedipine 20 MG Extended Release Oral Tablet [Adalat] Box of 400,Branded Drug Box,RxNorm Extension,Extended Release Oral Tablet
nifedipine,41029721,Nifedipine 10 MG Extended Release Oral Tablet [Nifedipin Pb],Branded Drug,RxNorm Extension,Extended Release Oral Tablet
nifedipine,41310676,Nifedipine 20 MG Extended Release Oral Tablet [Nifelat] Box of 20,Branded Drug Box,RxNorm Extension,Extended Release Oral Tablet
nifedipine,41092503,Nifedipine 20 MG Extended Release Oral Tablet [Corotrend] Box of 50,Branded Drug Box,RxNorm Extension,Extended Release Oral Tablet
nifedipine,41040278,Nifedipine 5 MG Oral Capsule [Nifecor] Box of 100 by Betapharm,Marketed Product,RxNorm Extension,Oral Capsule
nifedipine,41040276,Nifedipine 5 MG Oral Capsule [Nifedipin Verla] Box of 100 by Verla,Marketed Product,RxNorm Extension,Oral Capsule
nifedipine,40842787,Nifedipine 10 MG Oral Capsule [Nifehexal] Box of 100,Branded Drug Box,RxNorm Extension,Oral Capsule
nifedipine,35831263,nifedipine 40 MG Extended Release Oral Tablet by Sanwa Kagaku,Marketed Product,RxNorm Extension,Extended Release Oral Tablet
nifedipine,41092443,Nifedipine 40 MG Extended Release Oral Tablet [Nifehexal] Box of 30,Branded Drug Box,RxNorm Extension,Extended Release Oral Tablet
nifedipine,40977788,Nifedipine 10 MG Extended Release Oral Tablet Box of 100 by Novartis,Marketed Product,RxNorm Extension,Extended Release Oral Tablet
nifedipine,40904906,Nifedipine 40 MG Extended Release Oral Tablet [Cordicant],Branded Drug,RxNorm Extension,Extended Release Oral Tablet
nifedipine,44075650,Nifedipine 10 MG Oral Capsule [Novo-Nifedin] by Novopharm,Marketed Product,RxNorm Extension,Oral Capsule
nifedipine,21147725,100 ML Nifedipine 20 MG/ML Oral Solution,Quant Clinical Drug,RxNorm Extension,Oral Solution
nifedipine,41385067,30 ML Nifedipine 20 MG/ML Oral Solution [Cordicant] Box of 1,Quant Branded Box,RxNorm Extension,Oral Solution
nifedipine,41040274,Nifedipine 10 MG Oral Capsule Box of 100 by Sanol,Marketed Product,RxNorm Extension,Oral Capsule
nifedipine,41021850,Nifedipine 20 MG Oral Capsule Box of 400,Clinical Drug Box,RxNorm Extension,Oral Capsule
nifedipine,40897317,Nifedipine 5 MG Oral Capsule Box of 20,Clinical Drug Box,RxNorm Extension,Oral Capsule
labetalol,36262197,Labetalol 200 MG Oral Tablet Box of 75,Clinical Drug Box,RxNorm Extension,Oral Tablet
nifedipine,35147848,Nifedipine Oral Tablet [Casanmil],Branded Drug Form,RxNorm Extension,Oral Tablet
nifedipine,41290006,Nifedipine 20 MG Oral Tablet [Adalat] Box of 98 by Bayer,Marketed Product,RxNorm Extension,Oral Tablet
nifedipine,41197024,Nifedipine 20 MG Oral Tablet [Adalat] Box of 42 by Bayer,Marketed Product,RxNorm Extension,Oral Tablet
nifedipine,41060915,Nifedipine 20 MG Oral Tablet [Nifedipin 1a Pharma] Box of 30,Branded Drug Box,RxNorm Extension,Oral Tablet
nifedipine,41279358,Nifedipine 0.667 MG/ML Oral Solution [Aprical],Branded Drug,RxNorm Extension,Oral Solution
labetalol,36967197,labetalol 200 MG Oral Tablet Box of 56 by Viatris Healthcare,Marketed Product,RxNorm Extension,Oral Tablet
nifedipine,40904910,Nifedipine 60 MG Oral Tablet [Aprical] Box of 30,Branded Drug Box,RxNorm Extension,Oral Tablet
labetalol,36939822,labetalol 50 MG Oral Tablet [Trandate],Branded Drug,RxNorm Extension,Oral Tablet
nifedipine,41155153,Nifedipine 30 MG Oral Tablet [Nifedipin Basics],Branded Drug,RxNorm Extension,Oral Tablet
nifedipine,40884492,Nifedipine 40 MG Oral Tablet [Nifecor] Box of 100 by 3M,Marketed Product,RxNorm Extension,Oral Tablet
labetalol,40727619,Labetalol 400 MG Oral Tablet Box of 56 by Phoenix Healthcare Distribution,Marketed Product,RxNorm Extension,Oral Tablet
labetalol,21105356,Labetalol 400 MG Oral Tablet [Trandate] Box of 56,Branded Drug Box,RxNorm Extension,Oral Tablet
nifedipine,41009151,Nifedipine 10 MG Oral Tablet [Nifedipin Pb] Box of 30 by Docpharm,Marketed Product,RxNorm Extension,Oral Tablet
nifedipine,40853312,Nifedipine 20 MG Oral Tablet [Duranifin] Box of 30 by Mylan,Marketed Product,RxNorm Extension,Oral Tablet
nifedipine,40977829,Nifedipine 20 MG Oral Tablet Box of 30 by Ratiopharm,Marketed Product,RxNorm Extension,Oral Tablet
nifedipine,41289970,Nifedipine 60 MG Oral Tablet [Aprical] Box of 49 by Medice,Marketed Product,RxNorm Extension,Oral Tablet
nifedipine,41186262,Nifedipine 20 MG Oral Tablet [Adalat] Box of 98,Branded Drug Box,RxNorm Extension,Oral Tablet
labetalol,35771864,Labetalol 200 MG Delayed Release Oral Tablet Box of 56 by Alliance,Marketed Product,RxNorm Extension,Delayed Release Oral Tablet
nifedipine,41240867,Nifedipine 20 MG Extended Release Oral Capsule Box of 200,Clinical Drug Box,RxNorm Extension,Extended Release Oral Capsule
nifedipine,35143187,Nifedipine 0.02 MG/MG Oral Granules,Clinical Drug,RxNorm Extension,Oral Granules
nifedipine,40904940,Nifedipine 30 MG Extended Release Oral Tablet [Nifedipin Stada] Box of 100,Branded Drug Box,RxNorm Extension,Extended Release Oral Tablet
nifedipine,40967374,Nifedipine 20 MG Extended Release Oral Capsule [Nife Puren] Box of 500,Branded Drug Box,RxNorm Extension,Extended Release Oral Capsule
nifedipine,43206509,Nifedipine 30 MG Extended Release Oral Tablet [NIFEDIPINE ARROW] Box of 30,Branded Drug Box,RxNorm Extension,Extended Release Oral Tablet
nifedipine,40915481,Nifedipine 20 MG Extended Release Oral Capsule [Aprical] Box of 100 by Medice,Marketed Product,RxNorm Extension,Extended Release Oral Capsule
nifedipine,41081413,Nifedipine Extended Release Oral Capsule [Nife-Ct],Branded Drug Form,RxNorm Extension,Extended Release Oral Capsule
nifedipine,40915477,Nifedipine 20 MG Extended Release Oral Capsule [Nifedipin Heumann] Box of 50 by Heumann,Marketed Product,RxNorm Extension,Extended Release Oral Capsule
nifedipine,44075647,Nifedipine 5 MG Oral Capsule [Pms-Nifedipine] by Pharmascience,Marketed Product,RxNorm Extension,Oral Capsule
nifedipine,43173767,Nifedipine 20 MG Extended Release Oral Tablet [NIFEDIPINE TEVA],Branded Drug,RxNorm Extension,Extended Release Oral Tablet
nifedipine,43034955,Nifedipine 30 MG Extended Release Oral Tablet Box of 30 by Eurogenerics,Marketed Product,RxNorm Extension,Extended Release Oral Tablet
nifedipine,43729187,Nifedipine 10 MG Oral Capsule [Nifedipin Pb] by Docpharm,Marketed Product,RxNorm Extension,Oral Capsule
nifedipine,43151588,Nifedipine Extended Release Oral Tablet [NIFEDIPINE TEVA],Branded Drug Form,RxNorm Extension,Extended Release Oral Tablet
nifedipine,41186192,Nifedipine 40 MG Extended Release Oral Tablet [Duranifin],Branded Drug,RxNorm Extension,Extended Release Oral Tablet
nifedipine,41289967,Nifedipine 60 MG Extended Release Oral Tablet [Nife-Ct] Box of 50 by AbZ-Pharma,Marketed Product,RxNorm Extension,Extended Release Oral Tablet
nifedipine,41092507,Nifedipine 20 MG Oral Capsule [Nife Isis] Box of 500,Branded Drug Box,RxNorm Extension,Oral Capsule
nifedipine,40824926,Nifedipine 20 MG Extended Release Oral Tablet [Corinfar],Branded Drug,RxNorm Extension,Extended Release Oral Tablet
nifedipine,21143132,Nifedipine 30 MG Extended Release Oral Tablet [Nimodrel XL] Box of 28 by Zurich,Marketed Product,RxNorm Extension,Extended Release Oral Tablet
nifedipine,40842785,Nifedipine 10 MG Oral Capsule [Pidilat] Box of 100,Branded Drug Box,RxNorm Extension,Oral Capsule
nifedipine,36958648,nifedipine 20 MG Extended Release Oral Tablet [Coroday MR] by Viatris Healthcare,Marketed Product,RxNorm Extension,Extended Release Oral Tablet
nifedipine,40725290,Nifedipine 60 MG Extended Release Oral Tablet [Nidef] Box of 28 by Morningside,Marketed Product,RxNorm Extension,Extended Release Oral Tablet
nifedipine,40904920,Nifedipine 10 MG Extended Release Oral Tablet [Nifedipin Verla] Box of 100,Branded Drug Box,RxNorm Extension,Extended Release Oral Tablet
nifedipine,36783378,Nifedipine 30 MG Extended Release Oral Tablet [NIFEDIPINE EG] Box of 98,Branded Drug Box,RxNorm Extension,Extended Release Oral Tablet
nifedipine,21035087,Nifedipine 20 MG Extended Release Oral Tablet [Angiopine MR] Box of 56 by Ashbourne,Marketed Product,RxNorm Extension,Extended Release Oral Tablet
nifedipine,21113702,Nifedipine 20 MG Extended Release Oral Tablet [Adalat] Box of 56 by Bayer,Marketed Product,RxNorm Extension,Extended Release Oral Tablet
nifedipine,21084224,Nifedipine 20 MG Extended Release Oral Tablet Box of 56 by Alliance,Marketed Product,RxNorm Extension,Extended Release Oral Tablet
nifedipine,41102946,Nifedipine 10 MG Extended Release Oral Tablet [Corotrend] Box of 50 by Kytta Siegfried,Marketed Product,RxNorm Extension,Extended Release Oral Tablet
nifedipine,40853291,Nifedipine 30 MG Extended Release Oral Tablet [Nifehexal] Box of 30 by Novartis,Marketed Product,RxNorm Extension,Extended Release Oral Tablet
nifedipine,41289982,Nifedipine 10 MG Oral Capsule [Adalat] Box of 50 by Bayer,Marketed Product,RxNorm Extension,Oral Capsule
nifedipine,41112664,Nifedipine Oral Solution [Nife Wolff],Branded Drug Form,RxNorm Extension,Oral Solution
nifedipine,41385368,30 ML Nifedipine 20 MG/ML Oral Solution [Nife Wolff],Quant Branded Drug,RxNorm Extension,Oral Solution
nifedipine,40853287,Nifedipine 5 MG Oral Capsule [Nifedipin Heumann] Box of 30 by Heumann,Marketed Product,RxNorm Extension,Oral Capsule
nifedipine,41387932,30 ML Nifedipine 0.667 MG/ML Oral Solution [Duranifin],Quant Branded Drug,RxNorm Extension,Oral Solution
nifedipine,40946823,Nifedipine 5 MG Oral Capsule [Nife Abz] Box of 30 by AbZ-Pharma,Marketed Product,RxNorm Extension,Oral Capsule
nifedipine,40904972,Nifedipine 20 MG Oral Capsule [Nifedipin Stada],Branded Drug,RxNorm Extension,Oral Capsule
nifedipine,40874016,Nifedipine 5 MG Oral Capsule [Nife Wolff] Box of 50,Branded Drug Box,RxNorm Extension,Oral Capsule
labetalol,21134703,Labetalol 0.3 MG/ML Oral Solution,Clinical Drug,RxNorm Extension,Oral Solution
nifedipine,40936241,Nifedipine 20 MG Oral Tablet [Nife Isis] Box of 100,Branded Drug Box,RxNorm Extension,Oral Tablet
nifedipine,40967369,Nifedipine 30 MG Oral Tablet [Nifehexal],Branded Drug,RxNorm Extension,Oral Tablet
nifedipine,40946843,Nifedipine 20 MG Oral Tablet [Adalat] Box of 50 by Orifarm Leverkus,Marketed Product,RxNorm Extension,Oral Tablet
labetalol,40897809,Labetalol 100 MG Oral Tablet Box of 50,Clinical Drug Box,RxNorm Extension,Oral Tablet
nifedipine,41248556,Nifedipine 40 MG Oral Tablet [Cordicant] Box of 30,Branded Drug Box,RxNorm Extension,Oral Tablet
nifedipine,40824301,Nifedipine 10 MG Oral Tablet [Corosten] Box of 50,Branded Drug Box,RxNorm Extension,Oral Tablet
nifedipine,41310666,Nifedipine 30 MG Oral Tablet [Nife-Ct] Box of 30,Branded Drug Box,RxNorm Extension,Oral Tablet
nifedipine,41268647,Nifedipine Oral Tablet [Nifsigma],Branded Drug Form,RxNorm Extension,Oral Tablet
nifedipine,41186252,Nifedipine 20 MG Oral Tablet [Nifedipin Al] Box of 30,Branded Drug Box,RxNorm Extension,Oral Tablet
nifedipine,35868155,nifedipine 30 MG Oral Tablet [Baixintong],Branded Drug,RxNorm Extension,Oral Tablet
nifedipine,40915445,Nifedipine 40 MG Oral Tablet [Nifedipin Stada] Box of 100 by Stada,Marketed Product,RxNorm Extension,Oral Tablet
nifedipine,40884513,Nifedipine 10 MG Oral Tablet [Nife Basf] Box of 50 by Novartis,Marketed Product,RxNorm Extension,Oral Tablet
labetalol,40727606,Labetalol 200 MG Oral Tablet [Trandate] Box of 250 by RPH,Marketed Product,RxNorm Extension,Oral Tablet
nifedipine,41102932,Nifedipine 40 MG Oral Tablet [Nife Wolff] Box of 50 by Wolff Bielefeld,Marketed Product,RxNorm Extension,Oral Tablet
nifedipine,40884498,Nifedipine 60 MG Oral Tablet [Nifedipin Basics] Box of 100 by Basics,Marketed Product,RxNorm Extension,Oral Tablet
nifedipine,41040293,Nifedipine 20 MG Oral Tablet Box of 30 by Dexcel-Pharma,Marketed Product,RxNorm Extension,Oral Tablet
nifedipine,41040289,Nifedipine 20 MG Oral Tablet [Nife Basf] Box of 100 by Novartis,Marketed Product,RxNorm Extension,Oral Tablet
nifedipine,40946799,Nifedipine 60 MG Oral Tablet [Aprical] Box of 50 by Amdipharm,Marketed Product,RxNorm Extension,Oral Tablet
labetalol,35742505,Labetalol 200 MG Delayed Release Oral Tablet by DE,Marketed Product,RxNorm Extension,Delayed Release Oral Tablet
labetalol,35746709,Labetalol 200 MG Delayed Release Oral Tablet Box of 56 by Kent,Marketed Product,RxNorm Extension,Delayed Release Oral Tablet
labetalol,35759215,Labetalol 200 MG Delayed Release Oral Tablet by Kent,Marketed Product,RxNorm Extension,Delayed Release Oral Tablet
nifedipine,21035098,Nifedipine 10 MG Oral Capsule [Adalat] by Lexon,Marketed Product,RxNorm Extension,Oral Capsule
nifedipine,36783394,Nifedipine 60 MG Extended Release Oral Tablet Box of 56,Clinical Drug Box,RxNorm Extension,Extended Release Oral Tablet
nifedipine,21093967,Nifedipine 10 MG Oral Capsule Box of 84 by Ivax,Marketed Product,RxNorm Extension,Oral Capsule
nifedipine,21143111,Nifedipine Extended Release Oral Tablet [Nimodrel XL],Branded Drug Form,RxNorm Extension,Extended Release Oral Tablet
nifedipine,21113720,Nifedipine 1 MG/ML Oral Suspension,Clinical Drug,RxNorm Extension,Oral Suspension
nifedipine,35828157,1000 MG nifedipine 0.01 MG/MG Oral Granules [Sepamit],Quant Branded Drug,RxNorm Extension,Oral Granules
nifedipine,41155124,Nifedipine 10 MG Extended Release Oral Tablet [Pidilat] Box of 50,Branded Drug Box,RxNorm Extension,Extended Release Oral Tablet
nifedipine,41134337,Nifedipine 40 MG Extended Release Oral Tablet [Nifedipat] Box of 50 by Azupharma,Marketed Product,RxNorm Extension,Extended Release Oral Tablet
nifedipine,40936227,Nifedipine 20 MG Extended Release Oral Capsule [Tp Mtk],Branded Drug,RxNorm Extension,Extended Release Oral Capsule
nifedipine,41165622,Nifedipine 20 MG Extended Release Oral Capsule [Aprical] Box of 30 by Medice,Marketed Product,RxNorm Extension,Extended Release Oral Capsule
nifedipine,41155156,Nifedipine 30 MG Extended Release Oral Tablet [Nife-Ct] Box of 30,Branded Drug Box,RxNorm Extension,Extended Release Oral Tablet
nifedipine,41040286,Nifedipine 20 MG Extended Release Oral Tablet [Nifedipin Al] Box of 100 by Aliud,Marketed Product,RxNorm Extension,Extended Release Oral Tablet
nifedipine,41009153,Nifedipine 10 MG Extended Release Oral Tablet [Corinfar] Box of 50 by TEVA,Marketed Product,RxNorm Extension,Extended Release Oral Tablet
nifedipine,41248594,Nifedipine 20 MG Extended Release Oral Capsule [Jedipin] Box of 30,Branded Drug Box,RxNorm Extension,Extended Release Oral Capsule
nifedipine,40873992,Nifedipine 40 MG Extended Release Oral Tablet [Cordicant] Box of 50,Branded Drug Box,RxNorm Extension,Extended Release Oral Tablet
nifedipine,43711223,Nifedipine 5 MG Oral Capsule [Nifedipin Stada] by Stada,Marketed Product,RxNorm Extension,Oral Capsule
nifedipine,35764012,Nifedipine 10 MG Extended Release Oral Capsule Box of 84 by A A H,Marketed Product,RxNorm Extension,Extended Release Oral Capsule
nifedipine,41228094,Nifedipine 20 MG Extended Release Oral Tablet [Corotrend] Box of 50 by Novartis,Marketed Product,RxNorm Extension,Extended Release Oral Tablet
nifedipine,36811014,Nifedipine 60 MG Extended Release Oral Tablet [Adanif XL] Box of 28 by AMCo,Marketed Product,RxNorm Extension,Extended Release Oral Tablet
nifedipine,41217561,Nifedipine 20 MG Extended Release Oral Tablet [Cordicant] Box of 50,Branded Drug Box,RxNorm Extension,Extended Release Oral Tablet
nifedipine,40998699,Nifedipine 10 MG Oral Capsule [Duranifin] Box of 30,Branded Drug Box,RxNorm Extension,Oral Capsule
nifedipine,40884518,Nifedipine 5 MG Oral Capsule [Nifedipin Sandoz] Box of 100 by Novartis,Marketed Product,RxNorm Extension,Oral Capsule
nifedipine,21162872,Nifedipine 20 MG Extended Release Oral Tablet [Adipin] Box of 56,Branded Drug Box,RxNorm Extension,Extended Release Oral Tablet
nifedipine,21133186,Nifedipine 30 MG Extended Release Oral Tablet [Neozipine XL] by Kent,Marketed Product,RxNorm Extension,Extended Release Oral Tablet
nifedipine,21113712,Nifedipine 10 MG Extended Release Oral Tablet [Calchan MR] Box of 56 by Ranbaxy,Marketed Product,RxNorm Extension,Extended Release Oral Tablet
nifedipine,44101516,Nifedipine 10 MG Extended Release Oral Tablet [Nu-Nifedipine-Pa] by Nu-Pharm,Marketed Product,RxNorm Extension,Extended Release Oral Tablet
nifedipine,41102937,Nifedipine 40 MG Extended Release Oral Tablet [Cisday] Box of 20 by Novartis,Marketed Product,RxNorm Extension,Extended Release Oral Tablet
nifedipine,41310686,Nifedipine 20 MG Extended Release Oral Tablet [Nife 1a Pharma] Box of 100,Branded Drug Box,RxNorm Extension,Extended Release Oral Tablet
nifedipine,41290004,Nifedipine 20 MG Extended Release Oral Tablet [Adalat] Box of 100 by Beragena,Marketed Product,RxNorm Extension,Extended Release Oral Tablet
nifedipine,41228062,Nifedipine 10 MG Extended Release Oral Tablet Box of 100 by Acis,Marketed Product,RxNorm Extension,Extended Release Oral Tablet
nifedipine,41321296,Nifedipine 20 MG Extended Release Oral Tablet [Corotrend] Box of 100 by Novartis,Marketed Product,RxNorm Extension,Extended Release Oral Tablet
nifedipine,41258889,Nifedipine 20 MG Extended Release Oral Tablet [Nifedipin Abz] Box of 100 by AbZ-Pharma,Marketed Product,RxNorm Extension,Extended Release Oral Tablet
nifedipine,41248550,Nifedipine 40 MG Extended Release Oral Tablet [Nifedipin Stada],Branded Drug,RxNorm Extension,Extended Release Oral Tablet
nifedipine,40842825,Nifedipine 20 MG Extended Release Oral Tablet [Nife Abz] Box of 30,Branded Drug Box,RxNorm Extension,Extended Release Oral Tablet
nifedipine,41186251,Nifedipine 20 MG Extended Release Oral Tablet [Nifedipin Basics],Branded Drug,RxNorm Extension,Extended Release Oral Tablet
nifedipine,40977783,Nifedipine 60 MG Extended Release Oral Tablet [Nifedipin Basics] Box of 50 by Basics,Marketed Product,RxNorm Extension,Extended Release Oral Tablet
nifedipine,44036756,Nifedipine 20 MG Extended Release Oral Tablet [Apo-Nifed] by Apotex,Marketed Product,RxNorm Extension,Extended Release Oral Tablet
nifedipine,41102956,Nifedipine 10 MG Oral Capsule [Adalat] Box of 100 by Emra-Med,Marketed Product,RxNorm Extension,Oral Capsule
nifedipine,21044955,Nifedipine 10 MG Extended Release Oral Tablet [Nifedipress MR] by Dexcel-Pharma,Marketed Product,RxNorm Extension,Extended Release Oral Tablet
nifedipine,41388895,30 ML Nifedipine 0.667 MG/ML Oral Solution [Aprical] Box of 2 by Shire,Marketed Product,RxNorm Extension,Oral Solution
nifedipine,41155141,Nifedipine 10 MG Oral Capsule [Corotrend] Box of 100,Branded Drug Box,RxNorm Extension,Oral Capsule
nifedipine,40825338,Nifedipine 20 MG Oral Capsule [Pidilat] Box of 100 by Mylan,Marketed Product,RxNorm Extension,Oral Capsule
nifedipine,41248580,Nifedipine 5 MG Oral Capsule [Nifedipin Al] Box of 100,Branded Drug Box,RxNorm Extension,Oral Capsule
nifedipine,41209874,Nifedipine 5 MG Oral Capsule Box of 400,Clinical Drug Box,RxNorm Extension,Oral Capsule
labetalol,35897864,labetalol 100 MG Oral Tablet by Accord,Marketed Product,RxNorm Extension,Oral Tablet
nifedipine,36066813,nifedipine 5 MG Oral Capsule Box of 84 by CST,Marketed Product,RxNorm Extension,Oral Capsule
nifedipine,41310627,Nifedipine 40 MG Oral Tablet [Duranifin] Box of 100,Branded Drug Box,RxNorm Extension,Oral Tablet
nifedipine,21103927,Nifedipine 5 MG Oral Capsule Box of 100,Clinical Drug Box,RxNorm Extension,Oral Capsule
labetalol,35145735,Labetalol Oral Tablet [Resporito],Branded Drug Form,RxNorm Extension,Oral Tablet
nifedipine,41321261,Nifedipine 10 MG Oral Tablet [Nifecor] Box of 50 by 3M,Marketed Product,RxNorm Extension,Oral Tablet
nifedipine,41310639,Nifedipine 10 MG Oral Tablet [Nifecor] Box of 20,Branded Drug Box,RxNorm Extension,Oral Tablet
nifedipine,41060888,Nifedipine 5 MG Oral Capsule [Nifedipin Verla] Box of 100,Branded Drug Box,RxNorm Extension,Oral Capsule
nifedipine,41115916,Nifedipine 50 MG Oral Tablet Box of 1000,Clinical Drug Box,RxNorm Extension,Oral Tablet
nifedipine,41384950,30 ML Nifedipine 20 MG/ML Oral Solution Box of 3,Quant Clinical Box,RxNorm Extension,Oral Solution
nifedipine,41155144,Nifedipine 20 MG/ML Oral Solution [Nife Wolff],Branded Drug,RxNorm Extension,Oral Solution
nifedipine,41386130,30 ML Nifedipine 20 MG/ML Oral Solution Box of 10,Quant Clinical Box,RxNorm Extension,Oral Solution
labetalol,21026835,Labetalol 100 MG Oral Tablet Box of 56 by Alliance,Marketed Product,RxNorm Extension,Oral Tablet
nifedipine,40823050,Nifedipine 20 MG Oral Tablet [Duranifin] Box of 98,Branded Drug Box,RxNorm Extension,Oral Tablet
nifedipine,41228095,Nifedipine 20 MG Oral Tablet [Corotrend] Box of 30 by Kytta Siegfried,Marketed Product,RxNorm Extension,Oral Tablet
nifedipine,41310673,Nifedipine 20 MG Oral Tablet [Nifsigma] Box of 30,Branded Drug Box,RxNorm Extension,Oral Tablet
nifedipine,41060882,Nifedipine 10 MG Oral Tablet [Nifedipin Stada],Branded Drug,RxNorm Extension,Oral Tablet
nifedipine,41029734,Nifedipine 10 MG Oral Tablet [Nife Basf] Box of 100,Branded Drug Box,RxNorm Extension,Oral Tablet
nifedipine,35768203,Nifedipine 30 MG Delayed Release Oral Tablet by A A H,Marketed Product,RxNorm Extension,Delayed Release Oral Tablet
nifedipine,43184627,Nifedipine 30 MG Delayed Release Oral Tablet [CHRONADALATE L] Box of 90,Branded Drug Box,RxNorm Extension,Delayed Release Oral Tablet
nifedipine,36883818,Nifedipine 30 MG Delayed Release Oral Tablet Box of 100,Clinical Drug Box,RxNorm Extension,Delayed Release Oral Tablet
nifedipine,21044951,Nifedipine 10 MG Oral Capsule Box of 84 by Boots,Marketed Product,RxNorm Extension,Oral Capsule
nifedipine,21035099,Nifedipine 10 MG Oral Capsule [Adalat] Box of 50 by DE,Marketed Product,RxNorm Extension,Oral Capsule
nifedipine,40967373,Nifedipine 20 MG Extended Release Oral Capsule [Nifedipin Heumann] Box of 100,Branded Drug Box,RxNorm Extension,Extended Release Oral Capsule
nifedipine,41155133,Nifedipine 10 MG Oral Capsule [Nifical],Branded Drug,RxNorm Extension,Oral Capsule
nifedipine,35884748,nifedipine Extended Release Oral Capsule [Coracten XL],Branded Drug Form,RxNorm Extension,Extended Release Oral Capsule
nifedipine,21113708,Nifedipine 10 MG Extended Release Oral Tablet by AM Distributions,Marketed Product,RxNorm Extension,Extended Release Oral Tablet
nifedipine,21074547,Nifedipine 20 MG Extended Release Oral Tablet Box of 28 by Colorama,Marketed Product,RxNorm Extension,Extended Release Oral Tablet
nifedipine,35146034,Nifedipine 10 MG Extended Release Oral Tablet [Ramitalate],Branded Drug,RxNorm Extension,Extended Release Oral Tablet
nifedipine,43162763,Nifedipine 30 MG Extended Release Oral Tablet [NIFEDIPINE RANBAXY] Box of 30 by Ranbaxy,Marketed Product,RxNorm Extension,Extended Release Oral Tablet
nifedipine,43151594,Nifedipine 30 MG Extended Release Oral Tablet [NIFEDIPINE MYLAN],Branded Drug,RxNorm Extension,Extended Release Oral Tablet
nifedipine,41321288,Nifedipine 20 MG Extended Release Oral Tablet [Nifedipin 1a Pharma] Box of 100 by 1 A,Marketed Product,RxNorm Extension,Extended Release Oral Tablet
nifedipine,43783257,Nifedipine 40 MG Extended Release Oral Tablet [Nifedipin Sandoz],Branded Drug,RxNorm Extension,Extended Release Oral Tablet
nifedipine,41209873,Nifedipine 5 MG Oral Capsule Box of 1000,Clinical Drug Box,RxNorm Extension,Oral Capsule
nifedipine,40977794,Nifedipine 10 MG Oral Capsule [Nife Klast] Box of 50 by Linden,Marketed Product,RxNorm Extension,Oral Capsule
nifedipine,21044945,Nifedipine 20 MG Extended Release Oral Tablet [Nifedipress MR] Box of 56 by TEVA,Marketed Product,RxNorm Extension,Extended Release Oral Tablet
nifedipine,36967426,nifedipine 5 MG Oral Capsule by DE,Marketed Product,RxNorm Extension,Oral Capsule
nifedipine,44062932,Nifedipine 10 MG Extended Release Oral Tablet by Schein,Marketed Product,RxNorm Extension,Extended Release Oral Tablet
nifedipine,40967331,Nifedipine 60 MG Extended Release Oral Tablet [Nifedipin Stada],Branded Drug,RxNorm Extension,Extended Release Oral Tablet
labetalol,21154522,Labetalol 1 MG/ML Oral Suspension,Clinical Drug,RxNorm Extension,Oral Suspension
nifedipine,41271692,Nifedipine 30 MG Extended Release Oral Tablet Box of 98,Clinical Drug Box,RxNorm Extension,Extended Release Oral Tablet
nifedipine,41134371,Nifedipine 20 MG Extended Release Oral Tablet [Nifedipin Verla] Box of 50 by Verla,Marketed Product,RxNorm Extension,Extended Release Oral Tablet
nifedipine,40936222,Nifedipine 30 MG Extended Release Oral Tablet [Nifehexal] Box of 50,Branded Drug Box,RxNorm Extension,Extended Release Oral Tablet
nifedipine,41165594,Nifedipine 40 MG Extended Release Oral Tablet [Duranifin] Box of 20 by Mylan,Marketed Product,RxNorm Extension,Extended Release Oral Tablet
nifedipine,41029749,Nifedipine 20 MG Extended Release Oral Tablet [Nife Basf] Box of 30,Branded Drug Box,RxNorm Extension,Extended Release Oral Tablet
nifedipine,40967383,Nifedipine 20 MG Extended Release Oral Tablet [Dignokonstant] Box of 100,Branded Drug Box,RxNorm Extension,Extended Release Oral Tablet
nifedipine,40967343,Nifedipine 10 MG Extended Release Oral Tablet [Nife Basf] Box of 100,Branded Drug Box,RxNorm Extension,Extended Release Oral Tablet
nifedipine,41268654,Nifedipine Oral Capsule [Duranifin],Branded Drug Form,RxNorm Extension,Oral Capsule
nifedipine,41248585,Nifedipine 5 MG Oral Capsule [Jutadilat] Box of 50,Branded Drug Box,RxNorm Extension,Oral Capsule
nifedipine,40904919,Nifedipine 10 MG Extended Release Oral Tablet [Nifelat] Box of 20,Branded Drug Box,RxNorm Extension,Extended Release Oral Tablet
nifedipine,41217534,Nifedipine 10 MG Oral Capsule [Nifeclair] Box of 50,Branded Drug Box,RxNorm Extension,Oral Capsule
nifedipine,41217530,Nifedipine 10 MG Oral Capsule [Nifedipin Al] Box of 50,Branded Drug Box,RxNorm Extension,Oral Capsule
nifedipine,21123319,Nifedipine 60 MG Extended Release Oral Tablet [Neozipine XL] Box of 28 by Kent,Marketed Product,RxNorm Extension,Extended Release Oral Tablet
nifedipine,21143128,Nifedipine 10 MG Extended Release Oral Tablet by J M McGill,Marketed Product,RxNorm Extension,Extended Release Oral Tablet
nifedipine,21162885,Nifedipine 30 MG Extended Release Oral Tablet by Colorama,Marketed Product,RxNorm Extension,Extended Release Oral Tablet
nifedipine,40897313,Nifedipine 10 MG Oral Capsule Box of 2000,Clinical Drug Box,RxNorm Extension,Oral Capsule
nifedipine,40853319,Nifedipine 20 MG Oral Capsule [Nife Isis] Box of 30 by Puren,Marketed Product,RxNorm Extension,Oral Capsule
nifedipine,41134386,Nifedipine 20 MG Oral Capsule [Pidilat] Box of 50 by Mylan,Marketed Product,RxNorm Extension,Oral Capsule
nifedipine,41102965,Nifedipine 5 MG Oral Capsule [Adalat] Box of 30 by Bayer,Marketed Product,RxNorm Extension,Oral Capsule
nifedipine,41071554,Nifedipine 5 MG Oral Capsule [Nifedipin Verla] Box of 20 by Verla,Marketed Product,RxNorm Extension,Oral Capsule
nifedipine,41310657,Nifedipine 5 MG Oral Capsule [Nife Puren] Box of 50,Branded Drug Box,RxNorm Extension,Oral Capsule
nifedipine,41310631,Nifedipine 60 MG Oral Tablet [Nifedipin Stada] Box of 100,Branded Drug Box,RxNorm Extension,Oral Tablet
nifedipine,41248564,Nifedipine 10 MG Oral Tablet [Corosten] Box of 100,Branded Drug Box,RxNorm Extension,Oral Tablet
nifedipine,21143144,Nifedipine 5 MG Oral Capsule Box of 84,Clinical Drug Box,RxNorm Extension,Oral Capsule
nifedipine,40842791,Nifedipine 10 MG Oral Capsule [Nifecor] Box of 30,Branded Drug Box,RxNorm Extension,Oral Capsule
nifedipine,41258844,Nifedipine 40 MG Oral Tablet [Nifehexal] Box of 100 by Novartis,Marketed Product,RxNorm Extension,Oral Tablet
nifedipine,41071537,Nifedipine 40 MG Oral Tablet [Nifedipat] Box of 100 by Azupharma,Marketed Product,RxNorm Extension,Oral Tablet
nifedipine,40915452,Nifedipine 60 MG Oral Tablet [Aprical] Box of 28 by Medice,Marketed Product,RxNorm Extension,Oral Tablet
nifedipine,40825650,Nifedipine 20 MG Oral Tablet [Nifecor] Box of 100 by 3M,Marketed Product,RxNorm Extension,Oral Tablet
nifedipine,41386510,30 ML Nifedipine 20 MG/ML Oral Solution [Aprical] Box of 1,Quant Branded Box,RxNorm Extension,Oral Solution
nifedipine,40904922,Nifedipine 10 MG Oral Tablet [Nifecor] Box of 50,Branded Drug Box,RxNorm Extension,Oral Tablet
nifedipine,41289968,Nifedipine 60 MG Oral Tablet [Aprical] Box of 98 by Medice,Marketed Product,RxNorm Extension,Oral Tablet
nifedipine,41279375,Nifedipine 20 MG Oral Tablet [Nifedipin Ksk],Branded Drug,RxNorm Extension,Oral Tablet
nifedipine,43593050,30 ML Nifedipine 20 MG/ML Oral Solution [Nife-Ct] by AbZ-Pharma,Marketed Product,RxNorm Extension,Oral Solution
nifedipine,43140586,Nifedipine 20 MG Oral Tablet [NIFEDIPINE MYLAN] Box of 180 by Mylan,Marketed Product,RxNorm Extension,Oral Tablet
nifedipine,40977827,Nifedipine 20 MG Oral Tablet Box of 100 by Novartis,Marketed Product,RxNorm Extension,Oral Tablet
nifedipine,40915483,Nifedipine 20 MG Oral Tablet [Nifehexal] Box of 100 by Novartis,Marketed Product,RxNorm Extension,Oral Tablet
labetalol,36257762,Labetalol 100 MG Oral Tablet [Trandate] Box of 75,Branded Drug Box,RxNorm Extension,Oral Tablet
labetalol,36969846,labetalol 400 MG Oral Tablet by Medihealth,Marketed Product,RxNorm Extension,Oral Tablet
nifedipine,40904941,Nifedipine 50 MG Oral Tablet [Corinfar] Box of 1000,Branded Drug Box,RxNorm Extension,Oral Tablet
labetalol,21144590,Labetalol 400 MG Oral Tablet [Trandate] Box of 250,Branded Drug Box,RxNorm Extension,Oral Tablet
nifedipine,40853286,Nifedipine 10 MG Oral Tablet [Nifedipin Basics] Box of 100 by Basics,Marketed Product,RxNorm Extension,Oral Tablet
nifedipine,41321280,Nifedipine 30 MG Oral Tablet [Nifedipin Basics] Box of 100 by Basics,Marketed Product,RxNorm Extension,Oral Tablet
nifedipine,40998725,Nifedipine 20 MG Oral Tablet [Nifedipin Pb] Box of 100,Branded Drug Box,RxNorm Extension,Oral Tablet
nifedipine,35743127,Nifedipine 30 MG Delayed Release Oral Tablet Box of 28 by AM Distributions,Marketed Product,RxNorm Extension,Delayed Release Oral Tablet
nifedipine,36890533,Nifedipine Delayed Release Oral Tablet,Clinical Drug Form,RxNorm Extension,Delayed Release Oral Tablet
labetalol,35767528,Labetalol 200 MG Delayed Release Oral Tablet by Mylan,Marketed Product,RxNorm Extension,Delayed Release Oral Tablet
nifedipine,35768202,Nifedipine 30 MG Delayed Release Oral Tablet Box of 28 by DE,Marketed Product,RxNorm Extension,Delayed Release Oral Tablet
nifedipine,35771161,Nifedipine 30 MG Delayed Release Oral Tablet [Valni] Box of 28,Branded Drug Box,RxNorm Extension,Delayed Release Oral Tablet
nifedipine,35751469,Nifedipine 30 MG Delayed Release Oral Tablet Box of 28 by Icarus,Marketed Product,RxNorm Extension,Delayed Release Oral Tablet
nifedipine,35770493,Nifedipine Extended Release Oral Capsule [Adalat],Branded Drug Form,RxNorm Extension,Extended Release Oral Capsule
nifedipine,35747317,Nifedipine 10 MG Extended Release Oral Capsule [Adalat] Box of 50 by Lexon,Marketed Product,RxNorm Extension,Extended Release Oral Capsule
nifedipine,35743122,Nifedipine 10 MG Extended Release Oral Capsule [Adalat] by Sigma-Tau,Marketed Product,RxNorm Extension,Extended Release Oral Capsule
nifedipine,41040268,Nifedipine 10 MG Oral Capsule [Nife Klast] Box of 30 by Linden,Marketed Product,RxNorm Extension,Oral Capsule
nifedipine,43765084,Nifedipine 30 MG Extended Release Oral Tablet [Nifedipin Basics],Branded Drug,RxNorm Extension,Extended Release Oral Tablet
nifedipine,43855337,Nifedipine 40 MG Extended Release Oral Tablet [Nifedipin Sandoz] by Hexal,Marketed Product,RxNorm Extension,Extended Release Oral Tablet
nifedipine,36929626,nifedipine 10 MG Extended Release Oral Capsule Box of 90 by DE,Marketed Product,RxNorm Extension,Extended Release Oral Capsule
nifedipine,21143117,Nifedipine 20 MG Extended Release Oral Tablet by Alliance,Marketed Product,RxNorm Extension,Extended Release Oral Tablet
nifedipine,40853296,Nifedipine 20 MG Extended Release Oral Capsule [Corotrend] Box of 30 by Kytta Siegfried,Marketed Product,RxNorm Extension,Extended Release Oral Capsule
nifedipine,40831760,Nifedipine Extended Release Oral Tablet [Pidilat],Branded Drug Form,RxNorm Extension,Extended Release Oral Tablet
nifedipine,41092491,Nifedipine 20 MG Extended Release Oral Capsule [Aprical] Box of 500,Branded Drug Box,RxNorm Extension,Extended Release Oral Capsule
nifedipine,21172597,Nifedipine 20 MG Extended Release Oral Capsule [Coracten SR] Box of 60,Branded Drug Box,RxNorm Extension,Extended Release Oral Capsule
nifedipine,44098887,Nifedipine 10 MG Oral Tablet [Apo-Nifed],Branded Drug,RxNorm Extension,Oral Tablet
nifedipine,41217543,Nifedipine 20 MG/ML Oral Solution [Nifreal] Box of 1,Branded Drug Box,RxNorm Extension,Oral Solution
nifedipine,40967327,Nifedipine 40 MG Extended Release Oral Tablet [Cordicant] Box of 30,Branded Drug Box,RxNorm Extension,Extended Release Oral Tablet
nifedipine,40884519,Nifedipine 5 MG Oral Capsule [Nife-Ct] Box of 30 by AbZ-Pharma,Marketed Product,RxNorm Extension,Oral Capsule
nifedipine,35130315,Nifedipine 20 MG Extended Release Oral Tablet by Zensei,Marketed Product,RxNorm Extension,Extended Release Oral Tablet
nifedipine,21123313,Nifedipine 10 MG Extended Release Oral Tablet [Tensipine MR] Box of 56 by Genus,Marketed Product,RxNorm Extension,Extended Release Oral Tablet
nifedipine,21057867,1 ML Nifedipine 12 MG/ML Oral Suspension,Quant Clinical Drug,RxNorm Extension,Oral Suspension
nifedipine,41321291,Nifedipine 20 MG Extended Release Oral Tablet [Nifecor] Box of 20 by 3M,Marketed Product,RxNorm Extension,Extended Release Oral Tablet
nifedipine,41279333,Nifedipine 10 MG Extended Release Oral Tablet [Nifelat] Box of 100,Branded Drug Box,RxNorm Extension,Extended Release Oral Tablet
nifedipine,41217573,Nifedipine 20 MG Extended Release Oral Tablet [Nifedipin 1a Pharma],Branded Drug,RxNorm Extension,Extended Release Oral Tablet
nifedipine,41102967,Nifedipine 30 MG Extended Release Oral Tablet [Nifehexal] Box of 100 by Novartis,Marketed Product,RxNorm Extension,Extended Release Oral Tablet
nifedipine,41217523,Nifedipine 10 MG Extended Release Oral Tablet [Corosten] Box of 50,Branded Drug Box,RxNorm Extension,Extended Release Oral Tablet
nifedipine,43261981,Nifedipine 20 MG Oral Tablet [Adalat] Box of 60,Branded Drug Box,RxNorm Extension,Oral Tablet
nifedipine,40946794,Nifedipine 40 MG Extended Release Oral Tablet [Nifedipin Stada] Box of 50 by Stada,Marketed Product,RxNorm Extension,Extended Release Oral Tablet
nifedipine,41237638,Nifedipine Oral Capsule [Nife Abz],Branded Drug Form,RxNorm Extension,Oral Capsule
nifedipine,21074548,Nifedipine 20 MG Extended Release Oral Tablet Box of 100,Clinical Drug Box,RxNorm Extension,Extended Release Oral Tablet
nifedipine,35831265,nifedipine 20 MG Extended Release Oral Tablet by Tsuruhara,Marketed Product,RxNorm Extension,Extended Release Oral Tablet
nifedipine,21113716,Nifedipine 30 MG Extended Release Oral Tablet Box of 28 by Colorama,Marketed Product,RxNorm Extension,Extended Release Oral Tablet
nifedipine,41310656,Nifedipine 5 MG Oral Capsule [Nifecor],Branded Drug,RxNorm Extension,Oral Capsule
nifedipine,40967345,Nifedipine 10 MG Oral Capsule [Nifehexal] Box of 400,Branded Drug Box,RxNorm Extension,Oral Capsule
nifedipine,41115914,Nifedipine 20 MG/ML Oral Solution Box of 20,Clinical Drug Box,RxNorm Extension,Oral Solution
nifedipine,40915472,Nifedipine 5 MG Oral Capsule Box of 100 by Sebapharma,Marketed Product,RxNorm Extension,Oral Capsule
nifedipine,40904970,Nifedipine 20 MG Oral Capsule [Nifehexal] Box of 400,Branded Drug Box,RxNorm Extension,Oral Capsule
nifedipine,41321251,Nifedipine 40 MG Oral Tablet [Nifedipin Stada] Box of 50 by Stada,Marketed Product,RxNorm Extension,Oral Tablet
nifedipine,41178445,Nifedipine 30 MG Oral Tablet Box of 28,Clinical Drug Box,RxNorm Extension,Oral Tablet
nifedipine,41060901,Nifedipine 50 MG Oral Tablet [Corinfar] Box of 30,Branded Drug Box,RxNorm Extension,Oral Tablet
nifedipine,40874019,Nifedipine 0.667 MG/ML Oral Solution [Nifehexal] Box of 1,Branded Drug Box,RxNorm Extension,Oral Solution
nifedipine,40842813,Nifedipine 30 MG Oral Tablet [Nifehexal] Box of 100,Branded Drug Box,RxNorm Extension,Oral Tablet
nifedipine,40842780,Nifedipine 60 MG Oral Tablet [Aprical] Box of 28,Branded Drug Box,RxNorm Extension,Oral Tablet
nifedipine,40998704,Nifedipine 10 MG Oral Tablet [Dignokonstant] Box of 100,Branded Drug Box,RxNorm Extension,Oral Tablet
labetalol,40727624,Labetalol 50 MG Oral Tablet [Trandate] by RPH,Marketed Product,RxNorm Extension,Oral Tablet
nifedipine,41415635,100 ML Nifedipine 0.2 MG/ML Oral Solution Box of 1,Quant Clinical Box,RxNorm Extension,Oral Solution
nifedipine,40897319,Nifedipine 50 MG Oral Tablet Box of 100,Clinical Drug Box,RxNorm Extension,Oral Tablet
labetalol,21028536,1 ML Labetalol 0.3 MG/ML Oral Solution,Quant Clinical Drug,RxNorm Extension,Oral Solution
nifedipine,40904953,Nifedipine 20 MG Oral Tablet [Nifecor] Box of 30,Branded Drug Box,RxNorm Extension,Oral Tablet
nifedipine,41289997,Nifedipine 20 MG Oral Tablet [Nifsigma] Box of 50 by Sigma-Tau,Marketed Product,RxNorm Extension,Oral Tablet
nifedipine,41102931,Nifedipine 40 MG Oral Tablet [Nifedipat] Box of 50 by Azupharma,Marketed Product,RxNorm Extension,Oral Tablet
nifedipine,41310647,Nifedipine 10 MG Oral Tablet [Nifehexal] Box of 30,Branded Drug Box,RxNorm Extension,Oral Tablet
labetalol,40727608,Labetalol 200 MG Oral Tablet [Trandate] by RPH,Marketed Product,RxNorm Extension,Oral Tablet
nifedipine,41310626,Nifedipine 40 MG Oral Tablet [Duranifin] Box of 500,Branded Drug Box,RxNorm Extension,Oral Tablet
labetalol,36783896,Labetalol 100 MG Delayed Release Oral Tablet,Clinical Drug,RxNorm Extension,Delayed Release Oral Tablet
nifedipine,21064645,Nifedipine 5 MG Oral Capsule Box of 84 by Boots,Marketed Product,RxNorm Extension,Oral Capsule
nifedipine,21093970,Nifedipine 10 MG Extended Release Oral Tablet [Angiopine MR] Box of 56 by Ashbourne,Marketed Product,RxNorm Extension,Extended Release Oral Tablet
nifedipine,41155131,Nifedipine 10 MG Extended Release Oral Tablet [Dignokonstant] Box of 20,Branded Drug Box,RxNorm Extension,Extended Release Oral Tablet
nifedipine,40873993,Nifedipine 10 MG Extended Release Oral Tablet [Tp Mpa] Box of 50,Branded Drug Box,RxNorm Extension,Extended Release Oral Tablet
nifedipine,21143138,Nifedipine 60 MG Extended Release Oral Tablet [Adanif XL] by Focus,Marketed Product,RxNorm Extension,Extended Release Oral Tablet
nifedipine,21035088,Nifedipine 20 MG Extended Release Oral Tablet [Nifopress MR],Branded Drug,RxNorm Extension,Extended Release Oral Tablet
nifedipine,44073033,Nifedipine 10 MG Oral Capsule [Taro-Nifedipine],Branded Drug,RxNorm Extension,Oral Capsule
nifedipine,41387208,30 ML Nifedipine 0.667 MG/ML Oral Solution [Pidilat] Box of 1 by Mylan,Marketed Product,RxNorm Extension,Oral Solution
nifedipine,35755686,Nifedipine 10 MG Extended Release Oral Capsule [Adalat] by Lexon,Marketed Product,RxNorm Extension,Extended Release Oral Capsule
nifedipine,35132632,Nifedipine Extended Release Oral Capsule [Sepamit],Branded Drug Form,RxNorm Extension,Extended Release Oral Capsule
nifedipine,36966605,nifedipine 10 MG Extended Release Oral Capsule [Adalat] Box of 50 by Sigma,Marketed Product,RxNorm Extension,Extended Release Oral Capsule
nifedipine,41248557,Nifedipine 60 MG Extended Release Oral Tablet [Nife-Ct] Box of 50,Branded Drug Box,RxNorm Extension,Extended Release Oral Tablet
nifedipine,41228051,Nifedipine 40 MG Extended Release Oral Tablet [Nifecor] Box of 20 by 3M,Marketed Product,RxNorm Extension,Extended Release Oral Tablet
nifedipine,41009154,Nifedipine 10 MG Extended Release Oral Tablet Box of 30 by Dexcel-Pharma,Marketed Product,RxNorm Extension,Extended Release Oral Tablet
nifedipine,43801096,Nifedipine 10 MG Oral Capsule [Nifedipin Al] by Aliud,Marketed Product,RxNorm Extension,Oral Capsule
nifedipine,35764007,Nifedipine 10 MG Extended Release Oral Capsule [Adalat] Box of 50 by Sigma-Tau,Marketed Product,RxNorm Extension,Extended Release Oral Capsule
nifedipine,43729183,Nifedipine 20 MG Extended Release Oral Tablet [Nifedipin Acis] by Acis,Marketed Product,RxNorm Extension,Extended Release Oral Tablet
nifedipine,41134388,Nifedipine 20 MG Oral Capsule [Nife Isis] Box of 100 by Puren,Marketed Product,RxNorm Extension,Oral Capsule
nifedipine,41092449,Nifedipine 40 MG Extended Release Oral Tablet [Corinfar] Box of 100,Branded Drug Box,RxNorm Extension,Extended Release Oral Tablet
nifedipine,40936237,Nifedipine 20 MG Extended Release Oral Tablet [Nifehexal] Box of 400,Branded Drug Box,RxNorm Extension,Extended Release Oral Tablet
nifedipine,40915461,Nifedipine 10 MG Oral Capsule [Adalat] Box of 30 by Emra-Med,Marketed Product,RxNorm Extension,Oral Capsule
nifedipine,35160791,Nifedipine 10 MG Extended Release Oral Tablet by Tsuruhara Seiyaku,Marketed Product,RxNorm Extension,Extended Release Oral Tablet
nifedipine,21064619,Nifedipine 20 MG Extended Release Oral Tablet by Mawdsley-Brooks,Marketed Product,RxNorm Extension,Extended Release Oral Tablet
nifedipine,41092458,Nifedipine 10 MG Extended Release Oral Tablet [Duranifin] Box of 20,Branded Drug Box,RxNorm Extension,Extended Release Oral Tablet
nifedipine,41388663,30 ML Nifedipine 20 MG/ML Oral Solution Box of 2,Quant Clinical Box,RxNorm Extension,Oral Solution
nifedipine,41123711,Nifedipine 20 MG Extended Release Oral Tablet [Jutadilat] Box of 30,Branded Drug Box,RxNorm Extension,Extended Release Oral Tablet
nifedipine,40884491,Nifedipine 40 MG Extended Release Oral Tablet [Nifedipat] Box of 20 by Azupharma,Marketed Product,RxNorm Extension,Extended Release Oral Tablet
nifedipine,40946836,Nifedipine 20 MG Extended Release Oral Tablet [Nifedipin 1a Pharma] Box of 50 by 1 A,Marketed Product,RxNorm Extension,Extended Release Oral Tablet
nifedipine,41321302,Nifedipine 20 MG Oral Capsule [Nifedipin Stada] Box of 100 by Stada,Marketed Product,RxNorm Extension,Oral Capsule
nifedipine,41102964,Nifedipine 5 MG Oral Capsule [Corotrend] Box of 30 by Kytta Siegfried,Marketed Product,RxNorm Extension,Oral Capsule
nifedipine,21103902,Nifedipine Extended Release Oral Tablet [Tensipine MR],Branded Drug Form,RxNorm Extension,Extended Release Oral Tablet
nifedipine,41009174,Nifedipine 20 MG Extended Release Oral Tablet [Nife Basf] Box of 50 by Novartis,Marketed Product,RxNorm Extension,Extended Release Oral Tablet
nifedipine,41321267,Nifedipine 10 MG Oral Capsule [Nifeclair] Box of 100 by Hennig,Marketed Product,RxNorm Extension,Oral Capsule
nifedipine,41310652,Nifedipine 5 MG Oral Capsule [Pidilat],Branded Drug,RxNorm Extension,Oral Capsule
nifedipine,41186229,Nifedipine 20 MG/ML Oral Solution [Corinfar] Box of 1,Branded Drug Box,RxNorm Extension,Oral Solution
nifedipine,40904936,Nifedipine 5 MG Oral Capsule [Nifedipin Stada] Box of 20,Branded Drug Box,RxNorm Extension,Oral Capsule
nifedipine,40842789,Nifedipine 10 MG Oral Capsule [Nifehexal] Box of 20,Branded Drug Box,RxNorm Extension,Oral Capsule
nifedipine,40936210,Nifedipine 5 MG Oral Capsule [Corotrend] Box of 100,Branded Drug Box,RxNorm Extension,Oral Capsule
nifedipine,21103916,Nifedipine 10 MG Oral Capsule [Adalat] Box of 90 by DE,Marketed Product,RxNorm Extension,Oral Capsule
nifedipine,41228055,Nifedipine 60 MG Oral Tablet [Nifedipin Stada] Box of 30 by Stada,Marketed Product,RxNorm Extension,Oral Tablet
nifedipine,41134348,Nifedipine 10 MG Oral Tablet Box of 50 by Novartis,Marketed Product,RxNorm Extension,Oral Tablet
nifedipine,41060868,Nifedipine 10 MG Oral Tablet [Adalat] Box of 2000,Branded Drug Box,RxNorm Extension,Oral Tablet
nifedipine,41385967,30 ML Nifedipine 0.667 MG/ML Oral Solution [Nifehexal] Box of 1,Quant Branded Box,RxNorm Extension,Oral Solution
labetalol,40727611,Labetalol 100 MG Oral Tablet [Trandate] Box of 250 by RPH,Marketed Product,RxNorm Extension,Oral Tablet
nifedipine,40842797,Nifedipine 10 MG Oral Tablet [Nife Basf],Branded Drug,RxNorm Extension,Oral Tablet
labetalol,36926076,labetalol 200 MG Oral Tablet [Trandate],Branded Drug,RxNorm Extension,Oral Tablet
nifedipine,40998678,Nifedipine 60 MG Oral Tablet [Nifehexal],Branded Drug,RxNorm Extension,Oral Tablet
nifedipine,40874037,Nifedipine 20 MG Oral Tablet [Nife Isis],Branded Drug,RxNorm Extension,Oral Tablet
labetalol,44127874,Labetalol 200 MG Oral Tablet [Apo-Labetalol] by Apotex,Marketed Product,RxNorm Extension,Oral Tablet
nifedipine,43162767,Nifedipine 20 MG Oral Tablet [Adalate] Box of 30 by Bayer,Marketed Product,RxNorm Extension,Oral Tablet
nifedipine,41217515,Nifedipine 10 MG Oral Tablet [Tp Mpa] Box of 100,Branded Drug Box,RxNorm Extension,Oral Tablet
nifedipine,41217504,Nifedipine 40 MG Oral Tablet [Nifedipat] Box of 20,Branded Drug Box,RxNorm Extension,Oral Tablet
nifedipine,41123656,Nifedipine 60 MG Oral Tablet [Nifedipin Stada] Box of 30,Branded Drug Box,RxNorm Extension,Oral Tablet
labetalol,1386957,labetalol,Ingredient,RxNorm,
nifedipine,1318853,nifedipine,Ingredient,RxNorm,
